{
  "data": [
    {
      "id": 1,
      "value": [1]
    },
    {
      "id": 2,
      "value": [1]
    },
    {
      "id": 3,
      "value": [6, 7]
    },
    {
      "id": 4,
      "value": [1, 8]
    },
    {
      "id": 5,
      "value": [1, 5]
    },
    {
      "id": 6,
      "value": [7]
    },
    {
      "id": 7,
      "value": [2, 3, 6]
    },
    {
      "id": 8,
      "value": [1, 8]
    },
    {
      "id": 9,
      "value": [1, 6]
    },
    {
      "id": 10,
      "value": [7]
    },
    {
      "id": 11,
      "value": [2]
    },
    {
      "id": 12,
      "value": [2]
    },
    {
      "id": 13,
      "value": [4, 6]
    },
    {
      "id": 14,
      "value": [5]
    },
    {
      "id": 15,
      "value": [5]
    },
    {
      "id": 16,
      "value": [2, 7]
    },
    {
      "id": 17,
      "value": [3, 5]
    },
    {
      "id": 18,
      "value": [1, 5]
    },
    {
      "id": 19,
      "value": [2, 4]
    },
    {
      "id": 20,
      "value": [1, 4]
    },
    {
      "id": 21,
      "value": [1, 8]
    },
    {
      "id": 22,
      "value": [6, 8]
    },
    {
      "id": 23,
      "value": [4]
    },
    {
      "id": 24,
      "value": [3]
    },
    {
      "id": 25,
      "value": [3]
    },
    {
      "id": 26,
      "value": [2, 4]
    },
    {
      "id": 27,
      "value": [3]
    },
    {
      "id": 28,
      "value": [1, 4]
    },
    {
      "id": 29,
      "value": [3, 5]
    },
    {
      "id": 30,
      "value": [3, 4]
    }
  ]
}
