{
  "data": [
    {
      "id": 111,
      "value": 250
    },
    {
      "id": 112,
      "value": 290
    },
    {
      "id": 113,
      "value": 320
    },
    {
      "id": 114,
      "value": 290
    },
    {
      "id": 115,
      "value": 300
    },
    {
      "id": 116,
      "value": 450
    },
    {
      "id": 117,
      "value": 550
    },
    {
      "id": 121,
      "value": 910
    },
    {
      "id": 122,
      "value": 740
    },
    {
      "id": 123,
      "value": 890
    },
    {
      "id": 124,
      "value": 1080
    },
    {
      "id": 125,
      "value": 880
    },
    {
      "id": 126,
      "value": 830
    },
    {
      "id": 127,
      "value": 1100
    },
    {
      "id": 128,
      "value": 1900
    },
    {
      "id": 129,
      "value": 2100
    },
    {
      "id": 1210,
      "value": 2090
    },
    {
      "id": 1211,
      "value": 2050
    },
    {
      "id": 1212,
      "value": 1860
    },
    {
      "id": 1213,
      "value": 2120
    },
    {
      "id": 131,
      "value": 2160
    },
    {
      "id": 132,
      "value": 1800
    },
    {
      "id": 133,
      "value": 2140
    },
    {
      "id": 134,
      "value": 2100
    },
    {
      "id": 135,
      "value": 1840
    },
    {
      "id": 136,
      "value": 1950
    },
    {
      "id": 137,
      "value": 2090
    },
    {
      "id": 138,
      "value": 2950
    },
    {
      "id": 139,
      "value": 2050
    },
    {
      "id": 1310,
      "value": 3400
    },
    {
      "id": 1311,
      "value": 3300
    },
    {
      "id": 1312,
      "value": 3370
    },
    {
      "id": 1313,
      "value": 2140
    },
    {
      "id": 1314,
      "value": 2130
    },
    {
      "id": 211,
      "value": 300
    },
    {
      "id": 212,
      "value": 220
    },
    {
      "id": 213,
      "value": 120
    },
    {
      "id": 214,
      "value": 400
    },
    {
      "id": 215,
      "value": 540
    },
    {
      "id": 221,
      "value": 820
    },
    {
      "id": 222,
      "value": 1240
    },
    {
      "id": 223,
      "value": 730
    },
    {
      "id": 224,
      "value": 890
    },
    {
      "id": 225,
      "value": 720
    },
    {
      "id": 226,
      "value": 900
    },
    {
      "id": 227,
      "value": 970
    },
    {
      "id": 228,
      "value": 1990
    },
    {
      "id": 229,
      "value": 1950
    },
    {
      "id": 2210,
      "value": 2120
    },
    {
      "id": 2211,
      "value": 2070
    },
    {
      "id": 2212,
      "value": 2050
    },
    {
      "id": 231,
      "value": 1800
    },
    {
      "id": 232,
      "value": 2110
    },
    {
      "id": 233,
      "value": 2300
    },
    {
      "id": 234,
      "value": 2100
    },
    {
      "id": 235,
      "value": 2040
    },
    {
      "id": 236,
      "value": 2120
    },
    {
      "id": 237,
      "value": 2090
    },
    {
      "id": 238,
      "value": 2160
    },
    {
      "id": 239,
      "value": 2990
    },
    {
      "id": 2310,
      "value": 2090
    },
    {
      "id": 2311,
      "value": 2100
    },
    {
      "id": 2312,
      "value": 3240
    },
    {
      "id": 311,
      "value": 300
    },
    {
      "id": 312,
      "value": 220
    },
    {
      "id": 313,
      "value": 220
    },
    {
      "id": 314,
      "value": 140
    },
    {
      "id": 321,
      "value": 900
    },
    {
      "id": 322,
      "value": 800
    },
    {
      "id": 323,
      "value": 1020
    },
    {
      "id": 324,
      "value": 900
    },
    {
      "id": 325,
      "value": 730
    },
    {
      "id": 326,
      "value": 710
    },
    {
      "id": 327,
      "value": 710
    },
    {
      "id": 3212,
      "value": 950
    },
    {
      "id": 328,
      "value": 1950
    },
    {
      "id": 329,
      "value": 2100
    },
    {
      "id": 3210,
      "value": 2100
    },
    {
      "id": 3211,
      "value": 1250
    },
    {
      "id": 331,
      "value": 1800
    },
    {
      "id": 332,
      "value": 2070
    },
    {
      "id": 333,
      "value": 2180
    },
    {
      "id": 334,
      "value": 2100
    },
    {
      "id": 335,
      "value": 2080
    },
    {
      "id": 336,
      "value": 2100
    },
    {
      "id": 337,
      "value": 2100
    },
    {
      "id": 338,
      "value": 1950
    },
    {
      "id": 339,
      "value": 2110
    },
    {
      "id": 3310,
      "value": 2100
    },
    {
      "id": 3311,
      "value": 3350
    },
    {
      "id": 3312,
      "value": 3350
    },
    {
      "id": 411,
      "value": 250
    },
    {
      "id": 421,
      "value": 710
    },
    {
      "id": 422,
      "value": 710
    },
    {
      "id": 423,
      "value": 710
    },
    {
      "id": 424,
      "value": 710
    },
    {
      "id": 425,
      "value": 710
    },
    {
      "id": 426,
      "value": 710
    },
    {
      "id": 511,
      "value": 250
    },
    {
      "id": 512,
      "value": 250
    },
    {
      "id": 521,
      "value": 750
    },
    {
      "id": 522,
      "value": 750
    },
    {
      "id": 523,
      "value": 750
    },
    {
      "id": 524,
      "value": 750
    },
    {
      "id": 531,
      "value": 2160
    },
    {
      "id": 532,
      "value": 2160
    },
    {
      "id": 533,
      "value": 2160
    },
    {
      "id": 534,
      "value": 2160
    },
    {
      "id": 611,
      "value": 300
    },
    {
      "id": 621,
      "value": 900
    },
    {
      "id": 622,
      "value": 900
    },
    {
      "id": 631,
      "value": 1900
    },
    {
      "id": 632,
      "value": 1900
    },
    {
      "id": 633,
      "value": 1900
    },
    {
      "id": 634,
      "value": 1900
    },
    {
      "id": 635,
      "value": 1900
    },
    {
      "id": 636,
      "value": 1900
    },
    {
      "id": 637,
      "value": 1900
    },
    {
      "id": 638,
      "value": 1900
    }
  ]
}
