{
  "data": [
    {
      "id": 111,
      "name": "铁剑",
      "to": [
        { "id": 121, "name": "风暴巨剑" },
        { "id": 124, "name": "陨星" },
        { "id": 126, "name": "血魂刃" },
        { "id": 129, "name": "碎星锤" },
        {
          "id": 1212,
          "name": "制裁之刃"
        },
        { "id": 1213, "name": "纯净苍穹" }
      ]
    },
    {
      "id": 112,
      "name": "匕首",
      "to": [
        { "id": 123, "name": "狂暴双刃" },
        { "id": 125, "name": "速击之枪" },
        { "id": 127, "name": "穿云弓" }
      ]
    },
    {
      "id": 113,
      "name": "搏击拳套",
      "to": [{ "id": 123, "name": "狂暴双刃" }]
    },
    {
      "id": 114,
      "name": "吸血之镰",
      "to": [{ "id": 126, "name": "血魂刃" }]
    },
    {
      "id": 115,
      "name": "迅捷长矛",
      "to": [
        {
          "id": 122,
          "name": "日冕"
        },
        {
          "id": 124,
          "name": "陨星"
        },
        {
          "id": 128,
          "name": "名刀·司命"
        }
      ]
    },
    {
      "id": 116,
      "name": "雷鸣刃",
      "to": [
        {
          "id": 127,
          "name": "穿云弓"
        },
        {
          "id": 128,
          "name": "名刀·司命"
        },
        {
          "id": 1212,
          "name": "制裁之刃"
        }
      ]
    },
    {
      "id": 121,
      "name": "风暴巨剑",
      "need": [{ "id": 111, "name": "铁剑" }],
      "to": [
        { "id": 133, "name": "无尽战刃" },
        { "id": 138, "name": "破军" },
        { "id": 1312, "name": "天穹" },
        { "id": 1313, "name": "铸梦·逐风" },
        { "id": 1314, "name": "铸梦·破空" }
      ]
    },
    {
      "id": 122,
      "name": "日冕",
      "need": [
        {
          "id": 115,
          "name": "迅捷长矛"
        }
      ],
      "to": [
        {
          "id": 137,
          "name": "暗影战斧"
        }
      ]
    },
    {
      "id": 123,
      "name": "狂暴双刃",
      "need": [
        { "id": 112, "name": "匕首" },
        { "id": 113, "name": "搏击拳套" }
      ],
      "to": [{ "id": 136, "name": "影刃" }]
    },
    {
      "id": 124,
      "name": "陨星",
      "need": [
        { "id": 111, "name": "铁剑" },
        { "id": 115, "name": "迅捷长矛" }
      ],
      "to": [{ "id": 137, "name": "暗影战斧" }]
    },
    {
      "id": 125,
      "name": "速击之枪",
      "need": [
        {
          "id": 112,
          "name": "匕首"
        }
      ],
      "to": [
        { "id": 131, "name": "末世" },
        { "id": 135, "name": "闪电匕首" },
        { "id": 136, "name": "影刃" },
        { "id": 139, "name": "逐日之弓" },
        { "id": 1310, "name": "破晓" }
      ]
    },
    {
      "id": 126,
      "name": "血魂刃",
      "need": [
        { "id": 111, "name": "铁剑" },
        { "id": 114, "name": "吸血之镰" }
      ],
      "to": [{ "id": 132, "name": "泣血之刃" }]
    },
    {
      "id": 127,
      "name": "穿云弓",
      "need": [
        {
          "id": 116,
          "name": "雷鸣刃"
        },
        {
          "id": 112,
          "name": "匕首"
        }
      ],
      "to": [
        {
          "id": 1310,
          "name": "破晓"
        }
      ]
    },
    {
      "id": 128,
      "name": "名刀·司命",
      "need": [
        {
          "id": 115,
          "name": "迅捷长矛"
        }
      ]
    },
    {
      "id": 129,
      "name": "碎星锤",
      "need": [
        { "id": 111, "name": "铁剑" },
        { "id": 115, "name": "迅捷长矛" }
      ]
    },
    {
      "id": 1210,
      "name": "破魔刀",
      "need": [{ "id": 111, "name": "铁剑" }]
    },
    {
      "id": 1211,
      "name": "寒霜袭侵",
      "need": [
        {
          "id": 112,
          "name": "匕首"
        }
      ]
    },
    {
      "id": 1212,
      "name": "制裁之刃",
      "need": [
        { "id": 111, "name": "铁剑" },
        {
          "id": 116,
          "name": "雷鸣刃"
        },
        {
          "id": 114,
          "name": "吸血之镰"
        }
      ]
    },
    {
      "id": 1213,
      "name": "纯净苍穹",
      "need": [
        { "id": 111, "name": "铁剑" },
        { "id": 115, "name": "迅捷长矛" }
      ],
      "to": [{ "id": 1312, "name": "天穹" }]
    },
    {
      "id": 131,
      "name": "末世",
      "need": [
        {
          "id": 125,
          "name": "速击之枪"
        }
      ]
    },
    {
      "id": 132,
      "name": "泣血之刃",
      "need": [
        {
          "id": 126,
          "name": "血魂刃"
        }
      ]
    },
    {
      "id": 133,
      "name": "无尽战刃",
      "need": [{ "id": 121, "name": "风暴巨剑" }]
    },
    {
      "id": 135,
      "name": "闪电匕首",
      "need": [
        {
          "id": 125,
          "name": "速击之枪"
        }
      ]
    },
    {
      "id": 136,
      "name": "影刃",
      "need": [
        {
          "id": 123,
          "name": "狂暴双刃"
        },
        {
          "id": 125,
          "name": "速击之枪"
        }
      ]
    },
    {
      "id": 137,
      "name": "暗影战斧",
      "need": [
        {
          "id": 122,
          "name": "日冕"
        },
        {
          "id": 124,
          "name": "陨星"
        }
      ]
    },
    {
      "id": 138,
      "name": "破军",
      "need": [
        {
          "id": 121,
          "name": "风暴巨剑"
        }
      ]
    },
    {
      "id": 139,
      "name": "逐日之弓",
      "need": [
        {
          "id": 125,
          "name": "速击之枪"
        }
      ]
    },
    {
      "id": 1310,
      "name": "破晓",
      "need": [
        {
          "id": 125,
          "name": "速击之枪"
        },
        {
          "id": 127,
          "name": "穿云弓"
        }
      ]
    },
    {
      "id": 1312,
      "name": "天穹",
      "need": [
        {
          "id": 1213,
          "name": "纯净苍穹"
        }
      ]
    },
    {
      "id": 1313,
      "name": "铸梦·逐风",
      "need": [
        {
          "id": 121,
          "name": "风暴巨剑"
        }
      ]
    },
    {
      "id": 1314,
      "name": "铸梦·破空",
      "need": [
        {
          "id": 121,
          "name": "风暴巨剑"
        }
      ]
    },

    {
      "id": 211,
      "name": "咒术典籍",
      "to": [
        {
          "id": 221,
          "name": "大棒"
        },
        {
          "id": 222,
          "name": "血族之书"
        },
        {
          "id": 224,
          "name": "魔道之石"
        },
        {
          "id": 227,
          "name": "云灵木"
        },
        {
          "id": 228,
          "name": "辉月"
        },
        {
          "id": 229,
          "name": "炽热支配者"
        },
        {
          "id": 2210,
          "name": "日暮之流"
        },
        {
          "id": 2212,
          "name": "梦魇之牙"
        }
      ]
    },
    {
      "id": 212,
      "name": "蓝宝石",
      "to": [
        {
          "id": 223,
          "name": "光辉之剑"
        },
        {
          "id": 225,
          "name": "进化水晶"
        },
        {
          "id": 229,
          "name": "炽热支配者"
        }
      ]
    },
    {
      "id": 213,
      "name": "炼金护符",
      "to": [
        {
          "id": 226,
          "name": "破碎圣杯"
        },
        {
          "id": 229,
          "name": "炽热支配者"
        }
      ]
    },
    {
      "id": 214,
      "name": "圣者法典",
      "to": [
        {
          "id": 222,
          "name": "血族之书"
        },
        {
          "id": 226,
          "name": "破碎圣杯"
        },
        {
          "id": 228,
          "name": "辉月"
        },
        {
          "id": 2210,
          "name": "日暮之流"
        },
        {
          "id": 2212,
          "name": "梦魇之牙"
        }
      ]
    },
    {
      "id": 215,
      "name": "元素杖",
      "to": [
        {
          "id": 2211,
          "name": "金色圣剑"
        }
      ]
    },
    {
      "id": 221,
      "name": "大棒",
      "need": [
        {
          "id": 211,
          "name": "咒术典籍"
        }
      ],
      "to": [
        {
          "id": 233,
          "name": "博学者之怒"
        },
        {
          "id": 236,
          "name": "巫术法杖"
        },
        {
          "id": 237,
          "name": "时之预言"
        },
        {
          "id": 238,
          "name": "破茧之衣"
        },
        {
          "id": 239,
          "name": "贤者之书"
        },
        {
          "id": 2311,
          "name": "凝冰之息"
        },
        {
          "id": 2312,
          "name": "月神"
        }
      ]
    },
    {
      "id": 222,
      "name": "血族之书",
      "need": [
        {
          "id": 211,
          "name": "咒术典籍"
        },
        {
          "id": 214,
          "name": "圣者法典"
        }
      ],
      "to": [
        {
          "id": 2310,
          "name": "噬神之书"
        }
      ]
    },
    {
      "id": 223,
      "name": "光辉之剑",
      "need": [
        {
          "id": 212,
          "name": "蓝宝石"
        }
      ],
      "to": [
        {
          "id": 236,
          "name": "巫术法杖"
        }
      ]
    },
    {
      "id": 224,
      "name": "魔道之石",
      "need": [
        {
          "id": 211,
          "name": "咒术典籍"
        }
      ],
      "to": [
        {
          "id": 234,
          "name": "回响之杖"
        },
        {
          "id": 235,
          "name": "痛苦面具"
        }
      ]
    },
    {
      "id": 225,
      "name": "进化水晶",
      "need": [
        {
          "id": 212,
          "name": "蓝宝石"
        }
      ],
      "to": [
        {
          "id": 237,
          "name": "时之预言"
        }
      ]
    },
    {
      "id": 226,
      "name": "破碎圣杯",
      "need": [
        {
          "id": 213,
          "name": "炼金护符"
        },
        {
          "id": 214,
          "name": "圣者法典"
        }
      ],
      "to": [
        {
          "id": 231,
          "name": "圣杯"
        }
      ]
    },
    {
      "id": 227,
      "name": "云灵木",
      "need": [
        {
          "id": 211,
          "name": "咒术典籍"
        }
      ],
      "to": [
        {
          "id": 232,
          "name": "虚无法杖"
        }
      ]
    },
    {
      "id": 228,
      "name": "辉月",
      "need": [
        {
          "id": 211,
          "name": "咒术典籍"
        },
        {
          "id": 214,
          "name": "圣者法典"
        }
      ],
      "to": [
        {
          "id": 2312,
          "name": "月神"
        }
      ]
    },
    {
      "id": 229,
      "name": "炽热支配者",
      "need": [
        {
          "id": 211,
          "name": "咒术典籍"
        },
        {
          "id": 212,
          "name": "蓝宝石"
        },
        {
          "id": 213,
          "name": "炼金护符"
        }
      ]
    },
    {
      "id": 2210,
      "name": "日暮之流",
      "need": [
        {
          "id": 211,
          "name": "咒术典籍"
        },
        {
          "id": 214,
          "name": "圣者法典"
        }
      ]
    },
    {
      "id": 2211,
      "name": "金色圣剑",
      "need": [
        {
          "id": 215,
          "name": "元素杖"
        }
      ]
    },
    {
      "id": 2212,
      "name": "梦魇之牙",
      "need": [
        {
          "id": 211,
          "name": "咒术典籍"
        },
        {
          "id": 214,
          "name": "圣者法典"
        }
      ]
    },
    {
      "id": 231,
      "name": "圣杯",
      "need": [
        {
          "id": 226,
          "name": "破碎圣杯"
        }
      ]
    },
    {
      "id": 232,
      "name": "虚无法杖",
      "need": [
        {
          "id": 227,
          "name": "云灵木"
        }
      ]
    },
    {
      "id": 233,
      "name": "博学者之怒",
      "need": [
        {
          "id": 221,
          "name": "大棒"
        }
      ]
    },
    {
      "id": 234,
      "name": "回响之杖",
      "need": [
        {
          "id": 224,
          "name": "魔道之石"
        }
      ]
    },
    {
      "id": 235,
      "name": "痛苦面具",
      "need": [
        {
          "id": 224,
          "name": "魔道之石"
        }
      ]
    },
    {
      "id": 236,
      "name": "巫术法杖",
      "need": [
        {
          "id": 221,
          "name": "大棒"
        },
        {
          "id": 223,
          "name": "光辉之剑"
        }
      ]
    },
    {
      "id": 237,
      "name": "时之预言",
      "need": [
        {
          "id": 221,
          "name": "大棒"
        },
        {
          "id": 225,
          "name": "进化水晶"
        }
      ]
    },
    {
      "id": 238,
      "name": "破茧之衣",
      "need": [
        {
          "id": 221,
          "name": "大棒"
        }
      ]
    },
    {
      "id": 239,
      "name": "贤者之书",
      "need": [
        {
          "id": 221,
          "name": "大棒"
        }
      ]
    },
    {
      "id": 2310,
      "name": "噬神之书",
      "need": [
        {
          "id": 222,
          "name": "血族之书"
        }
      ]
    },
    {
      "id": 2311,
      "name": "凝冰之息",
      "need": [
        {
          "id": 221,
          "name": "大棒"
        }
      ]
    },
    {
      "id": 2312,
      "name": "月神",
      "need": [
        {
          "id": 228,
          "name": "辉月"
        }
      ]
    },

    {
      "id": 311,
      "name": "红玛瑙",
      "to": [
        {
          "id": 321,
          "name": "力量腰带"
        },
        {
          "id": 322,
          "name": "熔炼之心"
        },
        {
          "id": 323,
          "name": "神隐斗篷"
        }
      ]
    },
    {
      "id": 312,
      "name": "布甲",
      "to": [
        {
          "id": 324,
          "name": "雪山圆盾"
        },
        {
          "id": 325,
          "name": "守护者之铠"
        },
        {
          "id": 326,
          "name": "荆棘护手"
        },
        {
          "id": 328,
          "name": "反伤刺甲"
        },
        {
          "id": 3210,
          "name": "冰霜冲击"
        }
      ]
    },
    {
      "id": 313,
      "name": "抗魔披风",
      "to": [
        {
          "id": 323,
          "name": "神隐斗篷"
        },
        {
          "id": 327,
          "name": "暗夜小甲"
        }
      ]
    },
    {
      "id": 314,
      "name": "提神水晶"
    },

    {
      "id": 321,
      "name": "力量腰带",
      "need": [
        {
          "id": 311,
          "name": "红玛瑙"
        }
      ],
      "to": [
        {
          "id": 332,
          "name": "霸者重装"
        },
        {
          "id": 333,
          "name": "不祥征兆"
        },
        {
          "id": 339,
          "name": "永夜守护"
        },
        {
          "id": 3311,
          "name": "怒魂"
        },
        {
          "id": 3312,
          "name": "凛冬"
        }
      ]
    },
    {
      "id": 322,
      "name": "熔炼之心",
      "need": [
        {
          "id": 311,
          "name": "红玛瑙"
        }
      ],
      "to": [
        {
          "id": 331,
          "name": "红莲斗篷"
        }
      ]
    },
    {
      "id": 323,
      "name": "神隐斗篷",
      "need": [
        {
          "id": 311,
          "name": "红玛瑙"
        },
        {
          "id": 313,
          "name": "抗魔披风"
        }
      ],
      "to": [
        {
          "id": 334,
          "name": "不死鸟之眼"
        },
        {
          "id": 335,
          "name": "魔女斗篷"
        }
      ]
    },
    {
      "id": 324,
      "name": "雪山圆盾",
      "need": [
        {
          "id": 312,
          "name": "布甲"
        }
      ],
      "to": [
        {
          "id": 336,
          "type": "防御",
          "level": 3,
          "name": "极寒风暴"
        }
      ]
    },
    {
      "id": 325,
      "name": "守护者之铠",
      "need": [
        {
          "id": 312,
          "name": "布甲"
        }
      ],
      "to": [
        {
          "id": 333,
          "name": "不祥征兆"
        },
        {
          "id": 336,
          "name": "极寒风暴"
        }
      ]
    },
    {
      "id": 326,
      "name": "荆棘护手",
      "need": [
        {
          "id": 312,
          "name": "布甲"
        }
      ],
      "to": [
        {
          "id": 338,
          "name": "暴烈之甲"
        },
        {
          "id": 3310,
          "name": "冰痕之握"
        }
      ]
    },
    {
      "id": 327,
      "name": "暗夜小甲",
      "need": [
        {
          "id": 313,
          "name": "抗魔披风"
        }
      ],
      "to": [
        {
          "id": 339,
          "name": "永夜守护"
        }
      ]
    },
    {
      "id": 328,
      "name": "反伤刺甲",
      "need": [
        {
          "id": 312,
          "name": "布甲"
        }
      ]
    },
    {
      "id": 329,
      "name": "血魔之怒",
      "need": [
        {
          "id": 311,
          "name": "红玛瑙"
        }
      ],
      "to": [
        {
          "id": 3311,
          "name": "怒魂"
        }
      ]
    },
    {
      "id": 3210,
      "name": "冰霜冲击",
      "need": [
        {
          "id": 311,
          "name": "红玛瑙"
        },
        {
          "id": 312,
          "name": "布甲"
        }
      ],
      "to": [
        {
          "id": 3312,
          "name": "凛冬"
        }
      ]
    },
    {
      "id": 3211,
      "name": "原初遗珠",
      "to": [
        {
          "id": 3311,
          "name": "怒魂"
        },
        {
          "id": 3312,
          "name": "凛冬"
        }
      ]
    },

    {
      "id": 331,
      "name": "红莲斗篷",
      "need": [
        {
          "id": 322,
          "name": "熔炼之心"
        }
      ]
    },
    {
      "id": 332,
      "name": "霸者重装",
      "need": [
        {
          "id": 321,
          "name": "力量腰带"
        }
      ]
    },
    {
      "id": 333,
      "name": "不祥征兆",
      "need": [
        {
          "id": 321,
          "name": "力量腰带"
        },
        {
          "id": 325,
          "name": "守护者之铠"
        }
      ]
    },
    {
      "id": 334,
      "name": "不死鸟之眼",
      "need": [
        {
          "id": 323,
          "name": "神隐斗篷"
        }
      ]
    },
    {
      "id": 335,
      "name": "魔女斗篷",
      "need": [
        {
          "id": 323,
          "name": "神隐斗篷"
        }
      ]
    },
    {
      "id": 336,
      "name": "极寒风暴",
      "need": [
        {
          "id": 324,
          "name": "雪山圆盾"
        },
        {
          "id": 325,
          "name": "守护者之铠"
        }
      ]
    },
    {
      "id": 338,
      "name": "暴烈之甲",
      "need": [
        {
          "id": 326,
          "name": "荆棘护手"
        }
      ]
    },
    {
      "id": 339,
      "name": "永夜守护",
      "need": [
        {
          "id": 321,
          "name": "力量腰带"
        },
        {
          "id": 327,
          "name": "暗夜小甲"
        }
      ]
    },
    {
      "id": 3310,
      "name": "冰痕之握",
      "need": [
        {
          "id": 326,
          "name": "荆棘护手"
        }
      ]
    },
    {
      "id": 3311,
      "name": "怒魂",
      "need": [
        {
          "id": 329,
          "name": "血魔之怒"
        },
        {
          "id": 3211,
          "name": "原初遗珠"
        }
      ]
    },
    {
      "id": 3312,
      "name": "凛冬",
      "need": [
        {
          "id": 3210,
          "name": "冰霜冲击"
        },
        {
          "id": 3211,
          "name": "原初遗珠"
        }
      ]
    },
    {
      "id": 411,
      "name": "神速之靴",
      "to": [
        {
          "id": 421,
          "name": "影忍之足"
        },
        {
          "id": 422,
          "name": "抵抗之靴"
        },
        {
          "id": 423,
          "name": "冷静之靴"
        },
        {
          "id": 424,
          "name": "秘法之靴"
        },
        {
          "id": 425,
          "name": "急速战靴"
        },
        {
          "id": 426,
          "name": "疾步之靴"
        }
      ]
    },
    {
      "id": 421,
      "name": "影忍之足",
      "need": [
        {
          "id": 411,
          "name": "神速之靴"
        }
      ]
    },
    {
      "id": 422,
      "name": "抵抗之靴",
      "need": [
        {
          "id": 411,
          "name": "神速之靴"
        }
      ]
    },
    {
      "id": 423,
      "name": "冷静之靴",
      "need": [
        {
          "id": 411,
          "name": "神速之靴"
        }
      ]
    },
    {
      "id": 424,
      "name": "秘法之靴",
      "need": [
        {
          "id": 411,
          "name": "神速之靴"
        }
      ]
    },
    {
      "id": 425,
      "name": "急速战靴",
      "need": [
        {
          "id": 411,
          "name": "神速之靴"
        }
      ]
    },
    {
      "id": 426,
      "name": "疾步之靴",
      "need": [
        {
          "id": 411,
          "name": "神速之靴"
        }
      ]
    },
    {
      "id": 511,
      "name": "狩猎宽刃",
      "to": [
        {
          "id": 521,
          "name": "游击弯刀"
        },
        {
          "id": 522,
          "name": "追击刀锋"
        }
      ]
    },
    {
      "id": 512,
      "name": "弃鳞短刃",
      "to": [
        {
          "id": 523,
          "name": "巡守利斧"
        },
        {
          "id": 524,
          "name": "龙鳞利剑"
        }
      ]
    },
    {
      "id": 521,
      "name": "游击弯刀",
      "need": [
        {
          "id": 511,
          "name": "狩猎宽刃"
        }
      ],
      "to": [
        {
          "id": 531,
          "name": "符文大剑"
        }
      ]
    },
    {
      "id": 522,
      "name": "追击刀锋",
      "need": [
        {
          "id": 511,
          "name": "狩猎宽刃"
        }
      ],
      "to": [
        {
          "id": 532,
          "name": "贪婪之噬"
        }
      ]
    },
    {
      "id": 523,
      "name": "巡守利斧",
      "need": [
        {
          "id": 512,
          "name": "弃鳞短刃"
        }
      ],
      "to": [
        {
          "id": 533,
          "name": "巨人之握"
        }
      ]
    },
    {
      "id": 524,
      "name": "龙鳞利剑",
      "need": [
        {
          "id": 512,
          "name": "弃鳞短刃"
        }
      ],
      "to": [
        {
          "id": 534,
          "name": "浴火之怒"
        }
      ]
    },
    {
      "id": 531,
      "name": "符文大剑",
      "need": [
        {
          "id": 521,
          "name": "游击弯刀"
        }
      ]
    },
    {
      "id": 532,
      "name": "贪婪之噬",
      "need": [
        {
          "id": 522,
          "name": "追击刀锋"
        }
      ]
    },
    {
      "id": 533,
      "name": "巨人之握",
      "need": [
        {
          "id": 523,
          "name": "巡守利斧"
        }
      ]
    },
    {
      "id": 534,
      "name": "浴火之怒",
      "need": [
        {
          "id": 524,
          "name": "龙鳞利剑"
        }
      ]
    },
    {
      "id": 611,
      "name": "学识宝石",
      "to": [
        {
          "id": 621,
          "name": "近卫"
        },
        {
          "id": 622,
          "name": "极影"
        }
      ]
    },
    {
      "id": 621,
      "name": "近卫",
      "need": [
        {
          "id": 611,
          "name": "学识宝石"
        }
      ],
      "to": [
        {
          "id": 631,
          "name": "近卫·救赎"
        },
        {
          "id": 632,
          "name": "近卫·星泉"
        },
        {
          "id": 633,
          "name": "近卫·奔狼"
        },
        {
          "id": 634,
          "name": "近卫·形昭"
        }
      ]
    },
    {
      "id": 622,
      "name": "极影",
      "need": [
        {
          "id": 611,
          "name": "学识宝石"
        }
      ],
      "to": [
        {
          "id": 635,
          "name": "极影·救赎"
        },
        {
          "id": 636,
          "name": "极影·星泉"
        },
        {
          "id": 637,
          "name": "极影·奔狼"
        },
        {
          "id": 638,
          "name": "极影·形昭"
        }
      ]
    },
    {
      "id": 631,
      "name": "近卫·救赎",
      "need": [
        {
          "id": 621,
          "name": "近卫"
        }
      ]
    },
    {
      "id": 632,
      "name": "近卫·星泉",
      "need": [
        {
          "id": 621,
          "name": "近卫"
        }
      ]
    },
    {
      "id": 633,
      "name": "近卫·奔狼",
      "need": [
        {
          "id": 621,
          "name": "近卫"
        }
      ]
    },
    {
      "id": 634,
      "name": "近卫·形昭",
      "need": [
        {
          "id": 621,
          "name": "近卫"
        }
      ]
    },
    {
      "id": 635,
      "name": "极影·救赎",
      "need": [
        {
          "id": 622,
          "name": "极影"
        }
      ]
    },
    {
      "id": 636,
      "name": "极影·星泉",
      "need": [
        {
          "id": 622,
          "name": "极影"
        }
      ]
    },
    {
      "id": 637,
      "name": "极影·奔狼",
      "need": [
        {
          "id": 622,
          "name": "极影"
        }
      ]
    },
    {
      "id": 638,
      "name": "极影·形昭",
      "need": [
        {
          "id": 622,
          "name": "极影"
        }
      ]
    }
  ]
}
