{
  "data": [
    {
      "id": 111,
      "value": 1
    },
    {
      "id": 112,
      "value": 1
    },
    {
      "id": 113,
      "value": 1
    },
    {
      "id": 114,
      "value": 1
    },
    {
      "id": 115,
      "value": 1
    },
    {
      "id": 116,
      "value": 1
    },
    {
      "id": 117,
      "value": 1
    },
    {
      "id": 121,
      "value": 2
    },
    {
      "id": 122,
      "value": 2
    },
    {
      "id": 123,
      "value": 2
    },
    {
      "id": 124,
      "value": 2
    },
    {
      "id": 125,
      "value": 2
    },
    {
      "id": 126,
      "value": 2
    },
    {
      "id": 127,
      "value": 2
    },
    {
      "id": 128,
      "value": 2
    },
    {
      "id": 129,
      "value": 2
    },
    {
      "id": 1210,
      "value": 2
    },
    {
      "id": 1211,
      "value": 2
    },
    {
      "id": 1212,
      "value": 2
    },
    {
      "id": 1213,
      "value": 2
    },
    {
      "id": 131,
      "value": 3
    },
    {
      "id": 132,
      "value": 3
    },
    {
      "id": 133,
      "value": 3
    },
    {
      "id": 134,
      "value": 3
    },
    {
      "id": 135,
      "value": 3
    },
    {
      "id": 136,
      "value": 3
    },
    {
      "id": 137,
      "value": 3
    },
    {
      "id": 138,
      "value": 3
    },
    {
      "id": 139,
      "value": 3
    },
    {
      "id": 1310,
      "value": 3
    },
    {
      "id": 1311,
      "value": 3
    },
    {
      "id": 1312,
      "value": 3
    },
    {
      "id": 1313,
      "value": 3
    },
    {
      "id": 1314,
      "value": 3
    },
    {
      "id": 211,
      "value": 1
    },
    {
      "id": 212,
      "value": 1
    },
    {
      "id": 213,
      "value": 1
    },
    {
      "id": 214,
      "value": 1
    },
    {
      "id": 215,
      "value": 1
    },
    {
      "id": 221,
      "value": 2
    },
    {
      "id": 222,
      "value": 2
    },
    {
      "id": 223,
      "value": 2
    },
    {
      "id": 224,
      "value": 2
    },
    {
      "id": 225,
      "value": 2
    },
    {
      "id": 226,
      "value": 2
    },
    {
      "id": 227,
      "value": 2
    },
    {
      "id": 228,
      "value": 2
    },
    {
      "id": 229,
      "value": 2
    },
    {
      "id": 2210,
      "value": 2
    },
    {
      "id": 2211,
      "value": 2
    },
    {
      "id": 2212,
      "value": 2
    },
    {
      "id": 231,
      "value": 3
    },
    {
      "id": 232,
      "value": 3
    },
    {
      "id": 233,
      "value": 3
    },
    {
      "id": 234,
      "value": 3
    },
    {
      "id": 235,
      "value": 3
    },
    {
      "id": 236,
      "value": 3
    },
    {
      "id": 237,
      "value": 3
    },
    {
      "id": 238,
      "value": 3
    },
    {
      "id": 239,
      "value": 3
    },
    {
      "id": 2310,
      "value": 3
    },
    {
      "id": 2311,
      "value": 3
    },
    {
      "id": 2312,
      "value": 3
    },
    {
      "id": 311,
      "value": 1
    },
    {
      "id": 312,
      "value": 1
    },
    {
      "id": 313,
      "value": 1
    },
    {
      "id": 314,
      "value": 1
    },
    {
      "id": 321,
      "value": 2
    },
    {
      "id": 322,
      "value": 2
    },
    {
      "id": 323,
      "value": 2
    },
    {
      "id": 324,
      "value": 2
    },
    {
      "id": 325,
      "value": 2
    },
    {
      "id": 326,
      "value": 2
    },
    {
      "id": 327,
      "value": 2
    },
    {
      "id": 3212,
      "value": 2
    },
    {
      "id": 328,
      "value": 2
    },
    {
      "id": 329,
      "value": 2
    },
    {
      "id": 3210,
      "value": 2
    },
    {
      "id": 3211,
      "value": 2
    },
    {
      "id": 331,
      "value": 3
    },
    {
      "id": 332,
      "value": 3
    },
    {
      "id": 333,
      "value": 3
    },
    {
      "id": 334,
      "value": 3
    },
    {
      "id": 335,
      "value": 3
    },
    {
      "id": 336,
      "value": 3
    },
    {
      "id": 337,
      "value": 3
    },
    {
      "id": 338,
      "value": 3
    },
    {
      "id": 339,
      "value": 3
    },
    {
      "id": 3310,
      "value": 3
    },
    {
      "id": 3311,
      "value": 3
    },
    {
      "id": 3312,
      "value": 3
    },
    {
      "id": 411,
      "value": 1
    },
    {
      "id": 421,
      "value": 2
    },
    {
      "id": 422,
      "value": 2
    },
    {
      "id": 423,
      "value": 2
    },
    {
      "id": 424,
      "value": 2
    },
    {
      "id": 425,
      "value": 2
    },
    {
      "id": 426,
      "value": 2
    },
    {
      "id": 511,
      "value": 1
    },
    {
      "id": 512,
      "value": 1
    },
    {
      "id": 521,
      "value": 2
    },
    {
      "id": 522,
      "value": 2
    },
    {
      "id": 523,
      "value": 2
    },
    {
      "id": 524,
      "value": 2
    },
    {
      "id": 531,
      "value": 3
    },
    {
      "id": 532,
      "value": 3
    },
    {
      "id": 533,
      "value": 3
    },
    {
      "id": 534,
      "value": 3
    },
    {
      "id": 611,
      "value": 1
    },
    {
      "id": 621,
      "value": 2
    },
    {
      "id": 622,
      "value": 2
    },
    {
      "id": 631,
      "value": 3
    },
    {
      "id": 632,
      "value": 3
    },
    {
      "id": 633,
      "value": 3
    },
    {
      "id": 634,
      "value": 3
    },
    {
      "id": 635,
      "value": 3
    },
    {
      "id": 636,
      "value": 3
    },
    {
      "id": 637,
      "value": 3
    },
    {
      "id": 638,
      "value": 3
    }
  ]
}
