{
  "data": [
    {
      "id": 111,
      "value": ""
    },
    {
      "id": 112,
      "value": ""
    },
    {
      "id": 113,
      "value": ""
    },
    {
      "id": 114,
      "value": ""
    },
    {
      "id": 115,
      "value": ""
    },
    {
      "id": 116,
      "value": ""
    },
    {
      "id": 117,
      "value": ""
    },
    {
      "id": 121,
      "value": ""
    },
    {
      "id": 122,
      "value": ""
    },
    {
      "id": 123,
      "value": ""
    },
    {
      "id": 124,
      "value": ""
    },
    {
      "id": 125,
      "value": ""
    },
    {
      "id": 126,
      "value": ""
    },
    {
      "id": 127,
      "value": ""
    },
    {
      "id": 128,
      "value": ""
    },
    {
      "id": 129,
      "value": ""
    },
    {
      "id": 1210,
      "value": ""
    },
    {
      "id": 1211,
      "value": ""
    },
    {
      "id": 1212,
      "value": ""
    },
    {
      "id": 1213,
      "value": ""
    },
    {
      "id": 131,
      "value": ""
    },
    {
      "id": 132,
      "value": ""
    },
    {
      "id": 133,
      "value": ""
    },
    {
      "id": 134,
      "value": ""
    },
    {
      "id": 135,
      "value": ""
    },
    {
      "id": 136,
      "value": ""
    },
    {
      "id": 137,
      "value": ""
    },
    {
      "id": 138,
      "value": ""
    },
    {
      "id": 139,
      "value": ""
    },
    {
      "id": 1310,
      "value": ""
    },
    {
      "id": 1311,
      "value": ""
    },
    {
      "id": 1312,
      "value": "那一刻，徘徊而没落的王,在暗与光的彷徨中做出最终的抉择"
    },
    {
      "id": 1313,
      "value": "无伤害的技能命中敌人也可获得逐风效果"
    },
    {
      "id": 1314,
      "value": ""
    },
    {
      "id": 211,
      "value": ""
    },
    {
      "id": 212,
      "value": ""
    },
    {
      "id": 213,
      "value": ""
    },
    {
      "id": 214,
      "value": ""
    },
    {
      "id": 215,
      "value": ""
    },
    {
      "id": 221,
      "value": ""
    },
    {
      "id": 222,
      "value": ""
    },
    {
      "id": 223,
      "value": ""
    },
    {
      "id": 224,
      "value": ""
    },
    {
      "id": 225,
      "value": ""
    },
    {
      "id": 226,
      "value": ""
    },
    {
      "id": 227,
      "value": ""
    },
    {
      "id": 228,
      "value": ""
    },
    {
      "id": 229,
      "value": ""
    },
    {
      "id": 2210,
      "value": "误入云梦泽的旅人取其大河沼泽之水制成，据说有人从水纹中看到一只鹿和一只鸟的倒影"
    },
    {
      "id": 2211,
      "value": "日落圣殿的神剑再放光芒，人们开始盛传一个古老的预言：那位密林深处的神女将再度归来"
    },
    {
      "id": 2212,
      "value": ""
    },
    {
      "id": 231,
      "value": ""
    },
    {
      "id": 232,
      "value": ""
    },
    {
      "id": 233,
      "value": ""
    },
    {
      "id": 234,
      "value": ""
    },
    {
      "id": 235,
      "value": ""
    },
    {
      "id": 236,
      "value": ""
    },
    {
      "id": 237,
      "value": ""
    },
    {
      "id": 238,
      "value": ""
    },
    {
      "id": 239,
      "value": ""
    },
    {
      "id": 2310,
      "value": ""
    },
    {
      "id": 2311,
      "value": ""
    },
    {
      "id": 2312,
      "value": "那一刻，剑寒如星的月光之女，将唯一的暖意封锁在兄长早已失去的名字中"
    },
    {
      "id": 311,
      "value": ""
    },
    {
      "id": 312,
      "value": ""
    },
    {
      "id": 313,
      "value": ""
    },
    {
      "id": 314,
      "value": ""
    },
    {
      "id": 321,
      "value": ""
    },
    {
      "id": 322,
      "value": ""
    },
    {
      "id": 323,
      "value": ""
    },
    {
      "id": 324,
      "value": ""
    },
    {
      "id": 325,
      "value": ""
    },
    {
      "id": 326,
      "value": ""
    },
    {
      "id": 327,
      "value": ""
    },
    {
      "id": 3212,
      "value": ""
    },
    {
      "id": 328,
      "value": ""
    },
    {
      "id": 329,
      "value": "血族名将设计打造的狂战士装备，可吸取使用者的生命来转化成强大的力量"
    },
    {
      "id": 3210,
      "value": "上古战斗机甲的外壳，被海都的机工家族改良成人类可使用的防具"
    },
    {
      "id": 3211,
      "value": "重生之力与原初之息的生命共鸣催生了原初遗珠。如果将其从坍塌的庇护之甲中拾起放在耳边，能听到万物之源的低语"
    },
    {
      "id": 331,
      "value": ""
    },
    {
      "id": 332,
      "value": ""
    },
    {
      "id": 333,
      "value": ""
    },
    {
      "id": 334,
      "value": ""
    },
    {
      "id": 335,
      "value": ""
    },
    {
      "id": 336,
      "value": ""
    },
    {
      "id": 337,
      "value": "当锻造的别离侵蚀了剑冢，当藤萝缠绕上弩箭下的冰凉身躯，云梦泽最古老的呢喃中，是谁想要复活死去的爱人"
    },
    {
      "id": 338,
      "value": ""
    },
    {
      "id": 339,
      "value": "峡谷的永夜中，那些永远冲在最前方的勇士，是谁最终记起了那个月光下的少女，和自己曾经丢失的名字"
    },
    {
      "id": 3310,
      "value": ""
    },
    {
      "id": 3311,
      "value": ""
    },
    {
      "id": 3312,
      "value": "那一刻，离开故土的公主，在凛冬之地得见傲雪之梅"
    },
    {
      "id": 411,
      "value": ""
    },
    {
      "id": 421,
      "value": ""
    },
    {
      "id": 422,
      "value": ""
    },
    {
      "id": 423,
      "value": ""
    },
    {
      "id": 424,
      "value": ""
    },
    {
      "id": 425,
      "value": ""
    },
    {
      "id": 426,
      "value": ""
    },
    {
      "id": 511,
      "value": ""
    },
    {
      "id": 512,
      "value": ""
    },
    {
      "id": 521,
      "value": ""
    },
    {
      "id": 522,
      "value": ""
    },
    {
      "id": 523,
      "value": ""
    },
    {
      "id": 524,
      "value": "据闻峡谷异变之时，身披云狐的老者将嵌入龙王鳞片的短刃改造为利剑，赠与和其力量匹配的峡谷守护者"
    },
    {
      "id": 531,
      "value": ""
    },
    {
      "id": 532,
      "value": ""
    },
    {
      "id": 533,
      "value": ""
    },
    {
      "id": 534,
      "value": "那位身披云狐的老者将龙鳞利刃置于烈焰中千锤百炼，使它浴火而生"
    },
    {
      "id": 611,
      "value": ""
    },
    {
      "id": 621,
      "value": ""
    },
    {
      "id": 622,
      "value": ""
    },
    {
      "id": 631,
      "value": ""
    },
    {
      "id": 632,
      "value": ""
    },
    {
      "id": 633,
      "value": ""
    },
    {
      "id": 634,
      "value": ""
    },
    {
      "id": 635,
      "value": ""
    },
    {
      "id": 636,
      "value": ""
    },
    {
      "id": 637,
      "value": ""
    },
    {
      "id": 638,
      "value": ""
    }
  ]
}
