{
  "data": [
    {
      "id": 107,
      "value": "/heros/zhaoyun_tx_0.jpg"
    },
    {
      "id": 109,
      "value": "/heros/daji_tx_0.jpg"
    },
    {
      "id": 115,
      "value": "/heros/gaojianli_tx_0.jpg"
    },
    {
      "id": 120,
      "value": "/heros/baiqi_tx_0.jpg"
    },
    {
      "id": 136,
      "value": "/heros/wuzetian_tx_0.jpg"
    },
    {
      "id": 146,
      "value": "/heros/luna_tx_0.jpg"
    },
    {
      "id": 105,
      "value": "/heros/lianpo_tx_0.jpg"
    },
    {
      "id": 110,
      "value": "/heros/yingzheng_tx_0.jpg"
    },
    {
      "id": 116,
      "value": "/heros/ake_tx_0.jpg"
    },
    {
      "id": 127,
      "value": "/heros/zhenji_tx_0.jpg"
    },
    {
      "id": 139,
      "value": "/heros/laofuzi_tx_0.jpg"
    },
    {
      "id": 148,
      "value": "/heros/jiangziya_tx_0.jpg"
    },
    {
      "id": 106,
      "value": "/heros/xiaoqiao_tx_0.jpg"
    },
    {
      "id": 112,
      "value": "/heros/lubanqihao_tx_0.jpg"
    },
    {
      "id": 117,
      "value": "/heros/zhongwuyan_tx_0.jpg"
    },
    {
      "id": 133,
      "value": "/heros/direnjie_tx_0.jpg"
    },
    {
      "id": 156,
      "value": "/heros/zhangliang_tx_0.jpg"
    },
    {
      "id": 108,
      "value": "/heros/mozi_tx_0.jpg"
    },
    {
      "id": 113,
      "value": "/heros/zhuangzhou_tx_0.jpg"
    },
    {
      "id": 118,
      "value": "/heros/sunbin_tx_0.jpg"
    },
    {
      "id": 129,
      "value": "/heros/dianwei_tx_0.jpg"
    },
    {
      "id": 134,
      "value": "/heros/damo_tx_0.jpg"
    },
    {
      "id": 150,
      "value": "/heros/hanxin_tx_0.jpg"
    },
    {
      "id": 166,
      "value": "/heros/yase_tx_0.jpg"
    },
    {
      "id": 111,
      "value": "/heros/sunshangxiang_tx_0.jpg"
    },
    {
      "id": 114,
      "value": "/heros/liushan_tx_0.jpg"
    },
    {
      "id": 119,
      "value": "/heros/bianque_tx_0.jpg"
    },
    {
      "id": 130,
      "value": "/heros/gongbenwuzang_tx_0.jpg"
    },
    {
      "id": 135,
      "value": "/heros/xiangyu_tx_0.jpg"
    },
    {
      "id": 144,
      "value": "/heros/chengyaojin_tx_0.jpg"
    },
    {
      "id": 152,
      "value": "/heros/wangzhaojun_tx_0.jpg"
    },
    {
      "id": 142,
      "value": "/heros/anqila_tx_0.jpg"
    },
    {
      "id": 128,
      "value": "/heros/caocao_tx_0.jpg"
    },
    {
      "id": 124,
      "value": "/heros/zhouyu_tx_0.jpg"
    },
    {
      "id": 168,
      "value": "/heros/niumo_tx_0.jpg"
    },
    {
      "id": 167,
      "value": "/heros/sunwukong_tx_0.jpg"
    },
    {
      "id": 121,
      "value": "/heros/miyue_tx_0.jpg"
    },
    {
      "id": 141,
      "value": "/heros/diaochan_tx_0.jpg"
    },
    {
      "id": 123,
      "value": "/heros/lvbu_tx_0.jpg"
    },
    {
      "id": 154,
      "value": "/heros/huamulan_tx_0.jpg"
    },
    {
      "id": 169,
      "value": "/heros/houyi_tx_0.jpg"
    },
    {
      "id": 171,
      "value": "/heros/zhangfei_tx_0.jpg"
    },
    {
      "id": 170,
      "value": "/heros/liubei_tx_0.jpg"
    },
    {
      "id": 153,
      "value": "/heros/lanlingwang_tx_0.jpg"
    },
    {
      "id": 162,
      "value": "/heros/nakelulu_tx_0.jpg"
    },
    {
      "id": 131,
      "value": "/heros/libai_tx_0.jpg"
    },
    {
      "id": 175,
      "value": "/heros/zhongkui_tx_0.jpg"
    },
    {
      "id": 173,
      "value": "/heros/liyuanfang_tx_0.jpg"
    },
    {
      "id": 149,
      "value": "/heros/liubang_tx_0.jpg"
    },
    {
      "id": 157,
      "value": "/heros/buzhihuowu_tx_0.jpg"
    },
    {
      "id": 174,
      "value": "/heros/yuji_tx_0.jpg"
    },
    {
      "id": 140,
      "value": "/heros/guanyu_tx_0.jpg"
    },
    {
      "id": 184,
      "value": "/heros/caiwenji_tx_0.jpg"
    },
    {
      "id": 126,
      "value": "/heros/xiahoudun_tx_0.jpg"
    },
    {
      "id": 183,
      "value": "/heros/yadianna_tx_0.jpg"
    },
    {
      "id": 132,
      "value": "/heros/makeboluo_tx_0.jpg"
    },
    {
      "id": 163,
      "value": "/heros/juyoujing_tx_0.jpg"
    },
    {
      "id": 177,
      "value": "/heros/chengjisihan_tx_0.jpg"
    },
    {
      "id": 178,
      "value": "/heros/yangjian_tx_0.jpg"
    },
    {
      "id": 186,
      "value": "/heros/taiyizhenren_tx_0.jpg"
    },
    {
      "id": 180,
      "value": "/heros/nezha_tx_0.jpg"
    },
    {
      "id": 190,
      "value": "/heros/zhugeliang_tx_0.jpg"
    },
    {
      "id": 192,
      "value": "/heros/huangzhong_tx_0.jpg"
    },
    {
      "id": 191,
      "value": "/heros/daqiao_tx_0.jpg"
    },
    {
      "id": 187,
      "value": "/heros/donghuangtaiyi_tx_0.jpg"
    },
    {
      "id": 182,
      "value": "/heros/ganjiangmoye_tx_0.jpg"
    },
    {
      "id": 189,
      "value": "/heros/guiguzi_tx_0.jpg"
    },
    {
      "id": 193,
      "value": "/heros/kai_tx_0.jpg"
    },
    {
      "id": 196,
      "value": "/heros/bailishouyue_tx_0.jpg"
    },
    {
      "id": 195,
      "value": "/heros/bailixuance_tx_0.jpg"
    },
    {
      "id": 194,
      "value": "/heros/sulie_tx_0.jpg"
    },
    {
      "id": 198,
      "value": "/heros/mengqi_tx_0.jpg"
    },
    {
      "id": 179,
      "value": "/heros/nvwa_tx_0.jpg"
    },
    {
      "id": 501,
      "value": "/heros/mingshiyin_tx_0.jpg"
    },
    {
      "id": 199,
      "value": "/heros/gongsunli_tx_0.jpg"
    },
    {
      "id": 176,
      "value": "/heros/yangyuhuan_tx_0.jpg"
    },
    {
      "id": 502,
      "value": "/heros/peiqinhu_tx_0.jpg"
    },
    {
      "id": 197,
      "value": "/heros/yixing_tx_0.jpg"
    },
    {
      "id": 503,
      "value": "/heros/kuangtie_tx_0.jpg"
    },
    {
      "id": 504,
      "value": "/heros/milaidi_tx_0.jpg"
    },
    {
      "id": 125,
      "value": "/heros/yuange_tx_0.jpg"
    },
    {
      "id": 510,
      "value": "/heros/sunce_tx_0.jpg"
    },
    {
      "id": 137,
      "value": "/heros/simayi_tx_0.jpg"
    },
    {
      "id": 509,
      "value": "/heros/dunshan_tx_0.jpg"
    },
    {
      "id": 508,
      "value": "/heros/jialuo_tx_0.jpg"
    },
    {
      "id": 312,
      "value": "/heros/shenmengxi_tx_0.jpg"
    },
    {
      "id": 507,
      "value": "/heros/lixin_tx_0.jpg"
    },
    {
      "id": 513,
      "value": "/heros/shangguanwaner_tx_0.jpg"
    },
    {
      "id": 515,
      "value": "/heros/change_tx_0.jpg"
    },
    {
      "id": 511,
      "value": "/heros/zhubajie_tx_0.jpg"
    },
    {
      "id": 529,
      "value": "/heros/pangu_tx_0.jpg"
    },
    {
      "id": 505,
      "value": "/heros/yao1_tx_0.jpg"
    },
    {
      "id": 506,
      "value": "/heros/yunzhongjun_tx_0.jpg"
    },
    {
      "id": 522,
      "value": "/heros/yao2_tx_0.jpg"
    },
    {
      "id": 518,
      "value": "/heros/machao_tx_0.jpg"
    },
    {
      "id": 523,
      "value": "/heros/xishi_tx_0.jpg"
    },
    {
      "id": 525,
      "value": "/heros/lubandashi_tx_0.jpg"
    },
    {
      "id": 524,
      "value": "/heros/mengya_tx_0.jpg"
    },
    {
      "id": 531,
      "value": "/heros/jing_tx_0.jpg"
    },
    {
      "id": 527,
      "value": "/heros/mengtian_tx_0.jpg"
    },
    {
      "id": 533,
      "value": "/heros/aguduo_tx_0.jpg"
    },
    {
      "id": 536,
      "value": "/heros/xialuote_tx_0.jpg"
    },
    {
      "id": 528,
      "value": "/heros/lan_tx_0.jpg"
    },
    {
      "id": 537,
      "value": "/heros/sikongzhen_tx_0.jpg"
    },
    {
      "id": 155,
      "value": "/heros/ailin_tx_0.jpg"
    },
    {
      "id": 538,
      "value": "/heros/yunying_tx_0.jpg"
    },
    {
      "id": 540,
      "value": "/heros/jinchan_tx_0.jpg"
    },
    {
      "id": 542,
      "value": "/heros/fei_tx_0.jpg"
    },
    {
      "id": 534,
      "value": "/heros/sangqi_tx_0.jpg"
    },
    {
      "id": 548,
      "value": "/heros/geya_tx_0.jpg"
    },
    {
      "id": 521,
      "value": "/heros/haiyue_tx_0.jpg"
    },
    {
      "id": 544,
      "value": "/heros/zhaohuaizhen_tx_0.jpg"
    },
    {
      "id": 545,
      "value": "/heros/laixiao_tx_0.jpg"
    },
    {
      "id": 564,
      "value": "/heros/jixiaoman_tx_0.jpg"
    },
    {
      "id": 514,
      "value": "/heros/yalian_tx_0.jpg"
    },
    {
      "id": 159,
      "value": "/heros/duoliya_tx_0.jpg"
    },
    {
      "id": 563,
      "value": "/heros/hainuo_tx_0.jpg"
    },
    {
      "id": 519,
      "value": "/heros/aoyin_tx_0.jpg"
    },
    {
      "id": 517,
      "value": "/heros/dasiming_tx_0.jpg"
    }
  ]
}
