{
  "data": [
    {
      "id": 107,
      "value": 186
    },
    {
      "id": 109,
      "value": 165
    },
    {
      "id": 115,
      "value": 178
    },
    {
      "id": 120,
      "value": 193
    },
    {
      "id": 136,
      "value": 171
    },
    {
      "id": 146,
      "value": 173
    },
    {
      "id": 105,
      "value": 190
    },
    {
      "id": 110,
      "value": 182
    },
    {
      "id": 116,
      "value": 171
    },
    {
      "id": 127,
      "value": 171
    },
    {
      "id": 139,
      "value": 173
    },
    {
      "id": 148,
      "value": 178
    },
    {
      "id": 106,
      "value": 157
    },
    {
      "id": 112,
      "value": 149
    },
    {
      "id": 117,
      "value": 177
    },
    {
      "id": 133,
      "value": 178
    },
    {
      "id": 156,
      "value": 180
    },
    {
      "id": 108,
      "value": 510
    },
    {
      "id": 113,
      "value": 175
    },
    {
      "id": 118,
      "value": 155
    },
    {
      "id": 129,
      "value": 183
    },
    {
      "id": 134,
      "value": 177
    },
    {
      "id": 150,
      "value": 185
    },
    {
      "id": 166,
      "value": 188
    },
    {
      "id": 111,
      "value": 166
    },
    {
      "id": 114,
      "value": 210
    },
    {
      "id": 119,
      "value": 173
    },
    {
      "id": 130,
      "value": 181
    },
    {
      "id": 135,
      "value": 197
    },
    {
      "id": 144,
      "value": 200
    },
    {
      "id": 152,
      "value": 170
    },
    {
      "id": 142,
      "value": 153
    },
    {
      "id": 128,
      "value": 179
    },
    {
      "id": 124,
      "value": 180
    },
    {
      "id": 168,
      "value": 230
    },
    {
      "id": 167,
      "value": 180
    },
    {
      "id": 121,
      "value": 175
    },
    {
      "id": 141,
      "value": 172
    },
    {
      "id": 123,
      "value": 192
    },
    {
      "id": 154,
      "value": 174
    },
    {
      "id": 169,
      "value": 183
    },
    {
      "id": 171,
      "value": 186
    },
    {
      "id": 170,
      "value": 178
    },
    {
      "id": 153,
      "value": 179
    },
    {
      "id": 162,
      "value": 154
    },
    {
      "id": 131,
      "value": 184
    },
    {
      "id": 175,
      "value": 355
    },
    {
      "id": 173,
      "value": 152
    },
    {
      "id": 149,
      "value": 179
    },
    {
      "id": 157,
      "value": 165
    },
    {
      "id": 174,
      "value": 173
    },
    {
      "id": 140,
      "value": 191
    },
    {
      "id": 184,
      "value": 180
    },
    {
      "id": 126,
      "value": 186
    },
    {
      "id": 183,
      "value": 178
    },
    {
      "id": 132,
      "value": 179
    },
    {
      "id": 163,
      "value": 176
    },
    {
      "id": 177,
      "value": 177
    },
    {
      "id": 178,
      "value": 185
    },
    {
      "id": 186,
      "value": 120
    },
    {
      "id": 180,
      "value": 175
    },
    {
      "id": 190,
      "value": 183
    },
    {
      "id": 192,
      "value": 187
    },
    {
      "id": 191,
      "value": 168
    },
    {
      "id": 187,
      "value": 215
    },
    {
      "id": 182,
      "value": 237
    },
    {
      "id": 189,
      "value": 150
    },
    {
      "id": 193,
      "value": 188
    },
    {
      "id": 196,
      "value": 182
    },
    {
      "id": 195,
      "value": 171
    },
    {
      "id": 194,
      "value": 208
    },
    {
      "id": 198,
      "value": 97
    },
    {
      "id": 179,
      "value": 180
    },
    {
      "id": 501,
      "value": 181
    },
    {
      "id": 199,
      "value": 169
    },
    {
      "id": 176,
      "value": 169
    },
    {
      "id": 502,
      "value": 177
    },
    {
      "id": 197,
      "value": 170
    },
    {
      "id": 503,
      "value": 171
    },
    {
      "id": 504,
      "value": 169
    },
    {
      "id": 125,
      "value": 182
    },
    {
      "id": 510,
      "value": 185
    },
    {
      "id": 137,
      "value": 184
    },
    {
      "id": 509,
      "value": 283
    },
    {
      "id": 508,
      "value": 172
    },
    {
      "id": 312,
      "value": 151
    },
    {
      "id": 507,
      "value": 187
    },
    {
      "id": 513,
      "value": 170
    },
    {
      "id": 515,
      "value": 171
    },
    {
      "id": 511,
      "value": 183
    },
    {
      "id": 529,
      "value": 212
    },
    {
      "id": 505,
      "value": 162
    },
    {
      "id": 506,
      "value": 182
    },
    {
      "id": 522,
      "value": 176
    },
    {
      "id": 518,
      "value": 180
    },
    {
      "id": 523,
      "value": 163
    },
    {
      "id": 525,
      "value": 192
    },
    {
      "id": 524,
      "value": 150
    },
    {
      "id": 531,
      "value": 170
    },
    {
      "id": 527,
      "value": 190
    },
    {
      "id": 533,
      "value": 145
    },
    {
      "id": 536,
      "value": 183
    },
    {
      "id": 528,
      "value": 180
    },
    {
      "id": 537,
      "value": 190
    },
    {
      "id": 155,
      "value": 165
    },
    {
      "id": 538,
      "value": 165
    },
    {
      "id": 540,
      "value": 180
    },
    {
      "id": 542,
      "value": 180
    },
    {
      "id": 534,
      "value": 166
    },
    {
      "id": 548,
      "value": 170
    },
    {
      "id": 521,
      "value": 170
    },
    {
      "id": 544,
      "value": 181
    },
    {
      "id": 545,
      "value": 183
    },
    {
      "id": 564,
      "value": 163
    },
    {
      "id": 514,
      "value": 172
    },
    {
      "id": 159,
      "value": 162
    },
    {
      "id": 563,
      "value": 183
    },
    {
      "id": 519,
      "value": 176
    },
    {
      "id": 517,
      "value": 186
    }
  ]
}
