{
  "data": [
    {
      "id": 1071,
      "value": "888",
      "debris": "88"
    },
    {
      "id": 1072,
      "value": "888",
      "debris": "88"
    },
    {
      "id": 1073,
      "value": "贵族5级赠送"
    },
    {
      "id": 1074,
      "value": "限时活动"
    },
    {
      "id": 1075,
      "value": "588",
      "debris": "58"
    },
    {
      "id": 1076,
      "value": "888",
      "debris": "88"
    },
    {
      "id": 1077,
      "value": "888",
      "debris": "88"
    },
    {
      "id": 1078,
      "value": "1688",
      "debris": "168"
    },
    {
      "id": 1079,
      "value": "888",
      "debris": "88"
    },
    {
      "id": 1091,
      "value": "888",
      "debris": "88"
    },
    {
      "id": 1092,
      "value": "588",
      "debris": "58"
    },
    {
      "id": 1093,
      "value": "288",
      "debris": "28"
    },
    {
      "id": 1094,
      "value": "新手训练营"
    },
    {
      "id": 1095,
      "value": "998",
      "debris": "99"
    },
    {
      "id": 1096,
      "value": "888",
      "debris": "88"
    },
    {
      "id": 1097,
      "value": "60",
      "debris": "6"
    },
    {
      "id": 1098,
      "value": "888",
      "debris": "88"
    },
    {
      "id": 1151,
      "value": "288",
      "debris": "28"
    },
    {
      "id": 1152,
      "value": "战队赛专属"
    },
    {
      "id": 1153,
      "value": "珍宝阁"
    },
    {
      "id": 1154,
      "value": "888",
      "debris": "88"
    },
    {
      "id": 1201,
      "value": "488",
      "debris": "48"
    },
    {
      "id": 1202,
      "value": "S8赛季专属"
    },
    {
      "id": 1203,
      "value": "888",
      "debris": "88"
    },
    {
      "id": 1204,
      "value": "荣耀战令获取"
    },
    {
      "id": 1361,
      "value": "888",
      "debris": "88"
    },
    {
      "id": 1362,
      "value": "1688",
      "debris": "168"
    },
    {
      "id": 1363,
      "value": "积分夺宝"
    },
    {
      "id": 1461,
      "value": "488",
      "debris": "48"
    },
    {
      "id": 1462,
      "value": "288",
      "debris": "28"
    },
    {
      "id": 1463,
      "value": "788",
      "debris": "78"
    },
    {
      "id": 1464,
      "value": "888",
      "debris": "88"
    },
    {
      "id": 1465,
      "value": "60",
      "debris": "6"
    },
    {
      "id": 1466,
      "value": "1788",
      "debris": "178"
    },
    {
      "id": 1051,
      "value": "888",
      "debris": "88"
    },
    {
      "id": 1052,
      "value": "60",
      "debris": "6"
    },
    {
      "id": 1053,
      "value": "888",
      "debris": "88"
    },
    {
      "id": 1101,
      "value": "888",
      "debris": "88"
    },
    {
      "id": 1102,
      "value": "888",
      "debris": "88"
    },
    {
      "id": 1103,
      "value": "珍宝阁"
    },
    {
      "id": 1104,
      "value": "荣耀战令获取"
    },
    {
      "id": 1161,
      "value": "888",
      "debris": "88"
    },
    {
      "id": 1162,
      "value": "2888",
      "debris": "288"
    },
    {
      "id": 1163,
      "value": "10",
      "debris": "1"
    },
    {
      "id": 1164,
      "value": "888",
      "debris": "88"
    },
    {
      "id": 1165,
      "value": "荣耀战令获取"
    },
    {
      "id": 1271,
      "value": "888",
      "debris": "88"
    },
    {
      "id": 1272,
      "value": "488",
      "debris": "48"
    },
    {
      "id": 1273,
      "value": "2周年限定"
    },
    {
      "id": 1274,
      "value": "888",
      "debris": "88"
    },
    {
      "id": 1275,
      "value": "888",
      "debris": "88"
    },
    {
      "id": 1276,
      "value": "荣耀战令获取"
    },
    {
      "id": 1391,
      "value": "288",
      "debris": "28"
    },
    {
      "id": 1392,
      "value": "师徒系统"
    },
    {
      "id": 1393,
      "value": "钻石夺宝"
    },
    {
      "id": 1394,
      "value": "S20赛季专属"
    },
    {
      "id": 1395,
      "value": "荣耀战令获取"
    },
    {
      "id": 1481,
      "value": "288",
      "debris": "28"
    },
    {
      "id": 1482,
      "value": "限时活动"
    },
    {
      "id": 1061,
      "value": "288",
      "debris": "28"
    },
    {
      "id": 1062,
      "value": "积分夺宝"
    },
    {
      "id": 1063,
      "value": "788",
      "debris": "78"
    },
    {
      "id": 1064,
      "value": "888",
      "debris": "88"
    },
    {
      "id": 1065,
      "value": "60",
      "debris": "6"
    },
    {
      "id": 1066,
      "value": "888",
      "debris": "88"
    },
    {
      "id": 1067,
      "value": "1688",
      "debris": "168"
    },
    {
      "id": 1121,
      "value": "288",
      "debris": "28"
    },
    {
      "id": 1122,
      "value": "288",
      "debris": "28"
    },
    {
      "id": 1123,
      "value": "2888",
      "debris": "288"
    },
    {
      "id": 1124,
      "value": "积分夺宝"
    },
    {
      "id": 1125,
      "value": "荣耀战令获取"
    },
    {
      "id": 1126,
      "value": "60",
      "debris": "6"
    },
    {
      "id": 1127,
      "value": "888",
      "debris": "88"
    },
    {
      "id": 1128,
      "value": "1788",
      "debris": "178"
    },
    {
      "id": 1171,
      "value": "288",
      "debris": "28"
    },
    {
      "id": 1172,
      "value": "赏金联赛"
    },
    {
      "id": 1173,
      "value": "钻石夺宝"
    },
    {
      "id": 1174,
      "value": "荣耀战令获取"
    },
    {
      "id": 1331,
      "value": "288",
      "debris": "28"
    },
    {
      "id": 1332,
      "value": "贵族6级赠送"
    },
    {
      "id": 1333,
      "value": "988",
      "debris": "98"
    },
    {
      "id": 1334,
      "value": "成就专属"
    },
    {
      "id": 1335,
      "value": "信誉系统专属"
    },
    {
      "id": 1336,
      "value": "S22赛季专属"
    },
    {
      "id": 1337,
      "value": "1788",
      "debris": "178"
    },
    {
      "id": 1561,
      "value": "288",
      "debris": "28"
    },
    {
      "id": 1562,
      "value": "288",
      "debris": "28"
    },
    {
      "id": 1563,
      "value": "60",
      "debris": "6"
    },
    {
      "id": 1564,
      "value": "1688",
      "debris": "168"
    },
    {
      "id": 1565,
      "value": "限时活动"
    },
    {
      "id": 1566,
      "value": "888",
      "debris": "88"
    },
    {
      "id": 1081,
      "value": "888",
      "debris": "88"
    },
    {
      "id": 1082,
      "value": "2888",
      "debris": "288"
    },
    {
      "id": 1083,
      "value": "60",
      "debris": "6"
    },
    {
      "id": 1084,
      "value": "荣耀战令获取"
    },
    {
      "id": 1131,
      "value": "288",
      "debris": "28"
    },
    {
      "id": 1132,
      "value": "S4赛季专属"
    },
    {
      "id": 1133,
      "value": "888",
      "debris": "88"
    },
    {
      "id": 1134,
      "value": "60",
      "debris": "6"
    },
    {
      "id": 1135,
      "value": "888",
      "debris": "88"
    },
    {
      "id": 1136,
      "value": "6周年限定"
    },
    {
      "id": 1137,
      "value": "888",
      "debris": "88"
    },
    {
      "id": 1181,
      "value": "288",
      "debris": "28"
    },
    {
      "id": 1182,
      "value": "888",
      "debris": "88"
    },
    {
      "id": 1183,
      "value": "S5赛季专属"
    },
    {
      "id": 1184,
      "value": "云端梦境"
    },
    {
      "id": 1185,
      "value": "888",
      "debris": "88"
    },
    {
      "id": 1186,
      "value": "888",
      "debris": "88"
    },
    {
      "id": 1291,
      "value": "888",
      "debris": "88"
    },
    {
      "id": 1292,
      "value": "S12赛季专属"
    },
    {
      "id": 1293,
      "value": "荣耀战令获取"
    },
    {
      "id": 1294,
      "value": "888",
      "debris": "88"
    },
    {
      "id": 1295,
      "value": "60",
      "debris": "6"
    },
    {
      "id": 1341,
      "value": "60",
      "debris": "6"
    },
    {
      "id": 1342,
      "value": "888",
      "debris": "88"
    },
    {
      "id": 1343,
      "value": "1688",
      "debris": "168"
    },
    {
      "id": 1344,
      "value": "荣耀战令获取"
    },
    {
      "id": 1345,
      "value": "S28赛季专属"
    },
    {
      "id": 1501,
      "value": "888",
      "debris": "88"
    },
    {
      "id": 1502,
      "value": "钻石夺宝"
    },
    {
      "id": 1503,
      "value": "1188",
      "debris": "118"
    },
    {
      "id": 1504,
      "value": "888",
      "debris": "88"
    },
    {
      "id": 1505,
      "value": "888",
      "debris": "88"
    },
    {
      "id": 1506,
      "value": "888",
      "debris": "88"
    },
    {
      "id": 1661,
      "value": "连续登录两天"
    },
    {
      "id": 1662,
      "value": "S3赛季专属"
    },
    {
      "id": 1663,
      "value": "888",
      "debris": "88"
    },
    {
      "id": 1664,
      "value": "荣耀战令获取"
    },
    {
      "id": 1111,
      "value": "288",
      "debris": "28"
    },
    {
      "id": 1112,
      "value": "888",
      "debris": "88"
    },
    {
      "id": 1113,
      "value": "珍宝阁"
    },
    {
      "id": 1114,
      "value": "积分夺宝"
    },
    {
      "id": 1115,
      "value": "1688",
      "debris": "168"
    },
    {
      "id": 1116,
      "value": "488",
      "debris": "48"
    },
    {
      "id": 1117,
      "value": "888",
      "debris": "88"
    },
    {
      "id": 1118,
      "value": "1788",
      "debris": "178"
    },
    {
      "id": 1119,
      "value": "1688",
      "debris": "168"
    },
    {
      "id": 1141,
      "value": "288",
      "debris": "28"
    },
    {
      "id": 1142,
      "value": "888",
      "debris": "88"
    },
    {
      "id": 1143,
      "value": "888",
      "debris": "88"
    },
    {
      "id": 1144,
      "value": "钻石夺宝"
    },
    {
      "id": 1145,
      "value": "限时活动"
    },
    {
      "id": 1191,
      "value": "888",
      "debris": "88"
    },
    {
      "id": 1192,
      "value": "限时活动"
    },
    {
      "id": 1193,
      "value": "S6赛季专属"
    },
    {
      "id": 1301,
      "value": "888",
      "debris": "88"
    },
    {
      "id": 1302,
      "value": "588",
      "debris": "58"
    },
    {
      "id": 1303,
      "value": "488",
      "debris": "48"
    },
    {
      "id": 1304,
      "value": "1688",
      "debris": "168"
    },
    {
      "id": 1305,
      "value": "588",
      "debris": "58"
    },
    {
      "id": 1351,
      "value": "288",
      "debris": "28"
    },
    {
      "id": 1352,
      "value": "2888",
      "debris": "288"
    },
    {
      "id": 1353,
      "value": "贵族4级赠送"
    },
    {
      "id": 1354,
      "value": "会员限定"
    },
    {
      "id": 1355,
      "value": "788",
      "debris": "78"
    },
    {
      "id": 1356,
      "value": "60",
      "debris": "6"
    },
    {
      "id": 1441,
      "value": "288",
      "debris": "28"
    },
    {
      "id": 1442,
      "value": "888",
      "debris": "88"
    },
    {
      "id": 1443,
      "value": "288",
      "debris": "28"
    },
    {
      "id": 1444,
      "value": "888",
      "debris": "88"
    },
    {
      "id": 1445,
      "value": "积分夺宝"
    },
    {
      "id": 1446,
      "value": "S23赛季专属"
    },
    {
      "id": 1447,
      "value": "钻石夺宝"
    },
    {
      "id": 1521,
      "value": "288",
      "debris": "28"
    },
    {
      "id": 1522,
      "value": "积分夺宝"
    },
    {
      "id": 1523,
      "value": "888",
      "debris": "88"
    },
    {
      "id": 1524,
      "value": "60",
      "debris": "6"
    },
    {
      "id": 1525,
      "value": "1688",
      "debris": "168"
    },
    {
      "id": 1526,
      "value": "荣耀战令获取"
    },
    {
      "id": 1527,
      "value": "1788",
      "debris": "178"
    },
    {
      "id": 1421,
      "value": "488",
      "debris": "48"
    },
    {
      "id": 1422,
      "value": "788",
      "debris": "78"
    },
    {
      "id": 1423,
      "value": "888",
      "debris": "88"
    },
    {
      "id": 1424,
      "value": "60",
      "debris": "6"
    },
    {
      "id": 1425,
      "value": "888",
      "debris": "88"
    },
    {
      "id": 1281,
      "value": "388",
      "debris": "38"
    },
    {
      "id": 1282,
      "value": "788",
      "debris": "78"
    },
    {
      "id": 1283,
      "value": "积分夺宝"
    },
    {
      "id": 1284,
      "value": "S10赛季专属"
    },
    {
      "id": 1285,
      "value": "888",
      "debris": "88"
    },
    {
      "id": 1241,
      "value": "288",
      "debris": "28"
    },
    {
      "id": 1242,
      "value": "788",
      "debris": "78"
    },
    {
      "id": 1243,
      "value": "荣耀战令获取"
    },
    {
      "id": 1244,
      "value": "1688",
      "debris": "168"
    },
    {
      "id": 1681,
      "value": "388",
      "debris": "38"
    },
    {
      "id": 1682,
      "value": "60",
      "debris": "6"
    },
    {
      "id": 1683,
      "value": "S15赛季专属"
    },
    {
      "id": 1684,
      "value": "888",
      "debris": "88"
    },
    {
      "id": 1671,
      "value": "1688",
      "debris": "168"
    },
    {
      "id": 1672,
      "value": "288",
      "debris": "28"
    },
    {
      "id": 1673,
      "value": "588",
      "debris": "58"
    },
    {
      "id": 1674,
      "value": "888",
      "debris": "88"
    },
    {
      "id": 1675,
      "value": "积分夺宝"
    },
    {
      "id": 1676,
      "value": "888",
      "debris": "88"
    },
    {
      "id": 1677,
      "value": "1788",
      "debris": "178"
    },
    {
      "id": 1678,
      "value": "888",
      "debris": "88"
    },
    {
      "id": 1211,
      "value": "388",
      "debris": "38"
    },
    {
      "id": 1212,
      "value": "积分夺宝"
    },
    {
      "id": 1213,
      "value": "S11赛季专属"
    },
    {
      "id": 1214,
      "value": "888",
      "debris": "88"
    },
    {
      "id": 1215,
      "value": "荣耀战令获取"
    },
    {
      "id": 1411,
      "value": "288",
      "debris": "28"
    },
    {
      "id": 1412,
      "value": "788",
      "debris": "78"
    },
    {
      "id": 1413,
      "value": "1688",
      "debris": "168"
    },
    {
      "id": 1414,
      "value": "888",
      "debris": "88"
    },
    {
      "id": 1415,
      "value": "1688",
      "debris": "168"
    },
    {
      "id": 1416,
      "value": "1788",
      "debris": "178"
    },
    {
      "id": 1417,
      "value": "888",
      "debris": "88"
    },
    {
      "id": 1231,
      "value": "788",
      "debris": "78"
    },
    {
      "id": 1232,
      "value": "1788",
      "debris": "178"
    },
    {
      "id": 1233,
      "value": "888",
      "debris": "88"
    },
    {
      "id": 1234,
      "value": "荣耀战令获取"
    },
    {
      "id": 1235,
      "value": "60",
      "debris": "6"
    },
    {
      "id": 1236,
      "value": "888",
      "debris": "88"
    },
    {
      "id": 1541,
      "value": "288",
      "debris": "28"
    },
    {
      "id": 1542,
      "value": "588",
      "debris": "58"
    },
    {
      "id": 1543,
      "value": "888",
      "debris": "88"
    },
    {
      "id": 1544,
      "value": "888",
      "debris": "88"
    },
    {
      "id": 1545,
      "value": "1688",
      "debris": "168"
    },
    {
      "id": 1546,
      "value": "888",
      "debris": "88"
    },
    {
      "id": 1547,
      "value": "888",
      "debris": "88"
    },
    {
      "id": 1548,
      "value": "积分夺宝"
    },
    {
      "id": 1691,
      "value": "288",
      "debris": "28"
    },
    {
      "id": 1692,
      "value": "588",
      "debris": "58"
    },
    {
      "id": 1693,
      "value": "888",
      "debris": "88"
    },
    {
      "id": 1694,
      "value": "1688",
      "debris": "168"
    },
    {
      "id": 1695,
      "value": "888",
      "debris": "88"
    },
    {
      "id": 1696,
      "value": "荣耀战令获取"
    },
    {
      "id": 1697,
      "value": "1788",
      "debris": "178"
    },
    {
      "id": 1711,
      "value": "488",
      "debris": "48"
    },
    {
      "id": 1712,
      "value": "788",
      "debris": "78"
    },
    {
      "id": 1713,
      "value": "888",
      "debris": "88"
    },
    {
      "id": 1701,
      "value": "488",
      "debris": "48"
    },
    {
      "id": 1702,
      "value": "限时活动"
    },
    {
      "id": 1703,
      "value": "588",
      "debris": "58"
    },
    {
      "id": 1704,
      "value": "1688",
      "debris": "168"
    },
    {
      "id": 1705,
      "value": "60",
      "debris": "6"
    },
    {
      "id": 1531,
      "value": "288",
      "debris": "28"
    },
    {
      "id": 1532,
      "value": "888",
      "debris": "88"
    },
    {
      "id": 1533,
      "value": "荣耀战令获取"
    },
    {
      "id": 1534,
      "value": "1788",
      "debris": "178"
    },
    {
      "id": 1535,
      "value": "S28赛季专属"
    },
    {
      "id": 1621,
      "value": "888",
      "debris": "88"
    },
    {
      "id": 1622,
      "value": "1788",
      "debris": "178"
    },
    {
      "id": 1311,
      "value": "288",
      "debris": "28"
    },
    {
      "id": 1312,
      "value": "788",
      "debris": "78"
    },
    {
      "id": 1313,
      "value": "1788",
      "debris": "178"
    },
    {
      "id": 1314,
      "value": "488",
      "debris": "48"
    },
    {
      "id": 1315,
      "value": "积分夺宝"
    },
    {
      "id": 1751,
      "value": "288",
      "debris": "28"
    },
    {
      "id": 1752,
      "value": "荣耀战令获取"
    },
    {
      "id": 1753,
      "value": "S24赛季专属"
    },
    {
      "id": 1754,
      "value": "888",
      "debris": "88"
    },
    {
      "id": 1731,
      "value": "288",
      "debris": "28"
    },
    {
      "id": 1732,
      "value": "60",
      "debris": "6"
    },
    {
      "id": 1733,
      "value": "888",
      "debris": "88"
    },
    {
      "id": 1734,
      "value": "荣耀战令获取"
    },
    {
      "id": 1735,
      "value": "1688",
      "debris": "168"
    },
    {
      "id": 1736,
      "value": "S29赛季专属"
    },
    {
      "id": 1491,
      "value": "288",
      "debris": "28"
    },
    {
      "id": 1492,
      "value": "788",
      "debris": "78"
    },
    {
      "id": 1493,
      "value": "荣耀战令获取"
    },
    {
      "id": 1494,
      "value": "60",
      "debris": "6"
    },
    {
      "id": 1571,
      "value": "888",
      "debris": "88"
    },
    {
      "id": 1572,
      "value": "1788",
      "debris": "178"
    },
    {
      "id": 1741,
      "value": "288",
      "debris": "28"
    },
    {
      "id": 1742,
      "value": "788",
      "debris": "78"
    },
    {
      "id": 1743,
      "value": "S7赛季专属"
    },
    {
      "id": 1744,
      "value": "1688",
      "debris": "168"
    },
    {
      "id": 1745,
      "value": "贵族8级赠送"
    },
    {
      "id": 1401,
      "value": "488",
      "debris": "48"
    },
    {
      "id": 1402,
      "value": "288",
      "debris": "28"
    },
    {
      "id": 1403,
      "value": "1周年限定"
    },
    {
      "id": 1404,
      "value": "1788",
      "debris": "178"
    },
    {
      "id": 1841,
      "value": "288",
      "debris": "28"
    },
    {
      "id": 1842,
      "value": "888",
      "debris": "88"
    },
    {
      "id": 1843,
      "value": "888",
      "debris": "88"
    },
    {
      "id": 1844,
      "value": "60",
      "debris": "6"
    },
    {
      "id": 1845,
      "value": "1688",
      "debris": "168"
    },
    {
      "id": 1261,
      "value": "288",
      "debris": "28"
    },
    {
      "id": 1262,
      "value": "888",
      "debris": "88"
    },
    {
      "id": 1263,
      "value": "积分夺宝"
    },
    {
      "id": 1264,
      "value": "S17赛季专属"
    },
    {
      "id": 1265,
      "value": "888",
      "debris": "88"
    },
    {
      "id": 1831,
      "value": "288",
      "debris": "28"
    },
    {
      "id": 1832,
      "value": "积分夺宝"
    },
    {
      "id": 1833,
      "value": "888",
      "debris": "88"
    },
    {
      "id": 1834,
      "value": "荣耀战令获取"
    },
    {
      "id": 1835,
      "value": "2021赛年皮肤兑换"
    },
    {
      "id": 1321,
      "value": "288",
      "debris": "28"
    },
    {
      "id": 1322,
      "value": "888",
      "debris": "88"
    },
    {
      "id": 1323,
      "value": "荣耀战令获取"
    },
    {
      "id": 1324,
      "value": "60",
      "debris": "6"
    },
    {
      "id": 1325,
      "value": "1788",
      "debris": "178"
    },
    {
      "id": 1631,
      "value": "888",
      "debris": "88"
    },
    {
      "id": 1632,
      "value": "1788",
      "debris": "178"
    },
    {
      "id": 1771,
      "value": "288",
      "debris": "28"
    },
    {
      "id": 1781,
      "value": "288",
      "debris": "28"
    },
    {
      "id": 1782,
      "value": "1788",
      "debris": "178"
    },
    {
      "id": 1783,
      "value": "60",
      "debris": "6"
    },
    {
      "id": 1784,
      "value": "888",
      "debris": "88"
    },
    {
      "id": 1861,
      "value": "288",
      "debris": "28"
    },
    {
      "id": 1862,
      "value": "S9赛季专属"
    },
    {
      "id": 1863,
      "value": "战队赛专属"
    },
    {
      "id": 1801,
      "value": "288",
      "debris": "28"
    },
    {
      "id": 1802,
      "value": "888",
      "debris": "88"
    },
    {
      "id": 1803,
      "value": "钻石夺宝"
    },
    {
      "id": 1804,
      "value": "888",
      "debris": "88"
    },
    {
      "id": 1901,
      "value": "288",
      "debris": "28"
    },
    {
      "id": 1902,
      "value": "888",
      "debris": "88"
    },
    {
      "id": 1903,
      "value": "1788",
      "debris": "178"
    },
    {
      "id": 1904,
      "value": "488",
      "debris": "48"
    },
    {
      "id": 1905,
      "value": "1788",
      "debris": "178"
    },
    {
      "id": 1906,
      "value": "积分夺宝"
    },
    {
      "id": 1921,
      "value": "288",
      "debris": "28"
    },
    {
      "id": 1922,
      "value": "888",
      "debris": "88"
    },
    {
      "id": 1923,
      "value": "荣耀战令获取"
    },
    {
      "id": 1911,
      "value": "288",
      "debris": "28"
    },
    {
      "id": 1912,
      "value": "488",
      "debris": "48"
    },
    {
      "id": 1913,
      "value": "888",
      "debris": "88"
    },
    {
      "id": 1914,
      "value": "888",
      "debris": "88"
    },
    {
      "id": 1915,
      "value": "888",
      "debris": "88"
    },
    {
      "id": 1916,
      "value": "1788",
      "debris": "178"
    },
    {
      "id": 1871,
      "value": "288",
      "debris": "28"
    },
    {
      "id": 1872,
      "value": "888",
      "debris": "88"
    },
    {
      "id": 1821,
      "value": "288",
      "debris": "28"
    },
    {
      "id": 1822,
      "value": "888",
      "debris": "88"
    },
    {
      "id": 1823,
      "value": "1688",
      "debris": "168"
    },
    {
      "id": 1824,
      "value": "荣耀战令获取"
    },
    {
      "id": 1825,
      "value": "珍宝阁"
    },
    {
      "id": 1891,
      "value": "288",
      "debris": "28"
    },
    {
      "id": 1892,
      "value": "钻石夺宝"
    },
    {
      "id": 1893,
      "value": "S21赛季专属"
    },
    {
      "id": 1894,
      "value": "7周年限定"
    },
    {
      "id": 1931,
      "value": "288",
      "debris": "28"
    },
    {
      "id": 1932,
      "value": "888",
      "debris": "88"
    },
    {
      "id": 1933,
      "value": "888",
      "debris": "88"
    },
    {
      "id": 1934,
      "value": "1688",
      "debris": "168"
    },
    {
      "id": 1961,
      "value": "288",
      "debris": "28"
    },
    {
      "id": 1962,
      "value": "888",
      "debris": "88"
    },
    {
      "id": 1963,
      "value": "888",
      "debris": "88"
    },
    {
      "id": 1964,
      "value": "1688",
      "debris": "168"
    },
    {
      "id": 1951,
      "value": "288",
      "debris": "28"
    },
    {
      "id": 1952,
      "value": "1788",
      "debris": "178"
    },
    {
      "id": 1953,
      "value": "2020赛年皮肤兑换"
    },
    {
      "id": 1954,
      "value": "888",
      "debris": "88"
    },
    {
      "id": 1941,
      "value": "288",
      "debris": "28"
    },
    {
      "id": 1942,
      "value": "488",
      "debris": "48"
    },
    {
      "id": 1943,
      "value": "888",
      "debris": "88"
    },
    {
      "id": 1944,
      "value": "S25赛季专属"
    },
    {
      "id": 1981,
      "value": "288",
      "debris": "28"
    },
    {
      "id": 1982,
      "value": "1688",
      "debris": "168"
    },
    {
      "id": 1983,
      "value": "星会员15级"
    },
    {
      "id": 1791,
      "value": "288",
      "debris": "28"
    },
    {
      "id": 1792,
      "value": "荣耀战令获取"
    },
    {
      "id": 1793,
      "value": "1788",
      "debris": "178"
    },
    {
      "id": 5011,
      "value": "288",
      "debris": "28"
    },
    {
      "id": 5012,
      "value": "钻石夺宝"
    },
    {
      "id": 5013,
      "value": "S19赛季专属"
    },
    {
      "id": 5014,
      "value": "荣耀战令获取"
    },
    {
      "id": 1991,
      "value": "288",
      "debris": "28"
    },
    {
      "id": 1992,
      "value": "888",
      "debris": "88"
    },
    {
      "id": 1993,
      "value": "888",
      "debris": "88"
    },
    {
      "id": 1994,
      "value": "1788",
      "debris": "178"
    },
    {
      "id": 1995,
      "value": "888",
      "debris": "88"
    },
    {
      "id": 1761,
      "value": "288",
      "debris": "28"
    },
    {
      "id": 1762,
      "value": "3周年限定"
    },
    {
      "id": 1763,
      "value": "888",
      "debris": "88"
    },
    {
      "id": 5021,
      "value": "288",
      "debris": "28"
    },
    {
      "id": 5022,
      "value": "888",
      "debris": "88"
    },
    {
      "id": 5023,
      "value": "888",
      "debris": "88"
    },
    {
      "id": 5024,
      "value": "5周年限定"
    },
    {
      "id": 5025,
      "value": "1788",
      "debris": "178"
    },
    {
      "id": 1971,
      "value": "288",
      "debris": "28"
    },
    {
      "id": 1972,
      "value": "S13赛季专属"
    },
    {
      "id": 1973,
      "value": "888",
      "debris": "88"
    },
    {
      "id": 5031,
      "value": "288",
      "debris": "28"
    },
    {
      "id": 5032,
      "value": "S13赛季专属"
    },
    {
      "id": 5033,
      "value": "限时活动"
    },
    {
      "id": 5034,
      "value": "荣耀战令获取"
    },
    {
      "id": 5041,
      "value": "288",
      "debris": "28"
    },
    {
      "id": 5042,
      "value": "S14赛季专属"
    },
    {
      "id": 5043,
      "value": "荣耀战令获取"
    },
    {
      "id": 5044,
      "value": "60",
      "debris": "6"
    },
    {
      "id": 1251,
      "value": "288",
      "debris": "28"
    },
    {
      "id": 1252,
      "value": "荣耀战令获取"
    },
    {
      "id": 5101,
      "value": "288",
      "debris": "28"
    },
    {
      "id": 5102,
      "value": "888",
      "debris": "88"
    },
    {
      "id": 5103,
      "value": "1688",
      "debris": "168"
    },
    {
      "id": 5104,
      "value": "1788",
      "debris": "178"
    },
    {
      "id": 1371,
      "value": "288",
      "debris": "28"
    },
    {
      "id": 1372,
      "value": "888",
      "debris": "88"
    },
    {
      "id": 5091,
      "value": "288",
      "debris": "28"
    },
    {
      "id": 5092,
      "value": "S16赛季专属"
    },
    {
      "id": 5093,
      "value": "限时活动"
    },
    {
      "id": 5094,
      "value": "888",
      "debris": "88"
    },
    {
      "id": 5081,
      "value": "288",
      "debris": "28"
    },
    {
      "id": 5082,
      "value": "888",
      "debris": "88"
    },
    {
      "id": 5083,
      "value": "1788",
      "debris": "178"
    },
    {
      "id": 5084,
      "value": "888",
      "debris": "88"
    },
    {
      "id": 3121,
      "value": "288",
      "debris": "28"
    },
    {
      "id": 3122,
      "value": "钻石夺宝"
    },
    {
      "id": 3123,
      "value": "荣耀战令获取"
    },
    {
      "id": 3124,
      "value": "888",
      "debris": "88"
    },
    {
      "id": 3125,
      "value": "S28赛季专属"
    },
    {
      "id": 5071,
      "value": "288",
      "debris": "28"
    },
    {
      "id": 5072,
      "value": "1688",
      "debris": "168"
    },
    {
      "id": 5131,
      "value": "288",
      "debris": "28"
    },
    {
      "id": 5132,
      "value": "4周年限定"
    },
    {
      "id": 5133,
      "value": "888",
      "debris": "88"
    },
    {
      "id": 5151,
      "value": "288",
      "debris": "28"
    },
    {
      "id": 5152,
      "value": "888",
      "debris": "88"
    },
    {
      "id": 5153,
      "value": "60",
      "debris": "6"
    },
    {
      "id": 5111,
      "value": "288",
      "debris": "28"
    },
    {
      "id": 5112,
      "value": "荣耀战令获取"
    },
    {
      "id": 5113,
      "value": "888",
      "debris": "88"
    },
    {
      "id": 5291,
      "value": "288",
      "debris": "28"
    },
    {
      "id": 5292,
      "value": "60",
      "debris": "6"
    },
    {
      "id": 5051,
      "value": "288",
      "debris": "28"
    },
    {
      "id": 5052,
      "value": "888",
      "debris": "88"
    },
    {
      "id": 5053,
      "value": "1788",
      "debris": "178"
    },
    {
      "id": 5061,
      "value": "288",
      "debris": "28"
    },
    {
      "id": 5062,
      "value": "60",
      "debris": "6"
    },
    {
      "id": 5063,
      "value": "888",
      "debris": "88"
    },
    {
      "id": 5221,
      "value": "288",
      "debris": "28"
    },
    {
      "id": 5222,
      "value": "1688",
      "debris": "168"
    },
    {
      "id": 5223,
      "value": "1788",
      "debris": "178"
    },
    {
      "id": 5181,
      "value": "288",
      "debris": "28"
    },
    {
      "id": 5182,
      "value": "888",
      "debris": "88"
    },
    {
      "id": 5183,
      "value": "1688",
      "debris": "168"
    },
    {
      "id": 5231,
      "value": "288",
      "debris": "28"
    },
    {
      "id": 5232,
      "value": "888",
      "debris": "88"
    },
    {
      "id": 5233,
      "value": "1688",
      "debris": "168"
    },
    {
      "id": 5251,
      "value": "288",
      "debris": "28"
    },
    {
      "id": 5252,
      "value": "限时活动"
    },
    {
      "id": 5253,
      "value": "888",
      "debris": "88"
    },
    {
      "id": 5241,
      "value": "288",
      "debris": "28"
    },
    {
      "id": 5242,
      "value": "荣耀战令获取"
    },
    {
      "id": 5243,
      "value": "888",
      "debris": "88"
    },
    {
      "id": 5244,
      "value": "60",
      "debris": "6"
    },
    {
      "id": 5311,
      "value": "288",
      "debris": "28"
    },
    {
      "id": 5312,
      "value": "1688",
      "debris": "168"
    },
    {
      "id": 5313,
      "value": "888",
      "debris": "88"
    },
    {
      "id": 5271,
      "value": "288",
      "debris": "28"
    },
    {
      "id": 5272,
      "value": "限时活动"
    },
    {
      "id": 5331,
      "value": "288",
      "debris": "28"
    },
    {
      "id": 5332,
      "value": "888",
      "debris": "88"
    },
    {
      "id": 5361,
      "value": "888",
      "debris": "88"
    },
    {
      "id": 5281,
      "value": "288",
      "debris": "28"
    },
    {
      "id": 5282,
      "value": "888",
      "debris": "88"
    },
    {
      "id": 5371,
      "value": "288",
      "debris": "28"
    },
    {
      "id": 1551,
      "value": "珍宝阁"
    },
    {
      "id": 1552,
      "value": "888",
      "debris": "88"
    },
    {
      "id": 5381,
      "value": "288",
      "debris": "28"
    },
    {
      "id": 5401,
      "value": "288",
      "debris": "28"
    },
    {
      "id": 5402,
      "value": "888",
      "debris": "88"
    },
    {
      "id": 5421,
      "value": "288",
      "debris": "28"
    },
    {
      "id": 5341,
      "value": "288",
      "debris": "28"
    },
    {
      "id": 5481,
      "value": "288",
      "debris": "28"
    },
    {
      "id": 5134,
      "value": "888",
      "debris": "88"
    },
    {
      "id": 1253,
      "value": "60",
      "debris": "6"
    },
    {
      "id": 1085,
      "value": "888",
      "debris": "88"
    },
    {
      "id": 1316,
      "value": "1688",
      "debris": "168"
    },
    {
      "id": 5342,
      "value": "S30赛季专属"
    },
    {
      "id": 5154,
      "value": "荣耀战令获取"
    },
    {
      "id": 1984,
      "value": "2022赛年皮肤兑换"
    },
    {
      "id": 5422,
      "value": "荣耀战令获取"
    },
    {
      "id": 1237,
      "value": "1688",
      "debris": "168"
    },
    {
      "id": 1935,
      "value": "积分夺宝"
    },
    {
      "id": 5211,
      "value": "60",
      "debris": "6"
    },
    {
      "id": 1364,
      "value": "限时活动"
    },
    {
      "id": 5073,
      "value": "1788",
      "debris": "178"
    },
    {
      "id": 1068,
      "value": "1788",
      "debris": "178"
    },
    {
      "id": 5224,
      "value": "1788",
      "debris": "178"
    },
    {
      "id": 1326,
      "value": "888",
      "debris": "88"
    },
    {
      "id": 5054,
      "value": "888",
      "debris": "88"
    },
    {
      "id": 5114,
      "value": "钻石夺宝"
    },
    {
      "id": 5293,
      "value": "限时活动"
    },
    {
      "id": 1679,
      "value": "1788",
      "debris": "178"
    },
    {
      "id": 1418,
      "value": "积分夺宝"
    },
    {
      "id": 5085,
      "value": "1788",
      "debris": "178"
    },
    {
      "id": 1746,
      "value": "1788",
      "debris": "178"
    },
    {
      "id": 1357,
      "value": "1788",
      "debris": "178"
    },
    {
      "id": 1205,
      "value": "60",
      "debris": "6"
    },
    {
      "id": 1549,
      "value": "1788",
      "debris": "178"
    },
    {
      "id": 1826,
      "value": "1788",
      "debris": "178"
    },
    {
      "id": 5314,
      "value": "888",
      "debris": "88"
    },
    {
      "id": 5362,
      "value": "1788",
      "debris": "178"
    },
    {
      "id": 5441,
      "value": "60",
      "debris": "6"
    },
    {
      "id": 1764,
      "value": "888",
      "debris": "88"
    },
    {
      "id": 5026,
      "value": "S31赛季专属"
    },
    {
      "id": 1785,
      "value": "荣耀战令获取"
    },
    {
      "id": 1194,
      "value": "荣耀战令获取"
    },
    {
      "id": 1996,
      "value": "1688",
      "debris": "168"
    },
    {
      "id": 1864,
      "value": "限时活动"
    },
    {
      "id": 1706,
      "value": "888",
      "debris": "88"
    },
    {
      "id": 1405,
      "value": "888",
      "debris": "88"
    },
    {
      "id": 1714,
      "value": "1788",
      "debris": "178"
    },
    {
      "id": 1099,
      "value": "1788",
      "debris": "178"
    },
    {
      "id": 5451,
      "value": "60",
      "debris": "6"
    },
    {
      "id": 3126,
      "value": "888",
      "debris": "88"
    },
    {
      "id": 1665,
      "value": "1788",
      "debris": "178"
    },
    {
      "id": 1426,
      "value": "1788",
      "debris": "178"
    },
    {
      "id": 1146,
      "value": "888",
      "debris": "88"
    },
    {
      "id": 1846,
      "value": "888",
      "debris": "88"
    },
    {
      "id": 5283,
      "value": "1688",
      "debris": "168"
    },
    {
      "id": 1907,
      "value": "1788",
      "debris": "178"
    },
    {
      "id": 5254,
      "value": "S32赛季专属"
    },
    {
      "id": 5234,
      "value": "荣耀战令获取"
    },
    {
      "id": 5482,
      "value": "荣耀战令获取"
    },
    {
      "id": 1507,
      "value": "积分夺宝"
    },
    {
      "id": 5641,
      "value": "60",
      "debris": "6"
    },
    {
      "id": 5045,
      "value": "888",
      "debris": "88"
    },
    {
      "id": 1873,
      "value": "1688",
      "debris": "168"
    },
    {
      "id": 1737,
      "value": "限时活动"
    },
    {
      "id": 1327,
      "value": "1788",
      "debris": "178"
    },
    {
      "id": 5212,
      "value": "888",
      "debris": "88"
    },
    {
      "id": 5135,
      "value": "1788",
      "debris": "178"
    },
    {
      "id": 1805,
      "value": "限时活动"
    },
    {
      "id": 5315,
      "value": "888",
      "debris": "88"
    },
    {
      "id": 1965,
      "value": "888",
      "debris": "88"
    },
    {
      "id": 5055,
      "value": "限时活动"
    },
    {
      "id": 5442,
      "value": "888",
      "debris": "88"
    },
    {
      "id": 5382,
      "value": "1788",
      "debris": "178"
    },
    {
      "id": 5452,
      "value": "888",
      "debris": "88"
    },
    {
      "id": 1738,
      "value": "888",
      "debris": "88"
    },
    {
      "id": 1567,
      "value": "S33赛季专属"
    },
    {
      "id": 1553,
      "value": "荣耀战令获取"
    },
    {
      "id": 5372,
      "value": "荣耀战令获取"
    },
    {
      "id": 1306,
      "value": "1688",
      "debris": "168"
    },
    {
      "id": 1175,
      "value": "限时活动"
    },
    {
      "id": 5213,
      "value": "60",
      "debris": "6"
    },
    {
      "id": 1238,
      "value": "1788",
      "debris": "178"
    },
    {
      "id": 5141,
      "value": "60",
      "debris": "6"
    },
    {
      "id": 1536,
      "value": "1788",
      "debris": "178"
    },
    {
      "id": 1129,
      "value": "1788",
      "debris": "178"
    },
    {
      "id": 1917,
      "value": "1788",
      "debris": "178"
    },
    {
      "id": 5333,
      "value": "8周年限定"
    },
    {
      "id": 5235,
      "value": "888",
      "debris": "88"
    },
    {
      "id": 1277,
      "value": "1788",
      "debris": "178"
    },
    {
      "id": 1483,
      "value": "888",
      "debris": "88"
    },
    {
      "id": 1286,
      "value": "60",
      "debris": "6"
    },
    {
      "id": 1187,
      "value": "1688",
      "debris": "168"
    },
    {
      "id": 1467,
      "value": "1688",
      "debris": "168"
    },
    {
      "id": 5245,
      "value": "60",
      "debris": "6"
    },
    {
      "id": 1698,
      "value": "限时活动"
    },
    {
      "id": 1245,
      "value": "888",
      "debris": "88"
    },
    {
      "id": 1448,
      "value": "60",
      "debris": "6"
    },
    {
      "id": 1895,
      "value": "S34赛季专属"
    },
    {
      "id": 10910,
      "value": "荣耀战令获取"
    },
    {
      "id": 5273,
      "value": "2023赛年皮肤兑换"
    },
    {
      "id": 1155,
      "value": "荣耀战令获取"
    },
    {
      "id": 1554,
      "value": "贵族10级赠送"
    },
    {
      "id": 5284,
      "value": "1688",
      "debris": "168"
    },
    {
      "id": 5631,
      "value": "60",
      "debris": "6"
    },
    {
      "id": 5155,
      "value": "60",
      "debris": "6"
    },
    {
      "id": 1317,
      "value": "限时活动"
    },
    {
      "id": 5086,
      "value": "888",
      "debris": "88"
    },
    {
      "id": 1936,
      "value": "1788",
      "debris": "178"
    },
    {
      "id": 5184,
      "value": "1788",
      "debris": "178"
    },
    {
      "id": 5642,
      "value": "珍宝阁"
    },
    {
      "id": 1054,
      "value": "钻石夺宝"
    },
    {
      "id": 1666,
      "value": "60",
      "debris": "6"
    },
    {
      "id": 1591,
      "value": "60",
      "debris": "6"
    },
    {
      "id": 1955,
      "value": "888",
      "debris": "88"
    },
    {
      "id": 1918,
      "value": "888",
      "debris": "88"
    },
    {
      "id": 1427,
      "value": "888",
      "debris": "88"
    },
    {
      "id": 10710,
      "value": "1788",
      "debris": "178"
    },
    {
      "id": 11110,
      "value": "1788",
      "debris": "178"
    },
    {
      "id": 5105,
      "value": "1788",
      "debris": "178"
    },
    {
      "id": 1296,
      "value": "1688",
      "debris": "168"
    },
    {
      "id": 1069,
      "value": "限时活动"
    },
    {
      "id": 1747,
      "value": "积分夺宝"
    },
    {
      "id": 1239,
      "value": "1788",
      "debris": "178"
    },
    {
      "id": 1419,
      "value": "1788",
      "debris": "178"
    },
    {
      "id": 5142,
      "value": "1430",
      "debris": "143"
    },
    {
      "id": 3127,
      "value": "限时活动"
    },
    {
      "id": 1176,
      "value": "限时活动"
    },
    {
      "id": 1739,
      "value": "荣耀战令获取"
    },
    {
      "id": 11210,
      "value": "荣耀战令获取"
    },
    {
      "id": 1195,
      "value": "60",
      "debris": "6"
    },
    {
      "id": 5214,
      "value": "1788",
      "debris": "178"
    },
    {
      "id": 1495,
      "value": "S35赛季专属"
    },
    {
      "id": 5294,
      "value": "60",
      "debris": "6"
    },
    {
      "id": 5343,
      "value": "888",
      "debris": "88"
    },
    {
      "id": 1086,
      "value": "1788",
      "debris": "178"
    },
    {
      "id": 1449,
      "value": "限时活动"
    },
    {
      "id": 5136,
      "value": "888",
      "debris": "88"
    },
    {
      "id": 5064,
      "value": "1788",
      "debris": "178"
    },
    {
      "id": 1508,
      "value": "限时活动"
    },
    {
      "id": 1358,
      "value": "荣耀战令获取"
    },
    {
      "id": 5316,
      "value": "荣耀战令获取"
    },
    {
      "id": 1406,
      "value": "888",
      "debris": "88"
    },
    {
      "id": 5015,
      "value": "888",
      "debris": "88"
    },
    {
      "id": 5632,
      "value": "888",
      "debris": "88"
    },
    {
      "id": 1592,
      "value": "1430",
      "debris": "143"
    }
  ]
}
