{
  "data": [
    {
      "id": 1,
      "value": "先锋坦克"
    },
    {
      "id": 2,
      "value": "阵地法师"
    },
    {
      "id": 3,
      "value": "冲锋战士"
    },
    {
      "id": 4,
      "value": "刺杀战士"
    },
    {
      "id": 5,
      "value": "守护坦克"
    },
    {
      "id": 6,
      "value": "战术辅助"
    },
    {
      "id": 7,
      "value": "重装战士"
    },
    {
      "id": 8,
      "value": "爆发刺客"
    },
    {
      "id": 9,
      "value": "灵巧射手"
    },
    {
      "id": 10,
      "value": "炮台法师"
    },
    {
      "id": 11,
      "value": "重炮射手"
    },
    {
      "id": 12,
      "value": "游斗刺客"
    },
    {
      "id": 13,
      "value": "突袭法师"
    },
    {
      "id": 14,
      "value": "增益辅助"
    },
    {
      "id": 15,
      "value": "狂战士"
    },
    {
      "id": 16,
      "value": "连珠射手"
    },
    {
      "id": 17,
      "value": "控场法师"
    }
  ]
}
