{
  "data": [
    {
      "id": 0,
      "value": "全部阵营"
    },
    {
      "id": 1,
      "value": "长城守卫军"
    },
    {
      "id": 2,
      "value": "稷下学院"
    },
    {
      "id": 3,
      "value": "玄雍"
    },
    {
      "id": 4,
      "value": "蜀"
    },
    {
      "id": 5,
      "value": "魏"
    },
    {
      "id": 6,
      "value": "吴"
    },
    {
      "id": 7,
      "value": "长安"
    },
    {
      "id": 8,
      "value": "海都家族"
    },
    {
      "id": 9,
      "value": "鸿门"
    },
    {
      "id": 10,
      "value": "狼旗"
    },
    {
      "id": 11,
      "value": "南荒"
    },
    {
      "id": 12,
      "value": "倒悬天"
    },
    {
      "id": 13,
      "value": "日落圣殿"
    },
    {
      "id": 14,
      "value": "尧天"
    },
    {
      "id": 15,
      "value": "云梦泽"
    },
    {
      "id": 16,
      "value": "灞上"
    },
    {
      "id": 17,
      "value": "云中漠地"
    },
    {
      "id": 18,
      "value": "扶桑"
    },
    {
      "id": 19,
      "value": "日之塔"
    }
  ]
}
