{
  "data": [
    {
      "id": 1,
      "value": "物理攻击"
    },
    {
      "id": 2,
      "value": "法术攻击"
    },
    {
      "id": 3,
      "value": "攻击速度"
    },
    {
      "id": 4,
      "value": "暴击率"
    },
    {
      "id": 5,
      "value": "物理穿透"
    },
    {
      "id": 6,
      "value": "物理吸血"
    },
    {
      "id": 7,
      "value": "暴击效果"
    },
    {
      "id": 8,
      "value": "最大生命"
    },
    {
      "id": 9,
      "value": "物理防御"
    },
    {
      "id": 10,
      "value": "法术穿透"
    },
    {
      "id": 11,
      "value": "每5秒回血"
    },
    {
      "id": 12,
      "value": "移速"
    },
    {
      "id": 13,
      "value": "法术吸血"
    },
    {
      "id": 14,
      "value": "法术防御"
    },
    {
      "id": 15,
      "value": "冷却缩减"
    }
  ]
}
