{
  "data": [
    {
      "voice": [
        {
          "text": "你好，我叫艾琳！",
          "link": "//game.gtimg.cn/images/yxzj/zlkdatasys/audios/audio/20220415/16500169041511.mp3"
        },
        {
          "text": "自由，在向往更远的自由",
          "link": "//game.gtimg.cn/images/yxzj/zlkdatasys/audios/audio/20220413/16498498553684.mp3"
        },
        {
          "text": "舞蹈，绽放于心灵~",
          "link": "//game.gtimg.cn/images/yxzj/zlkdatasys/audios/audio/20220415/16500169185746.mp3"
        },
        {
          "text": "忘掉属于公主的规矩，现在是艾琳时间~",
          "link": "//game.gtimg.cn/images/yxzj/zlkdatasys/audios/audio/20220415/16500168115536.mp3"
        },
        {
          "text": "你好，我叫艾琳~艾琳，真是个好听的名字呀~",
          "link": "//game.gtimg.cn/images/yxzj/zlkdatasys/audios/audio/20220412/16497664302618.wav"
        },
        {
          "text": "理想乡，永远在下一个地方~",
          "link": "//game.gtimg.cn/images/yxzj/zlkdatasys/audios/audio/20220412/16497664798758.wav"
        },
        {
          "text": "“危险”——那是好玩的意思吗？",
          "link": "//game.gtimg.cn/images/yxzj/zlkdatasys/audios/audio/20220412/16497665572690.wav"
        },
        {
          "text": "有人教我，掌握规则，才能打破规则~",
          "link": "//game.gtimg.cn/images/yxzj/zlkdatasys/audios/audio/20220412/16497666189336.wav"
        },
        {
          "text": "成年钟声敲响前，还有一场冒险的时间~",
          "link": "//game.gtimg.cn/images/yxzj/zlkdatasys/audios/audio/20220412/16497669084576.wav"
        },
        {
          "text": "每个不曾起舞的日子，都是对森林的辜负~",
          "link": "//game.gtimg.cn/images/yxzj/zlkdatasys/audios/audio/20220412/16497670633336.wav"
        },
        {
          "text": "舞蹈是精灵的语言，也是人类的语言！",
          "link": "//game.gtimg.cn/images/yxzj/zlkdatasys/audios/audio/20220412/16497671082092.wav"
        },
        {
          "text": "探索和意外总是形影不离~",
          "link": "//game.gtimg.cn/images/yxzj/zlkdatasys/audios/audio/20220412/16497671608315.wav"
        },
        {
          "text": "惊喜和惊吓是最好的朋友。",
          "link": "//game.gtimg.cn/images/yxzj/zlkdatasys/audios/audio/20220412/16497672181647.wav"
        },
        {
          "text": "胆小鬼们，习惯于害怕和自己不同的事物......",
          "link": "//game.gtimg.cn/images/yxzj/zlkdatasys/audios/audio/20220415/16500174768078.mp3"
        },
        {
          "text": "还没到……谢幕的时间呢……",
          "link": "//game.gtimg.cn/images/yxzj/zlkdatasys/audios/audio/20220412/16497674315602.wav"
        },
        {
          "text": "听到了……森林的召唤……",
          "link": "//game.gtimg.cn/images/yxzj/zlkdatasys/audios/audio/20220412/16497674885667.wav"
        },
        {
          "text": "嗨~",
          "link": "//game.gtimg.cn/images/yxzj/zlkdatasys/audios/audio/20220412/16497675517898.wav"
        },
        {
          "text": "别走呀~",
          "link": "//game.gtimg.cn/images/yxzj/zlkdatasys/audios/audio/20220412/16497675908398.wav"
        },
        {
          "text": "叮铃~",
          "link": "//game.gtimg.cn/images/yxzj/zlkdatasys/audios/audio/20220412/16497676969934.wav"
        },
        {
          "text": "铛铛铛~",
          "link": "//game.gtimg.cn/images/yxzj/zlkdatasys/audios/audio/20220412/16497677875529.wav"
        },
        {
          "text": "叮~舞会时间到~",
          "link": "//game.gtimg.cn/images/yxzj/zlkdatasys/audios/audio/20220412/16497678863640.wav"
        },
        {
          "text": "舞会开场啦~",
          "link": "//game.gtimg.cn/images/yxzj/zlkdatasys/audios/audio/20220412/16497706477130.wav"
        },
        {
          "text": "可以邀请你跳支舞吗~",
          "link": "//game.gtimg.cn/images/yxzj/zlkdatasys/audios/audio/20220412/16497706717218.wav"
        },
        {
          "text": "精灵舞步！",
          "link": "//game.gtimg.cn/images/yxzj/zlkdatasys/audios/audio/20220412/16497706953757.wav"
        },
        {
          "text": "轻盈绽放~",
          "link": "//game.gtimg.cn/images/yxzj/zlkdatasys/audios/audio/20220412/16497707096280.wav"
        },
        {
          "text": "舞伴，就是你了！",
          "link": "//game.gtimg.cn/images/yxzj/zlkdatasys/audios/audio/20220412/16497707231162.wav"
        },
        {
          "text": "以月桂之灵的名义~",
          "link": "//game.gtimg.cn/images/yxzj/zlkdatasys/audios/audio/20220412/16497707384723.wav"
        },
        {
          "text": "只听从心灵的指引！",
          "link": "//game.gtimg.cn/images/yxzj/zlkdatasys/audios/audio/20220412/16497707524591.wav"
        },
        {
          "text": "精准节拍~",
          "link": "//game.gtimg.cn/images/yxzj/zlkdatasys/audios/audio/20220412/16497708089401.wav"
        },
        {
          "text": "幻想变奏~",
          "link": "//game.gtimg.cn/images/yxzj/zlkdatasys/audios/audio/20220412/16497708261062.wav"
        },
        {
          "text": "来追我呀~",
          "link": "//game.gtimg.cn/images/yxzj/zlkdatasys/audios/audio/20220412/16497708451365.wav"
        },
        {
          "text": "没有舞伴的家伙，太可怜了吧~！",
          "link": "//game.gtimg.cn/images/yxzj/zlkdatasys/audios/audio/20220412/16497708633358.mp3"
        },
        {
          "text": "做一片叶子，跟着风走",
          "link": "//game.gtimg.cn/images/yxzj/zlkdatasys/audios/audio/20220412/16497708951284.wav"
        },
        {
          "text": "月桂之灵保佑你~",
          "link": "//game.gtimg.cn/images/yxzj/zlkdatasys/audios/audio/20220412/16497709507473.wav"
        },
        {
          "text": "替我去看看未知的世界！",
          "link": "//game.gtimg.cn/images/yxzj/zlkdatasys/audios/audio/20220412/16497709657985.wav"
        },
        {
          "text": "日落小分队，出发~",
          "link": "//game.gtimg.cn/images/yxzj/zlkdatasys/audios/audio/20220412/16497710148505.wav"
        },
        {
          "text": "我领着命运到达这里~",
          "link": "//game.gtimg.cn/images/yxzj/zlkdatasys/audios/audio/20220415/16500174009989.mp3"
        },
        {
          "text": "你……一定不会跳舞吧？",
          "link": "//game.gtimg.cn/images/yxzj/zlkdatasys/audios/audio/20220412/16497710582485.wav"
        },
        {
          "text": "团长我来教你跳舞吧~",
          "link": "//game.gtimg.cn/images/yxzj/zlkdatasys/audios/audio/20220415/16500174193169.mp3"
        },
        {
          "text": "从今天起，你就是我们的团长啦",
          "link": "//game.gtimg.cn/images/yxzj/zlkdatasys/audios/audio/20220415/16500174361451.mp3"
        },
        {
          "text": "永不背叛，只是偶尔冒险~",
          "link": "//game.gtimg.cn/images/yxzj/zlkdatasys/audios/audio/20220415/16500174523274.mp3"
        },
        {
          "text": "就在前面~马上就到~",
          "link": "//game.gtimg.cn/images/yxzj/zlkdatasys/audios/audio/20220415/16500169492867.mp3"
        },
        {
          "text": "真正的小孩比我还矮一点！",
          "link": "//game.gtimg.cn/images/yxzj/zlkdatasys/audios/audio/20220415/16500169672416.mp3"
        },
        {
          "text": "从今天起，日落小分队正式成立~",
          "link": "//game.gtimg.cn/images/yxzj/zlkdatasys/audios/audio/20220415/16500169838742.mp3"
        },
        {
          "text": "我马上就要十八岁了~小孩，叫姐姐！",
          "link": "//game.gtimg.cn/images/yxzj/zlkdatasys/audios/audio/20220415/16500170375954.mp3"
        },
        {
          "text": "当然~这是做姐姐的责任！",
          "link": "//game.gtimg.cn/images/yxzj/zlkdatasys/audios/audio/20220415/16500170549075.mp3"
        },
        {
          "text": "有趣的艾琳万里挑一",
          "link": "//game.gtimg.cn/images/yxzj/zlkdatasys/audios/audio/20220415/16500170696034.mp3"
        },
        {
          "text": "不是，我是说，你可真美丽呀~",
          "link": "//game.gtimg.cn/images/yxzj/zlkdatasys/audios/audio/20220415/16500172535501.mp3"
        },
        {
          "text": "为了表示感谢~请允许我为你跳一支舞！",
          "link": "//game.gtimg.cn/images/yxzj/zlkdatasys/audios/audio/20220412/16497713339043.mp3"
        },
        {
          "text": "精灵的翅膀也可以飞越海洋吗？",
          "link": "//game.gtimg.cn/images/yxzj/zlkdatasys/audios/audio/20220415/16500171252978.mp3"
        },
        {
          "text": "你的哥哥只是出去玩一阵儿~他会回来的！",
          "link": "//game.gtimg.cn/images/yxzj/zlkdatasys/audios/audio/20220412/16497713754579.mp3"
        },
        {
          "text": "森林…...是不是也在这样想念我呢？",
          "link": "//game.gtimg.cn/images/yxzj/zlkdatasys/audios/audio/20220412/16497713918144.mp3"
        },
        {
          "text": "无法说出口的话，就跳舞吧~",
          "link": "//game.gtimg.cn/images/yxzj/zlkdatasys/audios/audio/20220412/16497714177231.wav"
        },
        {
          "text": "阳光、红叶、惊鸿…..你的舞蹈在讲幸福的故事~",
          "link": "//game.gtimg.cn/images/yxzj/zlkdatasys/audios/audio/20220412/16497714377757.mp3"
        },
        {
          "text": "小鹿和精灵都是最诚实的生物！",
          "link": "//game.gtimg.cn/images/yxzj/zlkdatasys/audios/audio/20220412/16497714607905.mp3"
        },
        {
          "text": "小熊说，阿古阿古~他想和艾琳跳支舞~",
          "link": "//game.gtimg.cn/images/yxzj/zlkdatasys/audios/audio/20220412/16497714824733.mp3"
        },
        {
          "text": "我来的地方，一颗树下面有135根草~",
          "link": "//game.gtimg.cn/images/yxzj/zlkdatasys/audios/audio/20220412/16497715071692.mp3"
        },
        {
          "text": "森林里没有两片相同的树叶——嗯，我全都比对过了！",
          "link": "//game.gtimg.cn/images/yxzj/zlkdatasys/audios/audio/20220412/16497715278389.mp3"
        },
        {
          "text": "很久很久以前，有个遥远的地方叫黄金森林~",
          "link": "//game.gtimg.cn/images/yxzj/zlkdatasys/audios/audio/20220412/16497715527914.mp3"
        },
        {
          "text": "嘿~你在看守宝藏吗？",
          "link": "//game.gtimg.cn/images/yxzj/zlkdatasys/audios/audio/20220412/16497715672365.wav"
        },
        {
          "text": "请问，有讲精灵历史的书吗？",
          "link": "//game.gtimg.cn/images/yxzj/zlkdatasys/audios/audio/20220412/16497715945714.wav"
        },
        {
          "text": "红头发的小女孩一定会喜欢这个~",
          "link": "//game.gtimg.cn/images/yxzj/zlkdatasys/audios/audio/20220412/16497716083790.wav"
        },
        {
          "text": "有个朋友总是让我多看书——这本书可以嘛？",
          "link": "//game.gtimg.cn/images/yxzj/zlkdatasys/audios/audio/20220412/16497716281588.mp3"
        },
        {
          "text": "可以再来一顶吗？我想带回森林做礼物，谢谢~",
          "link": "//game.gtimg.cn/images/yxzj/zlkdatasys/audios/audio/20220412/16497716685685.mp3"
        },
        {
          "text": "亚瑟团长的剑！我可要帮他保管好~",
          "link": "//game.gtimg.cn/images/yxzj/zlkdatasys/audios/audio/20220412/16497717087168.mp3"
        },
        {
          "text": "这把剑上刻着很多过去的故事",
          "link": "//game.gtimg.cn/images/yxzj/zlkdatasys/audios/audio/20220412/16497717211154.mp3"
        },
        {
          "text": "精灵可拿不动这种笨重的武器~",
          "link": "//game.gtimg.cn/images/yxzj/zlkdatasys/audios/audio/20220412/16497717569300.mp3"
        },
        {
          "text": "额……太重了，我拿不动它",
          "link": "//game.gtimg.cn/images/yxzj/zlkdatasys/audios/audio/20220412/16497717768276.mp3"
        },
        {
          "text": "我还是适合轻一点的",
          "link": "//game.gtimg.cn/images/yxzj/zlkdatasys/audios/audio/20220415/16500168898476.mp3"
        },
        {
          "text": "有了它，就可以追赶太阳了！",
          "link": "//game.gtimg.cn/images/yxzj/zlkdatasys/audios/audio/20220415/16500168669501.mp3"
        },
        {
          "text": "该回森林看看了~",
          "link": "//game.gtimg.cn/images/yxzj/zlkdatasys/audios/audio/20220415/16500174995929.mp3"
        },
        {
          "text": "生命，最美的序曲！",
          "link": "//game.gtimg.cn/images/yxzj/zlkdatasys/audios/audio/20220412/16497718482427.wav"
        },
        {
          "text": "帮了你，我们就是朋友啦~",
          "link": "//game.gtimg.cn/images/yxzj/zlkdatasys/audios/audio/20220412/16497719157669.wav"
        }
      ],
      "name": "原皮"
    },
    {
      "voice": [
        {
          "text": "改变，往往源于一场美妙的奇遇",
          "link": "//game.gtimg.cn/images/yxzj/zlkdatasys/audios/audio/20220420/16504435243670.mp3"
        },
        {
          "text": "将我唤醒的...是这颗滚烫的心吗",
          "link": "//game.gtimg.cn/images/yxzj/zlkdatasys/audios/audio/20220420/16504435455374.mp3"
        },
        {
          "text": "我们终将抵达~自由之船靠岸的地方",
          "link": "//game.gtimg.cn/images/yxzj/zlkdatasys/audios/audio/20220420/16504435654297.mp3"
        },
        {
          "text": "结局~要由自己书写！",
          "link": "//game.gtimg.cn/images/yxzj/zlkdatasys/audios/audio/20220420/16504408311690.mp3"
        },
        {
          "text": "我们将于炉火中相拥，结束命运的捉弄",
          "link": "//game.gtimg.cn/images/yxzj/zlkdatasys/audios/audio/20220420/16504408893789.mp3"
        },
        {
          "text": "八音盒外的世界，比梦境更辽阔！",
          "link": "//game.gtimg.cn/images/yxzj/zlkdatasys/audios/audio/20220420/16504409348434.mp3"
        },
        {
          "text": "目的地一致的人会再次相遇",
          "link": "//game.gtimg.cn/images/yxzj/zlkdatasys/audios/audio/20220420/16504409724297.mp3"
        },
        {
          "text": "抱歉，第一支舞已经预留给了锡兵先生",
          "link": "//game.gtimg.cn/images/yxzj/zlkdatasys/audios/audio/20220420/16504409981320.mp3"
        },
        {
          "text": "牧羊女和烟囱人，是第一对离开玩具屋的小伙伴",
          "link": "//game.gtimg.cn/images/yxzj/zlkdatasys/audios/audio/20220420/16504410283220.mp3"
        },
        {
          "text": "印象最深的路人嘛...是个拇指大的姑娘",
          "link": "//game.gtimg.cn/images/yxzj/zlkdatasys/audios/audio/20220420/16504410596116.mp3"
        },
        {
          "text": "爱让我们忘记恐惧",
          "link": "//game.gtimg.cn/images/yxzj/zlkdatasys/audios/audio/20220420/16504411261520.mp3"
        },
        {
          "text": "你所触碰的，是一颗连火焰也无法熔化的心",
          "link": "//game.gtimg.cn/images/yxzj/zlkdatasys/audios/audio/20220420/16504412122151.mp3"
        },
        {
          "text": "没有感受过爱的人，当然不会理解爱",
          "link": "//game.gtimg.cn/images/yxzj/zlkdatasys/audios/audio/20220420/16504412697975.mp3"
        },
        {
          "text": "启程时刻",
          "link": "//game.gtimg.cn/images/yxzj/zlkdatasys/audios/audio/20220420/16504413768605.mp3"
        },
        {
          "text": "向远方看",
          "link": "//game.gtimg.cn/images/yxzj/zlkdatasys/audios/audio/20220420/16504414005158.mp3"
        },
        {
          "text": "保持自己的姿态",
          "link": "//game.gtimg.cn/images/yxzj/zlkdatasys/audios/audio/20220420/16504414226277.mp3"
        },
        {
          "text": "踮脚张望",
          "link": "//game.gtimg.cn/images/yxzj/zlkdatasys/audios/audio/20220420/16504414441654.mp3"
        },
        {
          "text": "享受微风",
          "link": "//game.gtimg.cn/images/yxzj/zlkdatasys/audios/audio/20220420/16504414678684.mp3"
        },
        {
          "text": "于足尖起舞",
          "link": "//game.gtimg.cn/images/yxzj/zlkdatasys/audios/audio/20220420/16504415184925.mp3"
        },
        {
          "text": "去追逐，去寻找！",
          "link": "//game.gtimg.cn/images/yxzj/zlkdatasys/audios/audio/20220420/16504415376617.mp3"
        },
        {
          "text": "我们因爱而自由！",
          "link": "//game.gtimg.cn/images/yxzj/zlkdatasys/audios/audio/20220420/16504415602239.mp3"
        },
        {
          "text": "去实现...那个触不可及的美梦",
          "link": "//game.gtimg.cn/images/yxzj/zlkdatasys/audios/audio/20220420/16504415964495.mp3"
        },
        {
          "text": "不可触及...但会反复回忆",
          "link": "//game.gtimg.cn/images/yxzj/zlkdatasys/audios/audio/20220420/16504416221652.mp3"
        }
      ],
      "name": "奇遇舞章"
    },
    {
      "voice": [
        {
          "text": "相逢为缘，相别却难，故愿犹在，故人未远~",
          "link": "//game.gtimg.cn/images/yxzj/zlkdatasys/audios/audio/20240109/17047941558973.mp3"
        },
        {
          "text": "纷飞尽离愁，若盼得昔颜未改，共赏锦绣人间。",
          "link": "//game.gtimg.cn/images/yxzj/zlkdatasys/audios/audio/20240109/17047941788990.mp3"
        },
        {
          "text": "红尘追忆，悬作相思一缕，系向谁家池畔？",
          "link": "//game.gtimg.cn/images/yxzj/zlkdatasys/audios/audio/20240109/17047942115499.mp3"
        },
        {
          "text": "志怪话本里常说，人与妖的相遇，叫作“缘”~",
          "link": "//game.gtimg.cn/images/yxzj/zlkdatasys/audios/audio/20240109/17047708794656.mp3"
        },
        {
          "text": "小妖们都想修成人形，却不知人往往不得自由。",
          "link": "//game.gtimg.cn/images/yxzj/zlkdatasys/audios/audio/20240109/17047709221151.mp3"
        },
        {
          "text": "你从何处拾得的画卷？画中之蝶是我，画中之“我”是她。",
          "link": "//game.gtimg.cn/images/yxzj/zlkdatasys/audios/audio/20240109/17047709476457.mp3"
        },
        {
          "text": "若修为再精进一些，是不是……就能与她相伴很多很多年？",
          "link": "//game.gtimg.cn/images/yxzj/zlkdatasys/audios/audio/20240109/17047709741267.mp3"
        },
        {
          "text": "同观四时盛景，共历凡尘悲欢。这便是我们的约定～",
          "link": "//game.gtimg.cn/images/yxzj/zlkdatasys/audios/audio/20240109/17047709981102.mp3"
        },
        {
          "text": "前方风光无限，莫要在此耽搁~",
          "link": "//game.gtimg.cn/images/yxzj/zlkdatasys/audios/audio/20240109/17047710214440.mp3"
        },
        {
          "text": "又是一年亭台花雨。持扇人，今又何在？",
          "link": "//game.gtimg.cn/images/yxzj/zlkdatasys/audios/audio/20240109/17047710628179.mp3"
        },
        {
          "text": "不论画里画外，与所思之人长相守，便是世间头等幸事。",
          "link": "//game.gtimg.cn/images/yxzj/zlkdatasys/audios/audio/20240109/17047710925294.mp3"
        },
        {
          "text": "妖类漫长的一生中，因心有牵念，才不会觉得彷徨无依。",
          "link": "//game.gtimg.cn/images/yxzj/zlkdatasys/audios/audio/20240109/17047711136132.mp3"
        },
        {
          "text": "似曾相识蝶归来……",
          "link": "//game.gtimg.cn/images/yxzj/zlkdatasys/audios/audio/20240109/17047711462679.mp3"
        },
        {
          "text": "美景良辰~",
          "link": "//game.gtimg.cn/images/yxzj/zlkdatasys/audios/audio/20240109/17047711929730.mp3"
        },
        {
          "text": "何不驻足欣赏？",
          "link": "//game.gtimg.cn/images/yxzj/zlkdatasys/audios/audio/20240109/17047712258879.mp3"
        },
        {
          "text": "玉翅翩翩~",
          "link": "//game.gtimg.cn/images/yxzj/zlkdatasys/audios/audio/20240109/17047712563514.mp3"
        },
        {
          "text": "拂草萦花~",
          "link": "//game.gtimg.cn/images/yxzj/zlkdatasys/audios/audio/20240109/17047712748041.mp3"
        },
        {
          "text": "莫负好韶光。",
          "link": "//game.gtimg.cn/images/yxzj/zlkdatasys/audios/audio/20240109/17047712931978.mp3"
        },
        {
          "text": "舞未歇，思不绝~",
          "link": "//game.gtimg.cn/images/yxzj/zlkdatasys/audios/audio/20240109/17047713181940.mp3"
        },
        {
          "text": "一愿春常在，二愿人不离~",
          "link": "//game.gtimg.cn/images/yxzj/zlkdatasys/audios/audio/20240109/17047713361327.mp3"
        },
        {
          "text": "浮生苦短，为何自苦于高墙之内？",
          "link": "//game.gtimg.cn/images/yxzj/zlkdatasys/audios/audio/20240109/17047713618089.mp3"
        },
        {
          "text": "人间尽芳菲！",
          "link": "//game.gtimg.cn/images/yxzj/zlkdatasys/audios/audio/20240109/17047713818566.mp3"
        },
        {
          "text": "漫漫人世间，你我有缘再见~",
          "link": "//game.gtimg.cn/images/yxzj/zlkdatasys/audios/audio/20240109/17047713989655.mp3"
        }
      ],
      "name": "觅芳踪"
    }
  ]
}
