{
  "data": [
    {
      "voice": [
        {
          "text": "知识，就是力量！",
          "link": "//game.gtimg.cn/images/yxzj/zlkdatasys/audios/audio/20220412/16497554164089.wav"
        },
        {
          "text": "萝莉身，御姐心！",
          "link": "//game.gtimg.cn/images/yxzj/zlkdatasys/audios/audio/20220412/16497554296533.wav"
        },
        {
          "text": "生命，就像人家的魔法书，涂涂改改又是一年！",
          "link": "//game.gtimg.cn/images/yxzj/zlkdatasys/audios/audio/20220412/16497554453695.wav"
        },
        {
          "text": "神秘会屈从于更高的神秘！",
          "link": "//game.gtimg.cn/images/yxzj/zlkdatasys/audios/audio/20220412/16497554618336.wav"
        },
        {
          "text": "魔法，为我而存在。",
          "link": "//game.gtimg.cn/images/yxzj/zlkdatasys/audios/audio/20220412/16497554736512.wav"
        },
        {
          "text": "吊车尾的家伙们，羞羞羞！",
          "link": "//game.gtimg.cn/images/yxzj/zlkdatasys/audios/audio/20220412/16497554869721.wav"
        },
        {
          "text": "一不小心就干掉了个大家伙！",
          "link": "//game.gtimg.cn/images/yxzj/zlkdatasys/audios/audio/20220412/16497555015549.wav"
        },
        {
          "text": "bingo！人家就是来砸场子的！",
          "link": "//game.gtimg.cn/images/yxzj/zlkdatasys/audios/audio/20220412/16497555206773.wav"
        },
        {
          "text": "玩火……自焚~",
          "link": "//game.gtimg.cn/images/yxzj/zlkdatasys/audios/audio/20220412/16497555342182.wav"
        },
        {
          "text": "哟呵，火烧屁屁罗",
          "link": "//game.gtimg.cn/images/yxzj/zlkdatasys/audios/audio/20220412/16497555506063.wav"
        },
        {
          "text": "我很生气，后果很严重！",
          "link": "//game.gtimg.cn/images/yxzj/zlkdatasys/audios/audio/20220412/16497555732405.wav"
        },
        {
          "text": "碾压他们！",
          "link": "//game.gtimg.cn/images/yxzj/zlkdatasys/audios/audio/20220412/16497556013094.wav"
        },
        {
          "text": "去吧",
          "link": "//game.gtimg.cn/images/yxzj/zlkdatasys/audios/audio/20220412/16497556192587.wav"
        },
        {
          "text": "上",
          "link": "//game.gtimg.cn/images/yxzj/zlkdatasys/audios/audio/20220412/16497556374495.wav"
        },
        {
          "text": "干掉他们",
          "link": "//game.gtimg.cn/images/yxzj/zlkdatasys/audios/audio/20220412/16497556509751.wav"
        },
        {
          "text": "替你点根蜡！",
          "link": "//game.gtimg.cn/images/yxzj/zlkdatasys/audios/audio/20220412/16497556689639.wav"
        },
        {
          "text": "点燃你们，就有焰火看罗~",
          "link": "//game.gtimg.cn/images/yxzj/zlkdatasys/audios/audio/20220412/16497556908044.wav"
        },
        {
          "text": "你说的黄金森林到底在哪？",
          "link": "//game.gtimg.cn/images/yxzj/zlkdatasys/audios/audio/20220428/16511329683777.mp3"
        },
        {
          "text": "听话的小孩别刨根问底，黑历史会变鬼故事~",
          "link": "//game.gtimg.cn/images/yxzj/zlkdatasys/audios/audio/20220428/16511329899059.mp3"
        },
        {
          "text": "小精灵，少说点胡话~",
          "link": "//game.gtimg.cn/images/yxzj/zlkdatasys/audios/audio/20220428/16511330124899.mp3"
        },
        {
          "text": "艾…...琳……",
          "link": "//game.gtimg.cn/images/yxzj/zlkdatasys/audios/audio/20220428/16511330363387.mp3"
        },
        {
          "text": "艾琳姐姐，能不能帮人家去借一下团长的圣剑~",
          "link": "//game.gtimg.cn/images/yxzj/zlkdatasys/audios/audio/20220428/16511333231622.mp3"
        },
        {
          "text": "优雅的精灵千篇一律",
          "link": "//game.gtimg.cn/images/yxzj/zlkdatasys/audios/audio/20220428/16511333599954.mp3"
        }
      ],
      "name": "原皮"
    },
    {
      "voice": [
        {
          "text": "来块必胜披萨吧~我们天生爱分享",
          "link": "//game.gtimg.cn/images/yxzj/zlkdatasys/audios/audio/20220412/16497567053596.wav"
        },
        {
          "text": "厨娘当家！",
          "link": "//game.gtimg.cn/images/yxzj/zlkdatasys/audios/audio/20220412/16497567196007.wav"
        },
        {
          "text": "唯有爱与美食，不可辜负~~",
          "link": "//game.gtimg.cn/images/yxzj/zlkdatasys/audios/audio/20220412/16497567339108.wav"
        },
        {
          "text": "对美食的热情，就像我的炉火~~融化你哟~",
          "link": "//game.gtimg.cn/images/yxzj/zlkdatasys/audios/audio/20220412/16497567599297.wav"
        },
        {
          "text": "用深夜的披萨来报复对面什么的，也毫无压力哟",
          "link": "//game.gtimg.cn/images/yxzj/zlkdatasys/audios/audio/20220412/16497567728918.wav"
        },
        {
          "text": "亲爱的，你下半辈子的体重，都由我包办了！",
          "link": "//game.gtimg.cn/images/yxzj/zlkdatasys/audios/audio/20220412/16497567917799.wav"
        },
        {
          "text": "啊，这浓郁的口感，庄严又华丽，百分百幸福的味道！",
          "link": "//game.gtimg.cn/images/yxzj/zlkdatasys/audios/audio/20220412/16497568048843.wav"
        },
        {
          "text": "酸酸的甜甜的，有营养味道好~",
          "link": "//game.gtimg.cn/images/yxzj/zlkdatasys/audios/audio/20220412/16497568178095.wav"
        },
        {
          "text": "啊..吃撑了...",
          "link": "//game.gtimg.cn/images/yxzj/zlkdatasys/audios/audio/20220412/16497568317400.wav"
        },
        {
          "text": "啊，这无法抗拒的香味~",
          "link": "//game.gtimg.cn/images/yxzj/zlkdatasys/audios/audio/20220412/16497568493303.wav"
        },
        {
          "text": "上菜咯~~",
          "link": "//game.gtimg.cn/images/yxzj/zlkdatasys/audios/audio/20220412/16497568927342.wav"
        },
        {
          "text": "重逢的滋味，比初次邂逅更加浓郁。",
          "link": "//game.gtimg.cn/images/yxzj/zlkdatasys/audios/audio/20220412/16497569093373.wav"
        },
        {
          "text": "用心烹饪美味，才能不负期待！",
          "link": "//game.gtimg.cn/images/yxzj/zlkdatasys/audios/audio/20220412/16497569611546.wav"
        },
        {
          "text": "呵呵呵，准备大餐，招待对面的朋友咯~",
          "link": "//game.gtimg.cn/images/yxzj/zlkdatasys/audios/audio/20220412/16497569894172.wav"
        },
        {
          "text": "烘培盛宴~",
          "link": "//game.gtimg.cn/images/yxzj/zlkdatasys/audios/audio/20220412/16497570062042.wav"
        },
        {
          "text": "哼，吃霸王餐的，最可恶了！",
          "link": "//game.gtimg.cn/images/yxzj/zlkdatasys/audios/audio/20220412/16497570289251.wav"
        },
        {
          "text": "来点宵夜如何？",
          "link": "//game.gtimg.cn/images/yxzj/zlkdatasys/audios/audio/20220412/16497570457127.wav"
        },
        {
          "text": "你就像你的料理，有毒~~",
          "link": "//game.gtimg.cn/images/yxzj/zlkdatasys/audios/audio/20220412/16497571489876.wav"
        }
      ],
      "name": "魔法小厨娘"
    },
    {
      "voice": [
        {
          "text": "骇客很酷，心灵很美，我就这样又酷又美",
          "link": "//game.gtimg.cn/images/yxzj/zlkdatasys/audios/audio/20220412/16497572683493.mp3"
        },
        {
          "text": "另类！夺目！脱颖而出！",
          "link": "//game.gtimg.cn/images/yxzj/zlkdatasys/audios/audio/20220412/16497572897852.mp3"
        },
        {
          "text": "全都要齐齐整整？不是逻辑，叫强迫症！",
          "link": "//game.gtimg.cn/images/yxzj/zlkdatasys/audios/audio/20220412/16497573102257.mp3"
        },
        {
          "text": "憧憬做不到的事，就去阻止它吗？坏蛋！",
          "link": "//game.gtimg.cn/images/yxzj/zlkdatasys/audios/audio/20220412/16497573633355.mp3"
        },
        {
          "text": "系统宕机的话，重启就好啦。随时保持出发的勇气~",
          "link": "//game.gtimg.cn/images/yxzj/zlkdatasys/audios/audio/20220412/16497573806802.mp3"
        },
        {
          "text": "真正的世界应当有色彩，就像心本来就该充满感情",
          "link": "//game.gtimg.cn/images/yxzj/zlkdatasys/audios/audio/20220412/16497574047710.mp3"
        },
        {
          "text": "节奏摇摆的时候，一天会变成365个季节",
          "link": "//game.gtimg.cn/images/yxzj/zlkdatasys/audios/audio/20220412/16497574254069.mp3"
        },
        {
          "text": "解放天性",
          "link": "//game.gtimg.cn/images/yxzj/zlkdatasys/audios/audio/20220412/16497574419345.wav"
        },
        {
          "text": "你们的心不痛吗？",
          "link": "//game.gtimg.cn/images/yxzj/zlkdatasys/audios/audio/20220412/16497575183924.mp3"
        },
        {
          "text": "love and peace！",
          "link": "//game.gtimg.cn/images/yxzj/zlkdatasys/audios/audio/20220412/16497575339965.wav"
        },
        {
          "text": "酷毙了！",
          "link": "//game.gtimg.cn/images/yxzj/zlkdatasys/audios/audio/20220412/16497575463341.wav"
        },
        {
          "text": "给你点颜色看看~",
          "link": "//game.gtimg.cn/images/yxzj/zlkdatasys/audios/audio/20220412/16497575609427.wav"
        },
        {
          "text": "摧毁所有的麻木",
          "link": "//game.gtimg.cn/images/yxzj/zlkdatasys/audios/audio/20220412/16497575759660.wav"
        },
        {
          "text": "快崇拜我吧，承认你忘不掉我的色彩",
          "link": "//game.gtimg.cn/images/yxzj/zlkdatasys/audios/audio/20220412/16497575933677.mp3"
        }
      ],
      "name": "心灵骇客"
    },
    {
      "voice": [
        {
          "text": "魔法书！让我看看——那个断更的漫画家究竟是谁？！",
          "link": "//game.gtimg.cn/images/yxzj/zlkdatasys/audios/audio/20220415/16499930201937.mp3"
        },
        {
          "text": "穿越次元——还有人在时间停止的世界等着我!",
          "link": "//game.gtimg.cn/images/yxzj/zlkdatasys/audios/audio/20220415/16499929885948.mp3"
        },
        {
          "text": "给三次元的世界，加点惊喜~",
          "link": "//game.gtimg.cn/images/yxzj/zlkdatasys/audios/audio/20220415/16499930054516.mp3"
        },
        {
          "text": "嘿嘿，看到我的主角光环了吗？",
          "link": "//game.gtimg.cn/images/yxzj/zlkdatasys/audios/audio/20220412/16497577977228.wav"
        },
        {
          "text": "没有无聊的梦想，只有无聊的头脑~",
          "link": "//game.gtimg.cn/images/yxzj/zlkdatasys/audios/audio/20220412/16497578156143.mp3"
        },
        {
          "text": "谁能保证自己的人生就没有剧本呢？",
          "link": "//game.gtimg.cn/images/yxzj/zlkdatasys/audios/audio/20220412/16497578358669.mp3"
        },
        {
          "text": "想象力，才是最强大的武器！",
          "link": "//game.gtimg.cn/images/yxzj/zlkdatasys/audios/audio/20220412/16497578541353.wav"
        },
        {
          "text": "世界是二维的，生活是立体的~",
          "link": "//game.gtimg.cn/images/yxzj/zlkdatasys/audios/audio/20220412/16497578702335.wav"
        },
        {
          "text": "可恶……不要在弹幕剧透我的结局啊！",
          "link": "//game.gtimg.cn/images/yxzj/zlkdatasys/audios/audio/20220412/16497578994760.mp3"
        },
        {
          "text": "来~让我们悄悄地瞄准对面！",
          "link": "//game.gtimg.cn/images/yxzj/zlkdatasys/audios/audio/20220412/16497579395926.mp3"
        },
        {
          "text": "前方高能！",
          "link": "//game.gtimg.cn/images/yxzj/zlkdatasys/audios/audio/20220412/16497579564361.wav"
        },
        {
          "text": "终极大招——回忆杀！",
          "link": "//game.gtimg.cn/images/yxzj/zlkdatasys/audios/audio/20220412/16497579718268.wav"
        },
        {
          "text": "下一话，就到你领便当~",
          "link": "//game.gtimg.cn/images/yxzj/zlkdatasys/audios/audio/20220412/16497579937717.wav"
        },
        {
          "text": "咦~反派的下场！",
          "link": "//game.gtimg.cn/images/yxzj/zlkdatasys/audios/audio/20220412/16497580187633.wav"
        },
        {
          "text": "略略略，我的角色榜人气比你高~",
          "link": "//game.gtimg.cn/images/yxzj/zlkdatasys/audios/audio/20220412/16497580394980.mp3"
        },
        {
          "text": "是我关注的作者更新了吗？！",
          "link": "//game.gtimg.cn/images/yxzj/zlkdatasys/audios/audio/20220412/16497580615470.mp3"
        }
      ],
      "name": "时之奇旅"
    },
    {
      "voice": [
        {
          "text": "欢乐背后藏着恐惧，恶作剧背后……还是恶作剧～",
          "link": "//game.gtimg.cn/images/yxzj/zlkdatasys/audios/audio/20230630/16881091425490.mp3"
        },
        {
          "text": "欢迎再次来到，魔女的狂欢派对！",
          "link": "//game.gtimg.cn/images/yxzj/zlkdatasys/audios/audio/20230630/16881091752718.mp3"
        },
        {
          "text": "每一场杰出恶作剧的背后，都有一个不可缺少的笨蛋~",
          "link": "//game.gtimg.cn/images/yxzj/zlkdatasys/audios/audio/20230630/16881092168330.mp3"
        },
        {
          "text": "带小精灵出门散步，顺便给大块头加些工作量~",
          "link": "//game.gtimg.cn/images/yxzj/zlkdatasys/audios/audio/20230629/16880261896813.mp3"
        },
        {
          "text": "魔法部的家伙，喜欢鼻涕虫变的屋顶，还是南瓜做的车轮？",
          "link": "//game.gtimg.cn/images/yxzj/zlkdatasys/audios/audio/20230629/16880262223683.mp3"
        },
        {
          "text": "黑名单，都是吓唬小孩子的废纸～！",
          "link": "//game.gtimg.cn/images/yxzj/zlkdatasys/audios/audio/20230629/16880276646239.mp3"
        },
        {
          "text": "走慢点儿～不然大块头可就追不上啦。",
          "link": "//game.gtimg.cn/images/yxzj/zlkdatasys/audios/audio/20230629/16880276985744.mp3"
        },
        {
          "text": "无趣漫长的魔女生涯，渴望一场刺激的追逃游戏！",
          "link": "//game.gtimg.cn/images/yxzj/zlkdatasys/audios/audio/20230629/16880277829977.mp3"
        },
        {
          "text": "秩序之外，魔法绽放可能。",
          "link": "//game.gtimg.cn/images/yxzj/zlkdatasys/audios/audio/20230629/16880278125407.mp3"
        },
        {
          "text": "不要窥探魔女的行踪~",
          "link": "//game.gtimg.cn/images/yxzj/zlkdatasys/audios/audio/20230629/16880278406786.mp3"
        },
        {
          "text": "是我做的，那又如何？",
          "link": "//game.gtimg.cn/images/yxzj/zlkdatasys/audios/audio/20230629/16880278694763.mp3"
        },
        {
          "text": "可恶...被抓包了...",
          "link": "//game.gtimg.cn/images/yxzj/zlkdatasys/audios/audio/20230629/16880278972364.mp3"
        },
        {
          "text": "哎……捉弄笨蛋，得不到半点成就感。",
          "link": "//game.gtimg.cn/images/yxzj/zlkdatasys/audios/audio/20230629/16880279299543.mp3"
        },
        {
          "text": "嘻嘻~吓你一跳！",
          "link": "//game.gtimg.cn/images/yxzj/zlkdatasys/audios/audio/20230629/16880280324561.mp3"
        },
        {
          "text": "砰！璀璨精灵~",
          "link": "//game.gtimg.cn/images/yxzj/zlkdatasys/audios/audio/20230629/16880281501668.mp3"
        },
        {
          "text": "哼，发现你了！",
          "link": "//game.gtimg.cn/images/yxzj/zlkdatasys/audios/audio/20230629/16880281798237.mp3"
        },
        {
          "text": "魔法，生而自由！",
          "link": "//game.gtimg.cn/images/yxzj/zlkdatasys/audios/audio/20230629/16880282647838.mp3"
        },
        {
          "text": "来点惊喜吗？",
          "link": "//game.gtimg.cn/images/yxzj/zlkdatasys/audios/audio/20230629/16880282976743.mp3"
        },
        {
          "text": "噼啪噼啪——精灵狂欢派对！",
          "link": "//game.gtimg.cn/images/yxzj/zlkdatasys/audios/audio/20230629/16880283356339.mp3"
        },
        {
          "text": "好吧～那下回就只针对管理员本人吧！",
          "link": "//game.gtimg.cn/images/yxzj/zlkdatasys/audios/audio/20230629/16880284767305.mp3"
        },
        {
          "text": "嘻嘻，有本事再来追我呀～",
          "link": "//game.gtimg.cn/images/yxzj/zlkdatasys/audios/audio/20230629/16880285081839.mp3"
        },
        {
          "text": "要来点出其不意的小惊喜吗～？",
          "link": "//game.gtimg.cn/images/yxzj/zlkdatasys/audios/audio/20230629/16880285363715.mp3"
        },
        {
          "text": "今天的游戏——捉弄一个老古板的大块头～",
          "link": "//game.gtimg.cn/images/yxzj/zlkdatasys/audios/audio/20230629/16880285675743.mp3"
        },
        {
          "text": "略略略，拜拜咯各位～",
          "link": "//game.gtimg.cn/images/yxzj/zlkdatasys/audios/audio/20230629/16880286296400.mp3"
        },
        {
          "text": "成熟的魔法师从不使用咒语，只要用糖果指挥能干的小精灵～",
          "link": "//game.gtimg.cn/images/yxzj/zlkdatasys/audios/audio/20230629/16880286856995.mp3"
        }
      ],
      "name": "追逃游戏"
    },
    {
      "voice": [
        {
          "text": "汇海路奇珍，通万国之商。",
          "link": "//game.gtimg.cn/images/yxzj/zlkdatasys/audios/audio/20240204/17070403498255.mp3"
        },
        {
          "text": "驾海相迎～",
          "link": "//game.gtimg.cn/images/yxzj/zlkdatasys/audios/audio/20240204/17070403671959.mp3"
        },
        {
          "text": "千秋为纪，海丝肇起。",
          "link": "//game.gtimg.cn/images/yxzj/zlkdatasys/audios/audio/20240204/17070403851091.mp3"
        },
        {
          "text": "承千秋之祐，聚万象为龙！",
          "link": "//game.gtimg.cn/images/yxzj/zlkdatasys/audios/audio/20240204/17070404616005.mp3"
        },
        {
          "text": "满船罗绮，价比明珠千斛；白釉青花，当换异木奇香～",
          "link": "//game.gtimg.cn/images/yxzj/zlkdatasys/audios/audio/20240204/17070404979009.mp3"
        },
        {
          "text": "海纳百川容万物，货利万邦通有无！",
          "link": "//game.gtimg.cn/images/yxzj/zlkdatasys/audios/audio/20240204/17070405551647.mp3"
        },
        {
          "text": "须知黄金未是宝，机勇情义胜珠珍～（改编自王梵志《黄金未是宝》）",
          "link": "//game.gtimg.cn/images/yxzj/zlkdatasys/audios/audio/20240204/17070406137903.mp3"
        },
        {
          "text": "呐说好了！且凭螺音为号，承愿必至，应召必来~",
          "link": "//game.gtimg.cn/images/yxzj/zlkdatasys/audios/audio/20240204/17070406434804.mp3"
        },
        {
          "text": "荫庇东南，吐纳万里，风泊洪涛，安危所倚～",
          "link": "//game.gtimg.cn/images/yxzj/zlkdatasys/audios/audio/20240204/17070406657466.mp3"
        },
        {
          "text": "船行闽水域外，风舶海北天南，四海遍吾相识，万里也是同乡～",
          "link": "//game.gtimg.cn/images/yxzj/zlkdatasys/audios/audio/20240204/17070406858597.mp3"
        },
        {
          "text": "宝舟七涉重洋远，沧浪声声渡百年，今朝复相见。",
          "link": "//game.gtimg.cn/images/yxzj/zlkdatasys/audios/audio/20240204/17070407075902.mp3"
        },
        {
          "text": "明月光，照四方，枕浪梦乡是故乡～",
          "link": "//game.gtimg.cn/images/yxzj/zlkdatasys/audios/audio/20240204/17070407251616.mp3"
        },
        {
          "text": "海角天涯，再来相见吧～",
          "link": "//game.gtimg.cn/images/yxzj/zlkdatasys/audios/audio/20240204/17070407443681.mp3"
        },
        {
          "text": "问尔能奈浪涛何～",
          "link": "//game.gtimg.cn/images/yxzj/zlkdatasys/audios/audio/20240204/17070407636122.mp3"
        },
        {
          "text": "好一出“卷长波送君千里，遗金匮答谢小可”，朋友多礼啦～",
          "link": "//game.gtimg.cn/images/yxzj/zlkdatasys/audios/audio/20240204/17070407868596.mp3"
        },
        {
          "text": "东瞰扶胥！（选自《广东通志》）",
          "link": "//game.gtimg.cn/images/yxzj/zlkdatasys/audios/audio/20240204/17070408139012.mp3"
        },
        {
          "text": "西望灵洲！（选自《广东通志》）",
          "link": "//game.gtimg.cn/images/yxzj/zlkdatasys/audios/audio/20240204/17070408601118.mp3"
        },
        {
          "text": "水飞三千里！",
          "link": "//game.gtimg.cn/images/yxzj/zlkdatasys/audios/audio/20240204/17070408786307.mp3"
        },
        {
          "text": "浪淘千金！",
          "link": "//game.gtimg.cn/images/yxzj/zlkdatasys/audios/audio/20240204/17070408999438.mp3"
        },
        {
          "text": "南风回舶～",
          "link": "//game.gtimg.cn/images/yxzj/zlkdatasys/audios/audio/20240204/17070409178070.mp3"
        },
        {
          "text": "流液成珠！",
          "link": "//game.gtimg.cn/images/yxzj/zlkdatasys/audios/audio/20240204/17070409352742.mp3"
        },
        {
          "text": "顺风得利，祀海祈祥！",
          "link": "//game.gtimg.cn/images/yxzj/zlkdatasys/audios/audio/20240204/17070409536267.mp3"
        },
        {
          "text": "来往任风潮！（改编自孟浩然《舟中晓望》）",
          "link": "//game.gtimg.cn/images/yxzj/zlkdatasys/audios/audio/20240204/17070409796320.mp3"
        },
        {
          "text": "波涛清晏！",
          "link": "//game.gtimg.cn/images/yxzj/zlkdatasys/audios/audio/20240204/17070410009268.mp3"
        },
        {
          "text": "涨海潮声里，会有再相逢！",
          "link": "//game.gtimg.cn/images/yxzj/zlkdatasys/audios/audio/20240204/17070410326497.mp3"
        },
        {
          "text": "信风已至，满载当归～",
          "link": "//game.gtimg.cn/images/yxzj/zlkdatasys/audios/audio/20240204/17070410621565.mp3"
        },
        {
          "text": "小风小浪而已啦！大小姐～～你不会是，在担心我吧？",
          "link": "//game.gtimg.cn/images/yxzj/zlkdatasys/audios/audio/20240204/17070411192040.mp3"
        },
        {
          "text": "喂喂！你这是悄悄藏了什么？",
          "link": "//game.gtimg.cn/images/yxzj/zlkdatasys/audios/audio/20240204/17070411548317.mp3"
        },
        {
          "text": "人说物老成怪，我观你年寿最少有个……百八千载？",
          "link": "//game.gtimg.cn/images/yxzj/zlkdatasys/audios/audio/20240204/17070411905062.mp3"
        },
        {
          "text": "嘿嘿你还有没有什么值得认识的朋友！都为我引荐一下？",
          "link": "//game.gtimg.cn/images/yxzj/zlkdatasys/audios/audio/20240204/17070412202982.mp3"
        },
        {
          "text": "什么什么？！可以相助，没说倾囊啊！",
          "link": "//game.gtimg.cn/images/yxzj/zlkdatasys/audios/audio/20240204/17070412585748.mp3"
        },
        {
          "text": "所谓拿人手短，吃人嘴软……你、你、还有你！",
          "link": "//game.gtimg.cn/images/yxzj/zlkdatasys/audios/audio/20240204/17070412795162.mp3"
        },
        {
          "text": "投你以木桃，报我以琼瑶，木桃在此～喵喵喵喵？（改编自《诗经·国风·木瓜》）",
          "link": "//game.gtimg.cn/images/yxzj/zlkdatasys/audios/audio/20240204/17070413166511.mp3"
        },
        {
          "text": "唔……你看～大海洋萍都能相逢，人世悠长定会再见！",
          "link": "//game.gtimg.cn/images/yxzj/zlkdatasys/audios/audio/20240204/17070413716411.mp3"
        }
      ],
      "name": "乘龙·聚宝船"
    }
  ]
}
