{
  "data": [
    {
      "voice": [
        {
          "text": "暗中观察！",
          "link": "//game.gtimg.cn/images/yxzj/zlkdatasys/audios/audio/20220411/16496453578859.wav"
        },
        {
          "text": "给我一个目标，还你一片寂静",
          "link": "//game.gtimg.cn/images/yxzj/zlkdatasys/audios/audio/20220411/16496459267014.wav"
        },
        {
          "text": "今天的长城也很和平",
          "link": "//game.gtimg.cn/images/yxzj/zlkdatasys/audios/audio/20220411/16496459724620.wav"
        },
        {
          "text": "没有想保护的人，枪就成了无用的玩具",
          "link": "//game.gtimg.cn/images/yxzj/zlkdatasys/audios/audio/20220411/16496460132889.wav"
        },
        {
          "text": "无论何时，何地，都会遵守约定。",
          "link": "//game.gtimg.cn/images/yxzj/zlkdatasys/audios/audio/20220411/16496461124464.wav"
        },
        {
          "text": "关于取下敌人性命这件事，也从不失约",
          "link": "//game.gtimg.cn/images/yxzj/zlkdatasys/audios/audio/20220411/16496461497522.wav"
        },
        {
          "text": "路过草丛的熟人，以子弹礼貌招呼",
          "link": "//game.gtimg.cn/images/yxzj/zlkdatasys/audios/audio/20220411/16496462213727.wav"
        },
        {
          "text": "准备篝火旁的晚餐，庆祝又活过一天",
          "link": "//game.gtimg.cn/images/yxzj/zlkdatasys/audios/audio/20220411/16496462499467.wav"
        },
        {
          "text": "最后一次失约……",
          "link": "//game.gtimg.cn/images/yxzj/zlkdatasys/audios/audio/20220411/16496462981260.wav"
        },
        {
          "text": "你自己闯进来的",
          "link": "//game.gtimg.cn/images/yxzj/zlkdatasys/audios/audio/20220411/16496464211135.wav"
        },
        {
          "text": "击穿盲点",
          "link": "//game.gtimg.cn/images/yxzj/zlkdatasys/audios/audio/20220411/16496464539409.wav"
        },
        {
          "text": "奋力逃吧",
          "link": "//game.gtimg.cn/images/yxzj/zlkdatasys/audios/audio/20220411/16496464922948.wav"
        },
        {
          "text": "从狙击镜里，捕捉到了你整套表情包。",
          "link": "//game.gtimg.cn/images/yxzj/zlkdatasys/audios/audio/20220411/16496465233381.wav"
        },
        {
          "text": "玄策，长身体的年龄不许挑食哦",
          "link": "//game.gtimg.cn/images/yxzj/zlkdatasys/audios/audio/20220411/16496465598213.wav"
        },
        {
          "text": "做指引你的双眼，看清险阻",
          "link": "//game.gtimg.cn/images/yxzj/zlkdatasys/audios/audio/20220411/16496466377792.wav"
        },
        {
          "text": "兄弟，就该永远在一起。那是和母亲的约定。",
          "link": "//game.gtimg.cn/images/yxzj/zlkdatasys/audios/audio/20220411/16496466668572.wav"
        },
        {
          "text": "至亲之血，胜于虚名",
          "link": "//game.gtimg.cn/images/yxzj/zlkdatasys/audios/audio/20220411/16496466995892.wav"
        },
        {
          "text": "身为兄长，都会以自己的方式，去爱血脉相连的那个人",
          "link": "//game.gtimg.cn/images/yxzj/zlkdatasys/audios/audio/20220411/16496467423236.wav"
        },
        {
          "text": "在保护弟弟，就不会",
          "link": "//game.gtimg.cn/images/yxzj/zlkdatasys/audios/audio/20220415/16499944593439.mp3"
        },
        {
          "text": "现实冷酷，我们则相依取暖",
          "link": "//game.gtimg.cn/images/yxzj/zlkdatasys/audios/audio/20220411/16496468383673.wav"
        },
        {
          "text": "人生的理想吗？做饭，打扫，照顾弟弟",
          "link": "//game.gtimg.cn/images/yxzj/zlkdatasys/audios/audio/20220411/16496468627016.wav"
        },
        {
          "text": "牛肉是大叔和阿铠的，木兰姐爱粥，蔬菜留给玄策",
          "link": "//game.gtimg.cn/images/yxzj/zlkdatasys/audios/audio/20220411/16496469037941.wav"
        },
        {
          "text": "准备晚餐，也是重要的工作",
          "link": "//game.gtimg.cn/images/yxzj/zlkdatasys/audios/audio/20220411/16496469408282.wav"
        },
        {
          "text": "眼神……充满羡慕的样子……还是装作没看到吧",
          "link": "//game.gtimg.cn/images/yxzj/zlkdatasys/audios/audio/20220411/16496469724372.wav"
        },
        {
          "text": "感谢对玄策的照顾，但仍不许踏入长城半步。",
          "link": "//game.gtimg.cn/images/yxzj/zlkdatasys/audios/audio/20220411/16496470089191.wav"
        }
      ],
      "name": "原皮"
    },
    {
      "voice": [
        {
          "text": "胜利不属于我，属于“我们”~",
          "link": "//game.gtimg.cn/images/yxzj/zlkdatasys/audios/audio/20220411/16496490604319.wav"
        },
        {
          "text": "准备好双打了吗？",
          "link": "//game.gtimg.cn/images/yxzj/zlkdatasys/audios/audio/20220411/16496491128358.wav"
        },
        {
          "text": "武器也有灵魂。",
          "link": "//game.gtimg.cn/images/yxzj/zlkdatasys/audios/audio/20220411/16496588939202.wav"
        },
        {
          "text": "组成我的，是我自己都痛恨的东西。",
          "link": "//game.gtimg.cn/images/yxzj/zlkdatasys/audios/audio/20220411/16496589138577.wav"
        },
        {
          "text": "有谁……与我约定过什么吗？",
          "link": "//game.gtimg.cn/images/yxzj/zlkdatasys/audios/audio/20220411/16496589632502.wav"
        },
        {
          "text": "善良对人类不感兴趣，只有阴影愿意亲近我们。",
          "link": "//game.gtimg.cn/images/yxzj/zlkdatasys/audios/audio/20220411/16496590241748.wav"
        },
        {
          "text": "和恶魔呆久了，你会理解它。",
          "link": "//game.gtimg.cn/images/yxzj/zlkdatasys/audios/audio/20220411/16496590664525.wav"
        },
        {
          "text": "安全是指隐患都被人藏好了",
          "link": "//game.gtimg.cn/images/yxzj/zlkdatasys/audios/audio/20220411/16496591105844.wav"
        },
        {
          "text": "我已经不记得自己有任何亲人了。",
          "link": "//game.gtimg.cn/images/yxzj/zlkdatasys/audios/audio/20220411/16496591397219.wav"
        },
        {
          "text": "我……可以回到原来的样子了吗",
          "link": "//game.gtimg.cn/images/yxzj/zlkdatasys/audios/audio/20220411/16496591658747.wav"
        },
        {
          "text": "枪有点饿了。",
          "link": "//game.gtimg.cn/images/yxzj/zlkdatasys/audios/audio/20220411/16496591945975.wav"
        },
        {
          "text": "吞没一切！",
          "link": "//game.gtimg.cn/images/yxzj/zlkdatasys/audios/audio/20220411/16496592192342.wav"
        },
        {
          "text": "在我这，你可以选择很多种死法。",
          "link": "//game.gtimg.cn/images/yxzj/zlkdatasys/audios/audio/20220411/16496592411567.wav"
        }
      ],
      "name": "特工魅影"
    },
    {
      "voice": [
        {
          "text": "辟邪恶，调阴阳！",
          "link": "//game.gtimg.cn/images/yxzj/zlkdatasys/audios/audio/20220411/16496593647750.wav"
        },
        {
          "text": "列阵在南！",
          "link": "//game.gtimg.cn/images/yxzj/zlkdatasys/audios/audio/20220411/16496593999445.wav"
        },
        {
          "text": "朱雀听命！",
          "link": "//game.gtimg.cn/images/yxzj/zlkdatasys/audios/audio/20220411/16496594235089.wav"
        },
        {
          "text": "队长好像又要发言了，先走一步咯~",
          "link": "//game.gtimg.cn/images/yxzj/zlkdatasys/audios/audio/20220411/16496594488789.wav"
        },
        {
          "text": "淡定……",
          "link": "//game.gtimg.cn/images/yxzj/zlkdatasys/audios/audio/20220411/16496594725529.wav"
        },
        {
          "text": "向导先行~",
          "link": "//game.gtimg.cn/images/yxzj/zlkdatasys/audios/audio/20220411/16496594961626.wav"
        },
        {
          "text": "告诉你个秘密，我仍是队里唯一一个会做饭的人。",
          "link": "//game.gtimg.cn/images/yxzj/zlkdatasys/audios/audio/20220411/16496595218606.wav"
        },
        {
          "text": "决不会在这一刻发出悲鸣。",
          "link": "//game.gtimg.cn/images/yxzj/zlkdatasys/audios/audio/20220411/16496599904922.wav"
        },
        {
          "text": "别出声。",
          "link": "//game.gtimg.cn/images/yxzj/zlkdatasys/audios/audio/20220411/16496600186394.wav"
        },
        {
          "text": "螳螂捕蝉，朱雀在后咯~",
          "link": "//game.gtimg.cn/images/yxzj/zlkdatasys/audios/audio/20220411/16496600431426.wav"
        },
        {
          "text": "保持分寸，就是保持美感~",
          "link": "//game.gtimg.cn/images/yxzj/zlkdatasys/audios/audio/20220411/16496600714251.wav"
        },
        {
          "text": "无人可见，无人能敌！",
          "link": "//game.gtimg.cn/images/yxzj/zlkdatasys/audios/audio/20220411/16496601005402.wav"
        },
        {
          "text": "捕捉我吧，我会属于你~",
          "link": "//game.gtimg.cn/images/yxzj/zlkdatasys/audios/audio/20220411/16496601288614.wav"
        },
        {
          "text": "子弹上膛的声音，是我唱歌的先兆。",
          "link": "//game.gtimg.cn/images/yxzj/zlkdatasys/audios/audio/20220411/16496615274617.wav"
        }
      ],
      "name": "朱雀志"
    },
    {
      "voice": [
        {
          "text": "我们的先祖来自大地，于座座高塔建起城邦。",
          "link": "//game.gtimg.cn/images/yxzj/zlkdatasys/audios/audio/20221011/16654595471287.mp3"
        },
        {
          "text": "孤塔相连，浓雾尽散！",
          "link": "//game.gtimg.cn/images/yxzj/zlkdatasys/audios/audio/20221011/16654595644660.mp3"
        },
        {
          "text": "越靠近天空，越不要忘记根在何处。",
          "link": "//game.gtimg.cn/images/yxzj/zlkdatasys/audios/audio/20221011/16654595761801.mp3"
        },
        {
          "text": "我们，是曙色和星辰的见证者，是驻留云海的天际一族。",
          "link": "//game.gtimg.cn/images/yxzj/zlkdatasys/audios/audio/20220920/16636657315830.mp3"
        },
        {
          "text": "在云上，你我的灵魂是否能寻到故乡？",
          "link": "//game.gtimg.cn/images/yxzj/zlkdatasys/audios/audio/20220920/16636657451610.mp3"
        },
        {
          "text": "要知道，世上所有的塔，都先在孤独的深处扎根。",
          "link": "//game.gtimg.cn/images/yxzj/zlkdatasys/audios/audio/20220920/16636657606263.mp3"
        },
        {
          "text": "我们自出生起便彼此警戒，这样的日子早该结束了。",
          "link": "//game.gtimg.cn/images/yxzj/zlkdatasys/audios/audio/20220920/16636657944384.mp3"
        },
        {
          "text": "带回这颗种子的人说，它开出的花各在一边，但根紧紧相连。",
          "link": "//game.gtimg.cn/images/yxzj/zlkdatasys/audios/audio/20220920/16636658074881.mp3"
        },
        {
          "text": "每一天，我们和看不见的恐惧较量。",
          "link": "//game.gtimg.cn/images/yxzj/zlkdatasys/audios/audio/20220920/16636658224884.mp3"
        },
        {
          "text": "今天，我们交流，却不再依靠语言。",
          "link": "//game.gtimg.cn/images/yxzj/zlkdatasys/audios/audio/20220920/16636658363204.mp3"
        },
        {
          "text": "传说一生住在塔上的人，他的灵魂只能在天海上流浪。",
          "link": "//game.gtimg.cn/images/yxzj/zlkdatasys/audios/audio/20220920/16636658508789.mp3"
        },
        {
          "text": "把我的一切，都抛到天海上。",
          "link": "//game.gtimg.cn/images/yxzj/zlkdatasys/audios/audio/20220920/16636658824811.mp3"
        },
        {
          "text": "告诉我，家在哪儿。",
          "link": "//game.gtimg.cn/images/yxzj/zlkdatasys/audios/audio/20220920/16636658978099.mp3"
        },
        {
          "text": "孤塔难鸣……",
          "link": "//game.gtimg.cn/images/yxzj/zlkdatasys/audios/audio/20220920/16636659223414.mp3"
        },
        {
          "text": "连接就绪！",
          "link": "//game.gtimg.cn/images/yxzj/zlkdatasys/audios/audio/20220920/16636659389828.mp3"
        },
        {
          "text": "拨云见日！",
          "link": "//game.gtimg.cn/images/yxzj/zlkdatasys/audios/audio/20220920/16636659527516.mp3"
        },
        {
          "text": "洞穿迷雾！",
          "link": "//game.gtimg.cn/images/yxzj/zlkdatasys/audios/audio/20220920/16636659681235.mp3"
        },
        {
          "text": "试着逃吧。",
          "link": "//game.gtimg.cn/images/yxzj/zlkdatasys/audios/audio/20220920/16636659816215.mp3"
        },
        {
          "text": "天海之跃！",
          "link": "//game.gtimg.cn/images/yxzj/zlkdatasys/audios/audio/20220920/16636660458269.mp3"
        },
        {
          "text": "告别过去！",
          "link": "//game.gtimg.cn/images/yxzj/zlkdatasys/audios/audio/20220920/16636660601811.mp3"
        },
        {
          "text": "坠入天穹！",
          "link": "//game.gtimg.cn/images/yxzj/zlkdatasys/audios/audio/20220920/16636660764667.mp3"
        },
        {
          "text": "也许下次，我们能成为朋友。",
          "link": "//game.gtimg.cn/images/yxzj/zlkdatasys/audios/audio/20220920/16636660959361.mp3"
        },
        {
          "text": "你对你的同类，真是毫无情分。",
          "link": "//game.gtimg.cn/images/yxzj/zlkdatasys/audios/audio/20220920/16636661154908.mp3"
        },
        {
          "text": "别担心，我会修好你的。",
          "link": "//game.gtimg.cn/images/yxzj/zlkdatasys/audios/audio/20220920/16636661347460.mp3"
        }
      ],
      "name": "碎云"
    },
    {
      "voice": [
        {
          "text": "律动想象，真我释放！",
          "link": "//game.gtimg.cn/images/yxzj/zlkdatasys/audios/audio/20230814/16920035383823.mp3"
        },
        {
          "text": "扣动节奏扳机，重启城市音律",
          "link": "//game.gtimg.cn/images/yxzj/zlkdatasys/audios/audio/20230814/16920035591436.mp3"
        },
        {
          "text": "瞄准灵魂深处的共鸣！",
          "link": "//game.gtimg.cn/images/yxzj/zlkdatasys/audios/audio/20230814/16920035796687.mp3"
        },
        {
          "text": "牢笼形形色色，有些看得见，有些看不见",
          "link": "//game.gtimg.cn/images/yxzj/zlkdatasys/audios/audio/20230814/16919973028209.mp3"
        },
        {
          "text": "情绪的缝隙里， 躲着千万种被表达的可能",
          "link": "//game.gtimg.cn/images/yxzj/zlkdatasys/audios/audio/20230814/16919973216656.mp3"
        },
        {
          "text": "城市里的异类，会在电音中成为同类",
          "link": "//game.gtimg.cn/images/yxzj/zlkdatasys/audios/audio/20230814/16919973384095.mp3"
        },
        {
          "text": "尽情释放吧，在这里，没人会嘲笑彼此",
          "link": "//game.gtimg.cn/images/yxzj/zlkdatasys/audios/audio/20230814/16919973571019.mp3"
        },
        {
          "text": "双眼无法窥见内心的荒原，音乐是唯一的通行证",
          "link": "//game.gtimg.cn/images/yxzj/zlkdatasys/audios/audio/20230814/16919973778322.mp3"
        },
        {
          "text": "记住此刻的感受，并在副歌响起时忘掉它",
          "link": "//game.gtimg.cn/images/yxzj/zlkdatasys/audios/audio/20230814/16919973995729.mp3"
        },
        {
          "text": "小小变奏，写给今天不一样的你",
          "link": "//game.gtimg.cn/images/yxzj/zlkdatasys/audios/audio/20230814/16919974208239.mp3"
        },
        {
          "text": "调音台会记得每一个属于“我们”的改变",
          "link": "//game.gtimg.cn/images/yxzj/zlkdatasys/audios/audio/20230814/16919974415027.mp3"
        },
        {
          "text": "看来......该去收集些素材了",
          "link": "//game.gtimg.cn/images/yxzj/zlkdatasys/audios/audio/20230814/16919974852760.mp3"
        },
        {
          "text": "感谢你提供的新灵感",
          "link": "//game.gtimg.cn/images/yxzj/zlkdatasys/audios/audio/20230814/16919975073457.mp3"
        },
        {
          "text": "如此紊乱的打击感……你，需要节拍器吗？",
          "link": "//game.gtimg.cn/images/yxzj/zlkdatasys/audios/audio/20230814/16919975423764.mp3"
        },
        {
          "text": "捕捉灵感回声",
          "link": "//game.gtimg.cn/images/yxzj/zlkdatasys/audios/audio/20230814/16919975667832.mp3"
        },
        {
          "text": "去发现，去追逐",
          "link": "//game.gtimg.cn/images/yxzj/zlkdatasys/audios/audio/20230814/16919975849209.mp3"
        },
        {
          "text": "控制距离，把握情绪",
          "link": "//game.gtimg.cn/images/yxzj/zlkdatasys/audios/audio/20230814/16919976012647.mp3"
        },
        {
          "text": "听到了~你心跳的节奏",
          "link": "//game.gtimg.cn/images/yxzj/zlkdatasys/audios/audio/20230814/16919976194021.mp3"
        },
        {
          "text": "放轻松，别那么严肃",
          "link": "//game.gtimg.cn/images/yxzj/zlkdatasys/audios/audio/20230814/16919976374601.mp3"
        },
        {
          "text": "锁定重音!",
          "link": "//game.gtimg.cn/images/yxzj/zlkdatasys/audios/audio/20230814/16919976783240.mp3"
        },
        {
          "text": "贯穿麻木！",
          "link": "//game.gtimg.cn/images/yxzj/zlkdatasys/audios/audio/20230814/16919976999955.mp3"
        },
        {
          "text": "加上鼓点，嗯~不错的风格",
          "link": "//game.gtimg.cn/images/yxzj/zlkdatasys/audios/audio/20230814/16919978008284.mp3"
        },
        {
          "text": "小家伙，今天又安排了什么“即兴演出”？",
          "link": "//game.gtimg.cn/images/yxzj/zlkdatasys/audios/audio/20230814/16919977158685.mp3"
        },
        {
          "text": "这个段落的处理，还缺点特别的灵感",
          "link": "//game.gtimg.cn/images/yxzj/zlkdatasys/audios/audio/20230814/16919977359417.mp3"
        },
        {
          "text": "第一次担任主制作，希望小家伙在台上不要太紧张",
          "link": "//game.gtimg.cn/images/yxzj/zlkdatasys/audios/audio/20230814/16919977586637.mp3"
        },
        {
          "text": "看来我们要设立一个新队规——按时吃饭。",
          "link": "//game.gtimg.cn/images/yxzj/zlkdatasys/audios/audio/20230814/16919977781635.mp3"
        }
      ],
      "name": "真我赫兹"
    }
  ]
}