{
  "data": [
    {
      "voice": [
        {
          "text": "请开始你的表演！因为我也要开始了",
          "link": "//game.gtimg.cn/images/yxzj/zlkdatasys/audios/audio/20220412/16497578149491.wav"
        },
        {
          "text": "全场醒目担当！",
          "link": "//game.gtimg.cn/images/yxzj/zlkdatasys/audios/audio/20220412/16497578382588.wav"
        },
        {
          "text": "我有哥哥，你没有，这就是任性的理由。",
          "link": "//game.gtimg.cn/images/yxzj/zlkdatasys/audios/audio/20220412/16497578527100.wav"
        },
        {
          "text": "快，看我真诚的眼神，在替你的生命倒计时",
          "link": "//game.gtimg.cn/images/yxzj/zlkdatasys/audios/audio/20220412/16497578685105.wav"
        },
        {
          "text": "来玩生存游戏吧，很酷的。你来出演生无可恋",
          "link": "//game.gtimg.cn/images/yxzj/zlkdatasys/audios/audio/20220412/16497578836495.wav"
        },
        {
          "text": "答应我，别在飞镰的攻击范围徘徊，他太冲动",
          "link": "//game.gtimg.cn/images/yxzj/zlkdatasys/audios/audio/20220412/16497578989728.wav"
        },
        {
          "text": "飞镰很兴奋，飞镰认为自己可以一挑五",
          "link": "//game.gtimg.cn/images/yxzj/zlkdatasys/audios/audio/20220412/16497579124688.wav"
        },
        {
          "text": "讲道理，有哥哥罩的小疯子简直不讲道理！",
          "link": "//game.gtimg.cn/images/yxzj/zlkdatasys/audios/audio/20220412/16497579272179.wav"
        },
        {
          "text": "哇，开玩笑吗",
          "link": "//game.gtimg.cn/images/yxzj/zlkdatasys/audios/audio/20220412/16497579439392.wav"
        },
        {
          "text": "怎么办。我开始失控了",
          "link": "//game.gtimg.cn/images/yxzj/zlkdatasys/audios/audio/20220412/16497579581975.wav"
        },
        {
          "text": "警报~开大警报",
          "link": "//game.gtimg.cn/images/yxzj/zlkdatasys/audios/audio/20220412/16497579713404.wav"
        },
        {
          "text": "稳住，你们能赢~~才怪",
          "link": "//game.gtimg.cn/images/yxzj/zlkdatasys/audios/audio/20220412/16497579849935.wav"
        },
        {
          "text": "经历过绝望吗？",
          "link": "//game.gtimg.cn/images/yxzj/zlkdatasys/audios/audio/20220412/16497580171672.wav"
        },
        {
          "text": "你的遗言又长又无聊，需要来段利落的总结。",
          "link": "//game.gtimg.cn/images/yxzj/zlkdatasys/audios/audio/20220412/16497580311275.wav"
        },
        {
          "text": "最恐怖的生物……明明是人类",
          "link": "//game.gtimg.cn/images/yxzj/zlkdatasys/audios/audio/20220412/16497580511167.wav"
        },
        {
          "text": "哥哥，如果不能深切感受到自己活着，存在有什么意义",
          "link": "//game.gtimg.cn/images/yxzj/zlkdatasys/audios/audio/20220412/16497580819761.wav"
        },
        {
          "text": "即使哥哥失约，我……也只能选择原谅你！",
          "link": "//game.gtimg.cn/images/yxzj/zlkdatasys/audios/audio/20220412/16497580962469.wav"
        },
        {
          "text": "做守护你的镰刃，撕裂暗箭",
          "link": "//game.gtimg.cn/images/yxzj/zlkdatasys/audios/audio/20220412/16497581108146.wav"
        },
        {
          "text": "谁偷吃了哥哥给我做的晚餐！剩下的全是草！",
          "link": "//game.gtimg.cn/images/yxzj/zlkdatasys/audios/audio/20220412/16497581268703.wav"
        },
        {
          "text": "哥哥不在的时候，看到了修罗场",
          "link": "//game.gtimg.cn/images/yxzj/zlkdatasys/audios/audio/20220412/16497581431665.wav"
        },
        {
          "text": "多么痛恨哥哥的失约，就有多么思念他",
          "link": "//game.gtimg.cn/images/yxzj/zlkdatasys/audios/audio/20220412/16497581574984.wav"
        },
        {
          "text": "无聊又厌烦啊，过时的成年人世界",
          "link": "//game.gtimg.cn/images/yxzj/zlkdatasys/audios/audio/20220412/16497581742641.wav"
        },
        {
          "text": "成、成年人的世界才是最可怕的！",
          "link": "//game.gtimg.cn/images/yxzj/zlkdatasys/audios/audio/20220412/16497581869985.wav"
        },
        {
          "text": "大叔的朋友，当然也是大叔啦",
          "link": "//game.gtimg.cn/images/yxzj/zlkdatasys/audios/audio/20220412/16497582028842.wav"
        },
        {
          "text": "好的，队长；是的，队长",
          "link": "//game.gtimg.cn/images/yxzj/zlkdatasys/audios/audio/20220412/16497582207232.wav"
        },
        {
          "text": "如果拒绝队长，飞镰会瑟瑟发抖",
          "link": "//game.gtimg.cn/images/yxzj/zlkdatasys/audios/audio/20220412/16497582354495.wav"
        },
        {
          "text": "没有哥哥的人群，那么孤独！",
          "link": "//game.gtimg.cn/images/yxzj/zlkdatasys/audios/audio/20220412/16497582514436.wav"
        }
      ],
      "name": "原皮"
    },
    {
      "voice": [
        {
          "text": "辟邪恶，调阴阳！",
          "link": "//game.gtimg.cn/images/yxzj/zlkdatasys/audios/audio/20220412/16497583258973.wav"
        },
        {
          "text": "列阵在西！",
          "link": "//game.gtimg.cn/images/yxzj/zlkdatasys/audios/audio/20220412/16497583395504.wav"
        },
        {
          "text": "白虎听命！",
          "link": "//game.gtimg.cn/images/yxzj/zlkdatasys/audios/audio/20220412/16497583518306.wav"
        },
        {
          "text": "我想听话啊，但人家就是控制不住自己嘛。",
          "link": "//game.gtimg.cn/images/yxzj/zlkdatasys/audios/audio/20220412/16497583655737.wav"
        },
        {
          "text": "英英素质，肃肃清音~",
          "link": "//game.gtimg.cn/images/yxzj/zlkdatasys/audios/audio/20220412/16497583767252.wav"
        },
        {
          "text": "别把我当做老虎中的小白~",
          "link": "//game.gtimg.cn/images/yxzj/zlkdatasys/audios/audio/20220412/16497583897572.wav"
        },
        {
          "text": "又饿了。",
          "link": "//game.gtimg.cn/images/yxzj/zlkdatasys/audios/audio/20220412/16497584061284.wav"
        },
        {
          "text": "听说世间崇拜年轻的猛兽，比如我。",
          "link": "//game.gtimg.cn/images/yxzj/zlkdatasys/audios/audio/20220412/16497584188231.wav"
        },
        {
          "text": "灵魂永不会阵亡！",
          "link": "//game.gtimg.cn/images/yxzj/zlkdatasys/audios/audio/20220412/16497584332288.wav"
        },
        {
          "text": "威摄禽兽！",
          "link": "//game.gtimg.cn/images/yxzj/zlkdatasys/audios/audio/20220412/16497584508171.wav"
        },
        {
          "text": "啸动山林！",
          "link": "//game.gtimg.cn/images/yxzj/zlkdatasys/audios/audio/20220412/16497584629996.wav"
        },
        {
          "text": "执抟挫锐，噬食鬼魅！",
          "link": "//game.gtimg.cn/images/yxzj/zlkdatasys/audios/audio/20220412/16497584732043.wav"
        },
        {
          "text": "无人可见，无人能敌！",
          "link": "//game.gtimg.cn/images/yxzj/zlkdatasys/audios/audio/20220412/16497584872028.wav"
        },
        {
          "text": "比比谁更猛吧。",
          "link": "//game.gtimg.cn/images/yxzj/zlkdatasys/audios/audio/20220412/16497584994780.wav"
        }
      ],
      "name": "白虎志"
    },
    {
      "voice": [
        {
          "text": "全新的力量！哈哈~我感觉不错！",
          "link": "//game.gtimg.cn/images/yxzj/zlkdatasys/audios/audio/20220415/16499942388556.mp3"
        },
        {
          "text": "今天状态极佳！",
          "link": "//game.gtimg.cn/images/yxzj/zlkdatasys/audios/audio/20220415/16499942507861.mp3"
        },
        {
          "text": "睁大眼睛~准备迎接全新的我！",
          "link": "//game.gtimg.cn/images/yxzj/zlkdatasys/audios/audio/20220415/16499942598487.mp3"
        },
        {
          "text": "飞镰说，今天它要打、十、个！",
          "link": "//game.gtimg.cn/images/yxzj/zlkdatasys/audios/audio/20220412/16497642452218.wav"
        },
        {
          "text": "现在，轮到我罩着哥哥了！",
          "link": "//game.gtimg.cn/images/yxzj/zlkdatasys/audios/audio/20220412/16497642574006.wav"
        },
        {
          "text": "武器的颜色不重要，染上你的血才好看。",
          "link": "//game.gtimg.cn/images/yxzj/zlkdatasys/audios/audio/20220412/16497654065508.wav"
        },
        {
          "text": "打到你了吗？抱歉，我还以为是只野怪。",
          "link": "//game.gtimg.cn/images/yxzj/zlkdatasys/audios/audio/20220412/16497654252447.wav"
        },
        {
          "text": "最强的猎人，自然要猎取最强的力量！",
          "link": "//game.gtimg.cn/images/yxzj/zlkdatasys/audios/audio/20220412/16497654404434.wav"
        },
        {
          "text": "行动得比脑子快，才不会错过机会。",
          "link": "//game.gtimg.cn/images/yxzj/zlkdatasys/audios/audio/20220412/16497654546801.wav"
        },
        {
          "text": "好像有什么东西，消失了……",
          "link": "//game.gtimg.cn/images/yxzj/zlkdatasys/audios/audio/20220412/16497654718363.wav"
        },
        {
          "text": "开启，无敌模式！",
          "link": "//game.gtimg.cn/images/yxzj/zlkdatasys/audios/audio/20220412/16497654864684.wav"
        },
        {
          "text": "我..控制不住它啦！",
          "link": "//game.gtimg.cn/images/yxzj/zlkdatasys/audios/audio/20220412/16497654997432.wav"
        },
        {
          "text": "见识我的成长吧！",
          "link": "//game.gtimg.cn/images/yxzj/zlkdatasys/audios/audio/20220412/16497656815170.wav"
        },
        {
          "text": "给你十秒钟逃命，最后的两秒用来交代遗言。",
          "link": "//game.gtimg.cn/images/yxzj/zlkdatasys/audios/audio/20220412/16497657279912.wav"
        },
        {
          "text": "来~吧，送你回家！",
          "link": "//game.gtimg.cn/images/yxzj/zlkdatasys/audios/audio/20220412/16497657453729.wav"
        },
        {
          "text": "让我来保护你吧！这次我会认真听你讲课的。",
          "link": "//game.gtimg.cn/images/yxzj/zlkdatasys/audios/audio/20220412/16497657603806.wav"
        }
      ],
      "name": "原初追逐者"
    },
    {
      "voice": [
        {
          "text": "赌上少年之名",
          "link": "//game.gtimg.cn/images/yxzj/zlkdatasys/audios/audio/20220415/16500096964064.mp3"
        },
        {
          "text": "青春最闪耀，天才正登场",
          "link": "//game.gtimg.cn/images/yxzj/zlkdatasys/audios/audio/20220415/16500097064436.mp3"
        },
        {
          "text": "同学，要加入我们社团吗",
          "link": "//game.gtimg.cn/images/yxzj/zlkdatasys/audios/audio/20220415/16500097174894.mp3"
        },
        {
          "text": "别埋头刷题了，一起来让脑子放松一下",
          "link": "//game.gtimg.cn/images/yxzj/zlkdatasys/audios/audio/20220412/16497658824658.wav"
        },
        {
          "text": "你也被我的表演征服了吗？",
          "link": "//game.gtimg.cn/images/yxzj/zlkdatasys/audios/audio/20220412/16497658969455.wav"
        },
        {
          "text": "你也有不管过去多久，都不会忘记的朋友吗？",
          "link": "//game.gtimg.cn/images/yxzj/zlkdatasys/audios/audio/20220412/16497659087837.wav"
        },
        {
          "text": "随风声接踵而至，是少年人的意志",
          "link": "//game.gtimg.cn/images/yxzj/zlkdatasys/audios/audio/20220412/16497659206567.wav"
        },
        {
          "text": "成长的烦恼，统统用汗水来打倒。",
          "link": "//game.gtimg.cn/images/yxzj/zlkdatasys/audios/audio/20220412/16497659335493.wav"
        },
        {
          "text": "青春万岁，友谊万岁",
          "link": "//game.gtimg.cn/images/yxzj/zlkdatasys/audios/audio/20220412/16497659458283.wav"
        },
        {
          "text": "我感觉快飞起来了",
          "link": "//game.gtimg.cn/images/yxzj/zlkdatasys/audios/audio/20220412/16497659581303.wav"
        },
        {
          "text": "少年，永不败退……",
          "link": "//game.gtimg.cn/images/yxzj/zlkdatasys/audios/audio/20220412/16497659731333.wav"
        },
        {
          "text": "忘我时刻",
          "link": "//game.gtimg.cn/images/yxzj/zlkdatasys/audios/audio/20220412/16497660084897.wav"
        },
        {
          "text": "心跳加速",
          "link": "//game.gtimg.cn/images/yxzj/zlkdatasys/audios/audio/20220412/16497660222354.wav"
        },
        {
          "text": "螺旋切",
          "link": "//game.gtimg.cn/images/yxzj/zlkdatasys/audios/audio/20220412/16497660356945.wav"
        },
        {
          "text": "疾风回旋",
          "link": "//game.gtimg.cn/images/yxzj/zlkdatasys/audios/audio/20220412/16497660792216.wav"
        },
        {
          "text": "千风瞬闪",
          "link": "//game.gtimg.cn/images/yxzj/zlkdatasys/audios/audio/20220412/16497660922631.wav"
        },
        {
          "text": "怎么，你只会后退吗？",
          "link": "//game.gtimg.cn/images/yxzj/zlkdatasys/audios/audio/20220412/16497661173072.wav"
        },
        {
          "text": "为我欢呼吧",
          "link": "//game.gtimg.cn/images/yxzj/zlkdatasys/audios/audio/20220412/16497661345302.wav"
        },
        {
          "text": "史上最强组合，运动与艺术的碰撞。",
          "link": "//game.gtimg.cn/images/yxzj/zlkdatasys/audios/audio/20220412/16497663626984.wav"
        },
        {
          "text": "这一棒就交给我吧",
          "link": "//game.gtimg.cn/images/yxzj/zlkdatasys/audios/audio/20220414/16499319621904.wav"
        },
        {
          "text": "科学会爆炸我也会爆炸",
          "link": "//game.gtimg.cn/images/yxzj/zlkdatasys/audios/audio/20220414/16499319846073.wav"
        },
        {
          "text": "完美的单词怎么读来着？",
          "link": "//game.gtimg.cn/images/yxzj/zlkdatasys/audios/audio/20220414/16499319939559.wav"
        },
        {
          "text": "经过计算这就是回旋镖的最佳角度",
          "link": "//game.gtimg.cn/images/yxzj/zlkdatasys/audios/audio/20220413/16498209312883.wav"
        },
        {
          "text": "又是全场醒目担当。",
          "link": "//game.gtimg.cn/images/yxzj/zlkdatasys/audios/audio/20220412/16497664458870.wav"
        },
        {
          "text": "能百发百中的才叫作天才。",
          "link": "//game.gtimg.cn/images/yxzj/zlkdatasys/audios/audio/20220412/16497665712961.wav"
        },
        {
          "text": "时间不是友谊的敌人，而是最好的朋友",
          "link": "//game.gtimg.cn/images/yxzj/zlkdatasys/audios/audio/20220412/16497666196108.wav"
        }
      ],
      "name": "热力回旋"
    }
  ]
}