{
  "data": [
    {
      "voice": [
        {
          "text": "生存还是死亡，这是个问题。",
          "link": "//game.gtimg.cn/images/yxzj/zlkdatasys/audios/audio/20220408/16494130095959.wav"
        },
        {
          "text": "别放弃治疗！",
          "link": "//game.gtimg.cn/images/yxzj/zlkdatasys/audios/audio/20220408/16494130297311.wav"
        },
        {
          "text": "善良的唯有永不开口之人",
          "link": "//game.gtimg.cn/images/yxzj/zlkdatasys/audios/audio/20220408/16494130555197.wav"
        },
        {
          "text": "命不是廉价品，治疗很昂贵。",
          "link": "//game.gtimg.cn/images/yxzj/zlkdatasys/audios/audio/20220408/16494132125928.wav"
        },
        {
          "text": "操纵生死？哼，愚不可及。",
          "link": "//game.gtimg.cn/images/yxzj/zlkdatasys/audios/audio/20220408/16494132419924.wav"
        },
        {
          "text": "人人都是行尸走肉。",
          "link": "//game.gtimg.cn/images/yxzj/zlkdatasys/audios/audio/20220408/16494132633117.wav"
        },
        {
          "text": "一群病入膏肓的家伙",
          "link": "//game.gtimg.cn/images/yxzj/zlkdatasys/audios/audio/20220408/16494132899459.wav"
        },
        {
          "text": "命长的是赢家。",
          "link": "//game.gtimg.cn/images/yxzj/zlkdatasys/audios/audio/20220408/16494133331677.wav"
        },
        {
          "text": "无可避免的……腐朽了。",
          "link": "//game.gtimg.cn/images/yxzj/zlkdatasys/audios/audio/20220408/16494135106751.wav"
        },
        {
          "text": "良药苦口！",
          "link": "//game.gtimg.cn/images/yxzj/zlkdatasys/audios/audio/20220408/16494135261420.wav"
        },
        {
          "text": "该吃药了！",
          "link": "//game.gtimg.cn/images/yxzj/zlkdatasys/audios/audio/20220408/16494135411978.wav"
        },
        {
          "text": "有病就得治！",
          "link": "//game.gtimg.cn/images/yxzj/zlkdatasys/audios/audio/20220408/16494135607415.wav"
        },
        {
          "text": "新配方，效果不错！",
          "link": "//game.gtimg.cn/images/yxzj/zlkdatasys/audios/audio/20220408/16494135968695.wav"
        },
        {
          "text": "解剖结果，你的胆子可是出乎意料的小。",
          "link": "//game.gtimg.cn/images/yxzj/zlkdatasys/audios/audio/20220408/16494155546185.wav"
        }
      ],
      "name": "原皮"
    },
    {
      "voice": [
        {
          "text": "我看见万物的气味，如同画卷鲜活。",
          "link": "//game.gtimg.cn/images/yxzj/zlkdatasys/audios/audio/20230418/16818127462432.mp3"
        },
        {
          "text": "月光轻声吟咏，世界随心而动。",
          "link": "//game.gtimg.cn/images/yxzj/zlkdatasys/audios/audio/20230418/16818127577204.mp3"
        },
        {
          "text": "以不可捉摸之物，调配不可思议之香。",
          "link": "//game.gtimg.cn/images/yxzj/zlkdatasys/audios/audio/20230418/16818127666042.mp3"
        },
        {
          "text": "到达彼岸之前，我们必先付出代价。",
          "link": "//game.gtimg.cn/images/yxzj/zlkdatasys/audios/audio/20230418/16817997824152.mp3"
        },
        {
          "text": "在自然这座神殿中，芳香与色彩辉映相交。",
          "link": "//game.gtimg.cn/images/yxzj/zlkdatasys/audios/audio/20230418/16817998032663.mp3"
        },
        {
          "text": "配方是三杯森林的薄雾，两壶海风，加上一小匙月光。",
          "link": "//game.gtimg.cn/images/yxzj/zlkdatasys/audios/audio/20230418/16817998194967.mp3"
        },
        {
          "text": "常理？不过是庸人自己套上的枷锁。",
          "link": "//game.gtimg.cn/images/yxzj/zlkdatasys/audios/audio/20230418/16817998399260.mp3"
        },
        {
          "text": "香水是场华丽演出，自然乃是其中最伟大的编导。",
          "link": "//game.gtimg.cn/images/yxzj/zlkdatasys/audios/audio/20230418/16817998573299.mp3"
        },
        {
          "text": "灵感之神，往往藏在与世无争的角落。",
          "link": "//game.gtimg.cn/images/yxzj/zlkdatasys/audios/audio/20230418/16817998738036.mp3"
        },
        {
          "text": "天赋消失的时刻，天才却就此诞生。",
          "link": "//game.gtimg.cn/images/yxzj/zlkdatasys/audios/audio/20230418/16817998896795.mp3"
        },
        {
          "text": "艺术永不消亡……",
          "link": "//game.gtimg.cn/images/yxzj/zlkdatasys/audios/audio/20230418/16817999281155.mp3"
        },
        {
          "text": "灵魂之息",
          "link": "//game.gtimg.cn/images/yxzj/zlkdatasys/audios/audio/20230418/16817999661971.mp3"
        },
        {
          "text": "伟大的杰作",
          "link": "//game.gtimg.cn/images/yxzj/zlkdatasys/audios/audio/20230418/16817999825494.mp3"
        },
        {
          "text": "自然恩赐于你",
          "link": "//game.gtimg.cn/images/yxzj/zlkdatasys/audios/audio/20230418/16817999976559.mp3"
        },
        {
          "text": "艺术，就绪",
          "link": "//game.gtimg.cn/images/yxzj/zlkdatasys/audios/audio/20230418/16818000239903.mp3"
        },
        {
          "text": "至美永不凋零",
          "link": "//game.gtimg.cn/images/yxzj/zlkdatasys/audios/audio/20230418/16818000687839.mp3"
        },
        {
          "text": "去往梦幻的国度吧",
          "link": "//game.gtimg.cn/images/yxzj/zlkdatasys/audios/audio/20230418/16818000872774.mp3"
        },
        {
          "text": "有时候，美也会令人窒息。",
          "link": "//game.gtimg.cn/images/yxzj/zlkdatasys/audios/audio/20230418/16818001152809.mp3"
        },
        {
          "text": "你的灵魂臭不可闻。",
          "link": "//game.gtimg.cn/images/yxzj/zlkdatasys/audios/audio/20230418/16818001978263.mp3"
        },
        {
          "text": "嘘，我的创作需要安静。",
          "link": "//game.gtimg.cn/images/yxzj/zlkdatasys/audios/audio/20230418/16818002422306.mp3"
        },
        {
          "text": "无人欣赏的诗意，也是诗意。",
          "link": "//game.gtimg.cn/images/yxzj/zlkdatasys/audios/audio/20230418/16818002745587.mp3"
        },
        {
          "text": "香调如同舞蹈，关键在于平衡。",
          "link": "//game.gtimg.cn/images/yxzj/zlkdatasys/audios/audio/20230418/16818002905343.mp3"
        },
        {
          "text": "癫狂、率性、自由……这就是艺术。",
          "link": "//game.gtimg.cn/images/yxzj/zlkdatasys/audios/audio/20230418/16818003098744.mp3"
        },
        {
          "text": "已经完成的作品，没有继续留意的价值。",
          "link": "//game.gtimg.cn/images/yxzj/zlkdatasys/audios/audio/20230418/16818003313093.mp3"
        },
        {
          "text": "乏味的商品不值得评鉴。",
          "link": "//game.gtimg.cn/images/yxzj/zlkdatasys/audios/audio/20230418/16818003721846.mp3"
        },
        {
          "text": "欢迎来到天才的世界。",
          "link": "//game.gtimg.cn/images/yxzj/zlkdatasys/audios/audio/20230418/16818003938994.mp3"
        },
        {
          "text": "你已超脱庸常。",
          "link": "//game.gtimg.cn/images/yxzj/zlkdatasys/audios/audio/20230418/16818004671263.mp3"
        },
        {
          "text": "万物垂青，灵感不止。",
          "link": "//game.gtimg.cn/images/yxzj/zlkdatasys/audios/audio/20230418/16818004864276.mp3"
        },
        {
          "text": "创作的激情，正在消退……",
          "link": "//game.gtimg.cn/images/yxzj/zlkdatasys/audios/audio/20230418/16818005065399.mp3"
        },
        {
          "text": "有人追逐潮流，有人创造潮流。",
          "link": "//game.gtimg.cn/images/yxzj/zlkdatasys/audios/audio/20230418/16818005228582.mp3"
        },
        {
          "text": "世界在我掌中。",
          "link": "//game.gtimg.cn/images/yxzj/zlkdatasys/audios/audio/20230418/16818005381045.mp3"
        }
      ],
      "name": "奇幻香踪"
    }
  ]
}