{
  "data": [
    {
      "voice": [
        {
          "text": "宁教我负天下人 ！",
          "link": "//game.gtimg.cn/images/yxzj/zlkdatasys/audios/audio/20220412/16497644778123.wav"
        },
        {
          "text": "仁义，多么奢侈！",
          "link": "//game.gtimg.cn/images/yxzj/zlkdatasys/audios/audio/20220412/16497664406265.wav"
        },
        {
          "text": "忠诚，美妙的谎言！",
          "link": "//game.gtimg.cn/images/yxzj/zlkdatasys/audios/audio/20220412/16497664714789.wav"
        },
        {
          "text": "这就是炼狱！",
          "link": "//game.gtimg.cn/images/yxzj/zlkdatasys/audios/audio/20220412/16497664994822.wav"
        },
        {
          "text": "力量也会臣服我！",
          "link": "//game.gtimg.cn/images/yxzj/zlkdatasys/audios/audio/20220412/16497665441169.wav"
        },
        {
          "text": "别低估了霸道的力量！",
          "link": "//game.gtimg.cn/images/yxzj/zlkdatasys/audios/audio/20220412/16497673557435.wav"
        },
        {
          "text": "最后品尝一下，生命的滋味。",
          "link": "//game.gtimg.cn/images/yxzj/zlkdatasys/audios/audio/20220412/16497673698212.wav"
        },
        {
          "text": "你对我的价值决定我对你的估值。",
          "link": "//game.gtimg.cn/images/yxzj/zlkdatasys/audios/audio/20220412/16497673796150.wav"
        },
        {
          "text": "啊，愚蠢的时代！",
          "link": "//game.gtimg.cn/images/yxzj/zlkdatasys/audios/audio/20220412/16497673942782.wav"
        },
        {
          "text": "挑衅的下场！",
          "link": "//game.gtimg.cn/images/yxzj/zlkdatasys/audios/audio/20220412/16497674178077.wav"
        },
        {
          "text": "没用的你们就像没用的道义。",
          "link": "//game.gtimg.cn/images/yxzj/zlkdatasys/audios/audio/20220412/16497674295616.wav"
        }
      ],
      "name": "原皮"
    },
    {
      "voice": [
        {
          "text": "扬帆！起航！",
          "link": "//game.gtimg.cn/images/yxzj/zlkdatasys/audios/audio/20220412/16497675164444.wav"
        },
        {
          "text": "我是已经成为海贼王的男人！",
          "link": "//game.gtimg.cn/images/yxzj/zlkdatasys/audios/audio/20220412/16497675485710.wav"
        },
        {
          "text": "身为著名鬼故事的男主角，值得一座金像奖。",
          "link": "//game.gtimg.cn/images/yxzj/zlkdatasys/audios/audio/20220412/16497675776002.wav"
        },
        {
          "text": "舍弃名字的家伙，跟挂掉没两样！",
          "link": "//game.gtimg.cn/images/yxzj/zlkdatasys/audios/audio/20220412/16497675977092.wav"
        },
        {
          "text": "海盗也是充满团队精神的！",
          "link": "//game.gtimg.cn/images/yxzj/zlkdatasys/audios/audio/20220412/16497676602086.wav"
        },
        {
          "text": "大海贼时代降临！",
          "link": "//game.gtimg.cn/images/yxzj/zlkdatasys/audios/audio/20220412/16497677083894.wav"
        },
        {
          "text": "用宝藏来洗刷刷我的船板！",
          "link": "//game.gtimg.cn/images/yxzj/zlkdatasys/audios/audio/20220412/16497677689878.wav"
        },
        {
          "text": "对面水手，啧啧，美味的河蟹。",
          "link": "//game.gtimg.cn/images/yxzj/zlkdatasys/audios/audio/20220412/16497677877409.wav"
        },
        {
          "text": "阴沟翻船……",
          "link": "//game.gtimg.cn/images/yxzj/zlkdatasys/audios/audio/20220412/16497690196411.wav"
        },
        {
          "text": "你撞上了海难！",
          "link": "//game.gtimg.cn/images/yxzj/zlkdatasys/audios/audio/20220412/16497690437249.wav"
        },
        {
          "text": "击沉!",
          "link": "//game.gtimg.cn/images/yxzj/zlkdatasys/audios/audio/20220412/16497690557383.wav"
        },
        {
          "text": "噢，感受到了你们犀利的杀气，类似一滩海底的烂泥。",
          "link": "//game.gtimg.cn/images/yxzj/zlkdatasys/audios/audio/20220412/16497690764812.mp3"
        }
      ],
      "name": "幽灵船长"
    },
    {
      "voice": [
        {
          "text": "危机潜伏于黑夜——各位，准备好了吗？",
          "link": "//game.gtimg.cn/images/yxzj/zlkdatasys/audios/audio/20220412/16497695155046.mp3"
        },
        {
          "text": "热血不止于怀旧——各位，准备好了吗？",
          "link": "//game.gtimg.cn/images/yxzj/zlkdatasys/audios/audio/20220412/16497695273486.mp3"
        },
        {
          "text": "音乐是对历史的纪念——各位，准备好了吗？",
          "link": "//game.gtimg.cn/images/yxzj/zlkdatasys/audios/audio/20220412/16497695381076.mp3"
        },
        {
          "text": "这里有我，并且不只有我。",
          "link": "//game.gtimg.cn/images/yxzj/zlkdatasys/audios/audio/20220412/16497695502908.wav"
        },
        {
          "text": "时隔477天，我的唱片仍是畅销经典。",
          "link": "//game.gtimg.cn/images/yxzj/zlkdatasys/audios/audio/20220412/16497695612612.wav"
        },
        {
          "text": "五把剑出场是惯例，打败你只需要其中之一。",
          "link": "//game.gtimg.cn/images/yxzj/zlkdatasys/audios/audio/20220412/16497695729478.wav"
        },
        {
          "text": "代号5709，行动理由…周三也是幸运日不行吗？",
          "link": "//game.gtimg.cn/images/yxzj/zlkdatasys/audios/audio/20220412/16497695893904.mp3"
        },
        {
          "text": "哈哈！以一敌三，真英雄本色！",
          "link": "//game.gtimg.cn/images/yxzj/zlkdatasys/audios/audio/20220412/16497696019137.wav"
        },
        {
          "text": "这座城市仍然相信奇迹。",
          "link": "//game.gtimg.cn/images/yxzj/zlkdatasys/audios/audio/20220412/16497696167954.wav"
        },
        {
          "text": "无解的，亚军魔咒……",
          "link": "//game.gtimg.cn/images/yxzj/zlkdatasys/audios/audio/20220412/16497696326768.wav"
        },
        {
          "text": "一触即发！",
          "link": "//game.gtimg.cn/images/yxzj/zlkdatasys/audios/audio/20220412/16497696659153.wav"
        },
        {
          "text": "终结乱局！",
          "link": "//game.gtimg.cn/images/yxzj/zlkdatasys/audios/audio/20220412/16497696794759.wav"
        },
        {
          "text": "永眠黑夜！",
          "link": "//game.gtimg.cn/images/yxzj/zlkdatasys/audios/audio/20220412/16497696919201.wav"
        },
        {
          "text": "你也是来给我打工的吗？",
          "link": "//game.gtimg.cn/images/yxzj/zlkdatasys/audios/audio/20220412/16497697053564.wav"
        },
        {
          "text": "音乐计划，这个不方便透露~",
          "link": "//game.gtimg.cn/images/yxzj/zlkdatasys/audios/audio/20220412/16497697268685.wav"
        },
        {
          "text": "勇敢点，老虎。",
          "link": "//game.gtimg.cn/images/yxzj/zlkdatasys/audios/audio/20220412/16497697452063.wav"
        },
        {
          "text": "年轻人，别因为头脑发热站错队。",
          "link": "//game.gtimg.cn/images/yxzj/zlkdatasys/audios/audio/20220412/16497697606245.wav"
        },
        {
          "text": "天狼星小队集结完毕，行动开始！",
          "link": "//game.gtimg.cn/images/yxzj/zlkdatasys/audios/audio/20220412/16497698384558.wav"
        },
        {
          "text": "乐意之至，小朋友。",
          "link": "//game.gtimg.cn/images/yxzj/zlkdatasys/audios/audio/20220414/16499309739661.wav"
        },
        {
          "text": "有一天，天狼星也会成为历史的一部分。",
          "link": "//game.gtimg.cn/images/yxzj/zlkdatasys/audios/audio/20220427/16510529292478.mp3"
        },
        {
          "text": "你挑朋友的眼光不错，哈哈哈哈",
          "link": "//game.gtimg.cn/images/yxzj/zlkdatasys/audios/audio/20220428/16511125886997.mp3"
        }
      ],
      "name": "天狼征服者"
    }
  ]
}