{
  "data": [
    {
      "voice": [
        {
          "text": "夜晚的太阳，保护属于它的人……",
          "link": "//game.gtimg.cn/images/yxzj/zlkdatasys/audios/audio/20220412/16497398388531.mp3"
        },
        {
          "text": "到这儿来……",
          "link": "//game.gtimg.cn/images/yxzj/zlkdatasys/audios/audio/20220412/16497398501260.wav"
        },
        {
          "text": "以前，我有一座花园……",
          "link": "//game.gtimg.cn/images/yxzj/zlkdatasys/audios/audio/20220412/16497398647046.wav"
        },
        {
          "text": "我们……以温柔驱遣强者。",
          "link": "//game.gtimg.cn/images/yxzj/zlkdatasys/audios/audio/20220412/16497399029154.wav"
        },
        {
          "text": "银色的神，祂心中并不冷。",
          "link": "//game.gtimg.cn/images/yxzj/zlkdatasys/audios/audio/20220412/16497399153468.wav"
        },
        {
          "text": "和火焰、露水，在一起……",
          "link": "//game.gtimg.cn/images/yxzj/zlkdatasys/audios/audio/20220412/16497399408986.mp3"
        },
        {
          "text": "去呀，预示的光辉。",
          "link": "//game.gtimg.cn/images/yxzj/zlkdatasys/audios/audio/20220412/16497399559257.wav"
        },
        {
          "text": "光之灵，听我召唤！",
          "link": "//game.gtimg.cn/images/yxzj/zlkdatasys/audios/audio/20220412/16497399717685.wav"
        },
        {
          "text": "月祭降临~",
          "link": "//game.gtimg.cn/images/yxzj/zlkdatasys/audios/audio/20220412/16497399843510.wav"
        },
        {
          "text": "不需要的东西。",
          "link": "//game.gtimg.cn/images/yxzj/zlkdatasys/audios/audio/20220412/16497400037970.wav"
        },
        {
          "text": "过强的光辉，是一种傻气。",
          "link": "//game.gtimg.cn/images/yxzj/zlkdatasys/audios/audio/20220412/16497400181564.wav"
        },
        {
          "text": "找我的兔子……",
          "link": "//game.gtimg.cn/images/yxzj/zlkdatasys/audios/audio/20220415/16500068361687.mp3"
        },
        {
          "text": "那就换一把弓，换一束箭。",
          "link": "//game.gtimg.cn/images/yxzj/zlkdatasys/audios/audio/20220415/16500068493732.mp3"
        },
        {
          "text": "你是那位百发百中的弓箭手吗？",
          "link": "//game.gtimg.cn/images/yxzj/zlkdatasys/audios/audio/20220415/16500068265796.mp3"
        },
        {
          "text": "在日之塔上祈求夜晚的神灵",
          "link": "//game.gtimg.cn/images/yxzj/zlkdatasys/audios/audio/20220412/16497401785166.wav"
        }
      ],
      "name": "原皮"
    },
    {
      "voice": [
        {
          "text": "故事说，喜鹊在云上架桥，命定之人会从桥的那头奔向你……",
          "link": "//game.gtimg.cn/images/yxzj/zlkdatasys/audios/audio/20220415/16500067679344.mp3"
        },
        {
          "text": "就是你吗……",
          "link": "//game.gtimg.cn/images/yxzj/zlkdatasys/audios/audio/20220415/16500067782948.mp3"
        },
        {
          "text": "像做梦一样……",
          "link": "//game.gtimg.cn/images/yxzj/zlkdatasys/audios/audio/20220415/16500067893165.mp3"
        },
        {
          "text": "云上一瞬……",
          "link": "//game.gtimg.cn/images/yxzj/zlkdatasys/audios/audio/20220412/16497407102365.wav"
        },
        {
          "text": "是你对神灵许下因果吗？",
          "link": "//game.gtimg.cn/images/yxzj/zlkdatasys/audios/audio/20220412/16497407286988.wav"
        },
        {
          "text": "它们有着，不同于强者的力量。",
          "link": "//game.gtimg.cn/images/yxzj/zlkdatasys/audios/audio/20220412/16497407453704.wav"
        },
        {
          "text": "除了神女……我还有个自己的名字。",
          "link": "//game.gtimg.cn/images/yxzj/zlkdatasys/audios/audio/20220412/16497407595106.wav"
        },
        {
          "text": "合会有离……",
          "link": "//game.gtimg.cn/images/yxzj/zlkdatasys/audios/audio/20220412/16497407744141.wav"
        },
        {
          "text": "佳期如梦~",
          "link": "//game.gtimg.cn/images/yxzj/zlkdatasys/audios/audio/20220412/16497407922949.wav"
        },
        {
          "text": "看呐，重逢的指引！",
          "link": "//game.gtimg.cn/images/yxzj/zlkdatasys/audios/audio/20220412/16497408061447.wav"
        },
        {
          "text": "在这儿~",
          "link": "//game.gtimg.cn/images/yxzj/zlkdatasys/audios/audio/20220412/16497408223816.wav"
        },
        {
          "text": "你尽力了。",
          "link": "//game.gtimg.cn/images/yxzj/zlkdatasys/audios/audio/20220412/16497408428540.wav"
        },
        {
          "text": "你们不该来这。",
          "link": "//game.gtimg.cn/images/yxzj/zlkdatasys/audios/audio/20220412/16497408607719.wav"
        },
        {
          "text": "你对着月亮许了什么愿？",
          "link": "//game.gtimg.cn/images/yxzj/zlkdatasys/audios/audio/20220412/16497408823064.wav"
        },
        {
          "text": "在日之塔上祈求夜晚的神灵",
          "link": "//game.gtimg.cn/images/yxzj/zlkdatasys/audios/audio/20220412/16497409179364.wav"
        },
        {
          "text": "梦醒之后……",
          "link": "//game.gtimg.cn/images/yxzj/zlkdatasys/audios/audio/20220428/16511335725727.mp3"
        },
        {
          "text": "经历贯穿命运的强光……",
          "link": "//game.gtimg.cn/images/yxzj/zlkdatasys/audios/audio/20220428/16511336034479.mp3"
        },
        {
          "text": "像焰火一样……",
          "link": "//game.gtimg.cn/images/yxzj/zlkdatasys/audios/audio/20220428/16511336255012.mp3"
        }
      ],
      "name": "如梦令"
    },
    {
      "voice": [
        {
          "text": "拒霜有信，归梦无凭。",
          "link": "//game.gtimg.cn/images/yxzj/zlkdatasys/audios/audio/20220415/16500067154548.mp3"
        },
        {
          "text": "幸毋相忘。",
          "link": "//game.gtimg.cn/images/yxzj/zlkdatasys/audios/audio/20220415/16500067278766.mp3"
        },
        {
          "text": "似是故人来……",
          "link": "//game.gtimg.cn/images/yxzj/zlkdatasys/audios/audio/20220415/16500067369532.mp3"
        },
        {
          "text": "人世之中……还会有相逢？",
          "link": "//game.gtimg.cn/images/yxzj/zlkdatasys/audios/audio/20220412/16497488667094.wav"
        },
        {
          "text": "是第三个秋天...白霜化作小兔，落到园里来......",
          "link": "//game.gtimg.cn/images/yxzj/zlkdatasys/audios/audio/20220412/16497488982066.mp3"
        },
        {
          "text": "花开之期，原来...不是约定吗？",
          "link": "//game.gtimg.cn/images/yxzj/zlkdatasys/audios/audio/20220412/16497489193605.wav"
        },
        {
          "text": "路过的飞鸟...可曾听过那个名字。",
          "link": "//game.gtimg.cn/images/yxzj/zlkdatasys/audios/audio/20220412/16497489348343.wav"
        },
        {
          "text": "为何今日，园外的人都不再写诗？",
          "link": "//game.gtimg.cn/images/yxzj/zlkdatasys/audios/audio/20220412/16497489533108.wav"
        },
        {
          "text": "去天风暮云里…",
          "link": "//game.gtimg.cn/images/yxzj/zlkdatasys/audios/audio/20220412/16497489684373.wav"
        },
        {
          "text": "我喜欢花园是安静的......",
          "link": "//game.gtimg.cn/images/yxzj/zlkdatasys/audios/audio/20220412/16497489897198.wav"
        },
        {
          "text": "离我们，更远些......",
          "link": "//game.gtimg.cn/images/yxzj/zlkdatasys/audios/audio/20220412/16497490064637.wav"
        },
        {
          "text": "遥寄护花人～",
          "link": "//game.gtimg.cn/images/yxzj/zlkdatasys/audios/audio/20220412/16497490235108.wav"
        },
        {
          "text": "明月光，秋夜长...",
          "link": "//game.gtimg.cn/images/yxzj/zlkdatasys/audios/audio/20220412/16497490422257.wav"
        },
        {
          "text": "凝露为霜。",
          "link": "//game.gtimg.cn/images/yxzj/zlkdatasys/audios/audio/20220412/16497490601187.wav"
        },
        {
          "text": "风动护花铃～",
          "link": "//game.gtimg.cn/images/yxzj/zlkdatasys/audios/audio/20220412/16497490857915.wav"
        }
      ],
      "name": "拒霜思"
    }
  ]
}