{
  "data": [
    {
      "voice": [
        {
          "text": "一个字：干！",
          "link": "//game.gtimg.cn/images/yxzj/zlkdatasys/audios/audio/20220410/16495774405981.wav"
        },
        {
          "text": "两个字：揍他！",
          "link": "//game.gtimg.cn/images/yxzj/zlkdatasys/audios/audio/20220410/16495774532435.wav"
        },
        {
          "text": "三个字：统统推倒！",
          "link": "//game.gtimg.cn/images/yxzj/zlkdatasys/audios/audio/20220410/16495774661754.wav"
        },
        {
          "text": "爱心之斧的正义冲击！",
          "link": "//game.gtimg.cn/images/yxzj/zlkdatasys/audios/audio/20220410/16495774817581.wav"
        },
        {
          "text": "真男人必须有强健的肌肉，身体和精神！",
          "link": "//game.gtimg.cn/images/yxzj/zlkdatasys/audios/audio/20220410/16495774953239.wav"
        },
        {
          "text": "打架能拉近感情。来，让我们亲热亲热~",
          "link": "//game.gtimg.cn/images/yxzj/zlkdatasys/audios/audio/20220410/16495775092142.wav"
        },
        {
          "text": "就算失败，也要摆出豪迈的姿态！",
          "link": "//game.gtimg.cn/images/yxzj/zlkdatasys/audios/audio/20220410/16495775269293.wav"
        },
        {
          "text": "业余的爱好……呃，变装算吗？",
          "link": "//game.gtimg.cn/images/yxzj/zlkdatasys/audios/audio/20220410/16495775409247.wav"
        },
        {
          "text": "好，好舒服啊~~",
          "link": "//game.gtimg.cn/images/yxzj/zlkdatasys/audios/audio/20220410/16495776775827.wav"
        },
        {
          "text": "进攻是最好的防守！",
          "link": "//game.gtimg.cn/images/yxzj/zlkdatasys/audios/audio/20220410/16495777076041.wav"
        },
        {
          "text": "闪耀，汗水的光辉！",
          "link": "//game.gtimg.cn/images/yxzj/zlkdatasys/audios/audio/20220410/16495777195583.wav"
        },
        {
          "text": "激情，热血澎湃！",
          "link": "//game.gtimg.cn/images/yxzj/zlkdatasys/audios/audio/20220410/16495777323593.wav"
        },
        {
          "text": "板斧，不止三把！",
          "link": "//game.gtimg.cn/images/yxzj/zlkdatasys/audios/audio/20220410/16495777452661.wav"
        },
        {
          "text": "哈哈哈哈~真男人的战场，就在这里！",
          "link": "//game.gtimg.cn/images/yxzj/zlkdatasys/audios/audio/20220410/16495778161707.wav"
        },
        {
          "text": "身为有爱心的男人，不该虐待小动物。",
          "link": "//game.gtimg.cn/images/yxzj/zlkdatasys/audios/audio/20220410/16495778304390.wav"
        },
        {
          "text": "去年被你爹没收的《燎原传说》 还没还我吧。",
          "link": "//game.gtimg.cn/images/yxzj/zlkdatasys/audios/audio/20220427/16510538496887.mp3"
        },
        {
          "text": "哼小鬼头，三天不打上房揭瓦。",
          "link": "//game.gtimg.cn/images/yxzj/zlkdatasys/audios/audio/20220427/16510538761704.mp3"
        },
        {
          "text": "奇怪，日前云丫头才向我讨过，怎么你近日也喜欢看这些了？",
          "link": "//game.gtimg.cn/images/yxzj/zlkdatasys/audios/audio/20221129/16697141691227.mp3"
        },
        {
          "text": "人不管走到哪一步，都得找点乐子，好好的活下去。",
          "link": "//game.gtimg.cn/images/yxzj/zlkdatasys/audios/audio/20221129/16697142865123.mp3"
        },
        {
          "text": "放弃，不过是最简单的手段，如何更饱满地坚持，才更艰深。",
          "link": "//game.gtimg.cn/images/yxzj/zlkdatasys/audios/audio/20221129/16697143151443.mp3"
        }
      ],
      "name": "原皮"
    },
    {
      "voice": [
        {
          "text": "金钱永不沉睡！",
          "link": "//game.gtimg.cn/images/yxzj/zlkdatasys/audios/audio/20220410/16495783383350.wav"
        },
        {
          "text": "我爱金钱，金钱爱我！",
          "link": "//game.gtimg.cn/images/yxzj/zlkdatasys/audios/audio/20220410/16495783501814.wav"
        },
        {
          "text": "起床！起床！老板叫你加班了！",
          "link": "//game.gtimg.cn/images/yxzj/zlkdatasys/audios/audio/20220410/16495783642442.wav"
        },
        {
          "text": "挣钱这方面，人人都得尊称我为校长。",
          "link": "//game.gtimg.cn/images/yxzj/zlkdatasys/audios/audio/20220410/16495783786856.wav"
        },
        {
          "text": "钱袋和胃口，都是无底洞。",
          "link": "//game.gtimg.cn/images/yxzj/zlkdatasys/audios/audio/20220410/16495783914124.wav"
        },
        {
          "text": "嘿嘿嘿~老板我有一千种方法削减你的薪水！",
          "link": "//game.gtimg.cn/images/yxzj/zlkdatasys/audios/audio/20220410/16495784049281.wav"
        },
        {
          "text": "人傻钱多，买买买！",
          "link": "//game.gtimg.cn/images/yxzj/zlkdatasys/audios/audio/20220410/16495784176394.wav"
        },
        {
          "text": "破产……！",
          "link": "//game.gtimg.cn/images/yxzj/zlkdatasys/audios/audio/20220410/16495784326288.wav"
        },
        {
          "text": "砍你预算！",
          "link": "//game.gtimg.cn/images/yxzj/zlkdatasys/audios/audio/20220410/16495784474270.wav"
        },
        {
          "text": "大萧条席卷一切！",
          "link": "//game.gtimg.cn/images/yxzj/zlkdatasys/audios/audio/20220410/16495784606007.wav"
        },
        {
          "text": "强健的肌肉，今夜让你们无法入睡",
          "link": "//game.gtimg.cn/images/yxzj/zlkdatasys/audios/audio/20220410/16495785022283.wav"
        }
      ],
      "name": "华尔街大亨"
    },
    {
      "voice": [
        {
          "text": "告诉我，香吗？",
          "link": "//game.gtimg.cn/images/yxzj/zlkdatasys/audios/audio/20220410/16495786233569.wav"
        },
        {
          "text": "来自灵魂深处的热辣~",
          "link": "//game.gtimg.cn/images/yxzj/zlkdatasys/audios/audio/20220410/16495786366065.wav"
        },
        {
          "text": "唯爱与正义与美食不可辜负。",
          "link": "//game.gtimg.cn/images/yxzj/zlkdatasys/audios/audio/20220410/16495786492176.wav"
        },
        {
          "text": "想吃什么，我给你做。",
          "link": "//game.gtimg.cn/images/yxzj/zlkdatasys/audios/audio/20220410/16495786644269.wav"
        },
        {
          "text": "人家就想做个安安静静的美厨子~",
          "link": "//game.gtimg.cn/images/yxzj/zlkdatasys/audios/audio/20220410/16495786772394.wav"
        },
        {
          "text": "身材和厨艺，都值得信赖~",
          "link": "//game.gtimg.cn/images/yxzj/zlkdatasys/audios/audio/20220410/16495786909717.wav"
        },
        {
          "text": "别拍了，先吃吧。",
          "link": "//game.gtimg.cn/images/yxzj/zlkdatasys/audios/audio/20220410/16495787029174.wav"
        },
        {
          "text": "现世安稳，岁月静好",
          "link": "//game.gtimg.cn/images/yxzj/zlkdatasys/audios/audio/20220410/16495787161303.wav"
        },
        {
          "text": "谁朝我伤口撒盐？？",
          "link": "//game.gtimg.cn/images/yxzj/zlkdatasys/audios/audio/20220410/16495787337638.wav"
        },
        {
          "text": "砧板让我快乐~",
          "link": "//game.gtimg.cn/images/yxzj/zlkdatasys/audios/audio/20220410/16495787487245.wav"
        },
        {
          "text": "轻盈如风！",
          "link": "//game.gtimg.cn/images/yxzj/zlkdatasys/audios/audio/20220410/16495787612081.wav"
        },
        {
          "text": "会做饭的人，才会生存！",
          "link": "//game.gtimg.cn/images/yxzj/zlkdatasys/audios/audio/20220410/16495787744856.wav"
        },
        {
          "text": "哈哈哈哈哈~做条咸鱼怎么样。",
          "link": "//game.gtimg.cn/images/yxzj/zlkdatasys/audios/audio/20220410/16495788804160.wav"
        },
        {
          "text": "嗷~哈哈真香",
          "link": "//game.gtimg.cn/images/yxzj/zlkdatasys/audios/audio/20220410/16495788926813.wav"
        },
        {
          "text": "说我菜？",
          "link": "//game.gtimg.cn/images/yxzj/zlkdatasys/audios/audio/20220410/16495789159592.wav"
        },
        {
          "text": "厨神驾到，当心被削！",
          "link": "//game.gtimg.cn/images/yxzj/zlkdatasys/audios/audio/20220410/16495789301995.wav"
        }
      ],
      "name": "功夫厨神"
    },
    {
      "voice": [
        {
          "text": "真男人的华丽转身！",
          "link": "//game.gtimg.cn/images/yxzj/zlkdatasys/audios/audio/20220418/16502893997918.mp3"
        },
        {
          "text": "健身计划？…一个字，干！",
          "link": "//game.gtimg.cn/images/yxzj/zlkdatasys/audios/audio/20220415/16499931352081.mp3"
        },
        {
          "text": "卡路里？统统燃烧！",
          "link": "//game.gtimg.cn/images/yxzj/zlkdatasys/audios/audio/20220415/16499931519034.mp3"
        },
        {
          "text": "嗯~练练新玩具~对面的五个哑铃",
          "link": "//game.gtimg.cn/images/yxzj/zlkdatasys/audios/audio/20220411/16496528353695.wav"
        },
        {
          "text": "肌肉是正义的美学，汗水是男人的勋章",
          "link": "//game.gtimg.cn/images/yxzj/zlkdatasys/audios/audio/20220411/16496528618580.wav"
        },
        {
          "text": "该上秤了！",
          "link": "//game.gtimg.cn/images/yxzj/zlkdatasys/audios/audio/20220411/16496528752380.wav"
        },
        {
          "text": "今天，该打卡了",
          "link": "//game.gtimg.cn/images/yxzj/zlkdatasys/audios/audio/20220411/16496528998613.wav"
        },
        {
          "text": "今天，你打卡了吗？",
          "link": "//game.gtimg.cn/images/yxzj/zlkdatasys/audios/audio/20220411/16496529229557.wav"
        },
        {
          "text": "瞅啥？没见过芭比粉的瑜伽垫吗？",
          "link": "//game.gtimg.cn/images/yxzj/zlkdatasys/audios/audio/20220411/16496529472281.wav"
        },
        {
          "text": "收藏了视频就要对它负责，这是真男人的诚信！",
          "link": "//game.gtimg.cn/images/yxzj/zlkdatasys/audios/audio/20220411/16496529666807.wav"
        },
        {
          "text": "我还能...再做一组…..",
          "link": "//game.gtimg.cn/images/yxzj/zlkdatasys/audios/audio/20220411/16496530069401.wav"
        },
        {
          "text": "泰山压顶！",
          "link": "//game.gtimg.cn/images/yxzj/zlkdatasys/audios/audio/20220411/16496530342900.wav"
        },
        {
          "text": "想试试我的重量级吗？！",
          "link": "//game.gtimg.cn/images/yxzj/zlkdatasys/audios/audio/20220411/16496530474546.wav"
        },
        {
          "text": "与我共舞~",
          "link": "//game.gtimg.cn/images/yxzj/zlkdatasys/audios/audio/20220411/16496530653129.wav"
        },
        {
          "text": "别逃避，爱的魔力！",
          "link": "//game.gtimg.cn/images/yxzj/zlkdatasys/audios/audio/20220411/16496530846646.wav"
        },
        {
          "text": "生命在于运动~",
          "link": "//game.gtimg.cn/images/yxzj/zlkdatasys/audios/audio/20220411/16496530976889.wav"
        },
        {
          "text": "元气满满的一天！",
          "link": "//game.gtimg.cn/images/yxzj/zlkdatasys/audios/audio/20220411/16496531237063.wav"
        },
        {
          "text": "热身结束~",
          "link": "//game.gtimg.cn/images/yxzj/zlkdatasys/audios/audio/20220411/16496531485761.wav"
        },
        {
          "text": "别自拍啦，我都开始做啦~",
          "link": "//game.gtimg.cn/images/yxzj/zlkdatasys/audios/audio/20220411/16496531659346.wav"
        },
        {
          "text": "别自拍啦，还没开始做呢~",
          "link": "//game.gtimg.cn/images/yxzj/zlkdatasys/audios/audio/20220411/16496531777956.wav"
        },
        {
          "text": "嘿…哈...轻而易举~哎哟",
          "link": "//game.gtimg.cn/images/yxzj/zlkdatasys/audios/audio/20220411/16496531986901.wav"
        },
        {
          "text": "拳头比心硬的家伙，这难道就是力量的真谛吗？",
          "link": "//game.gtimg.cn/images/yxzj/zlkdatasys/audios/audio/20220411/16496532256589.wav"
        },
        {
          "text": "拳头比心硬的家伙，让我理解了力量的真谛",
          "link": "//game.gtimg.cn/images/yxzj/zlkdatasys/audios/audio/20220411/16496532384953.wav"
        },
        {
          "text": "听说某人的小爱好，和我有点像~",
          "link": "//game.gtimg.cn/images/yxzj/zlkdatasys/audios/audio/20220411/16496532583032.wav"
        },
        {
          "text": "这过分完美的线条…嗨，能聊聊科学健身法吗？",
          "link": "//game.gtimg.cn/images/yxzj/zlkdatasys/audios/audio/20220411/16496533182182.wav"
        }
      ],
      "name": "活力突击"
    },
    {
      "voice": [
        {
          "text": "护国大将军在此！",
          "link": "//game.gtimg.cn/images/yxzj/zlkdatasys/audios/audio/20220411/16496581866296.wav"
        },
        {
          "text": "国定民安，此生所愿。",
          "link": "//game.gtimg.cn/images/yxzj/zlkdatasys/audios/audio/20220411/16496581999863.wav"
        },
        {
          "text": "听说家家都有我的画像？",
          "link": "//game.gtimg.cn/images/yxzj/zlkdatasys/audios/audio/20220411/16496582116597.wav"
        },
        {
          "text": "好男儿当保家卫国，立不二之功！",
          "link": "//game.gtimg.cn/images/yxzj/zlkdatasys/audios/audio/20220411/16496582274643.wav"
        },
        {
          "text": "不是神，也能让你怀疑人生！",
          "link": "//game.gtimg.cn/images/yxzj/zlkdatasys/audios/audio/20220411/16496582395377.wav"
        },
        {
          "text": "流血流汗流泪的，都是真男儿！",
          "link": "//game.gtimg.cn/images/yxzj/zlkdatasys/audios/audio/20220411/16496582503006.wav"
        },
        {
          "text": "身负战功与武艺，绝非徒有虚名。",
          "link": "//game.gtimg.cn/images/yxzj/zlkdatasys/audios/audio/20220411/16496582644296.wav"
        },
        {
          "text": "一半靠力气，一半靠运气。",
          "link": "//game.gtimg.cn/images/yxzj/zlkdatasys/audios/audio/20220411/16496582793128.wav"
        },
        {
          "text": "一将功成万骨枯！",
          "link": "//game.gtimg.cn/images/yxzj/zlkdatasys/audios/audio/20220411/16496583078751.mp3"
        },
        {
          "text": "力劈山河！",
          "link": "//game.gtimg.cn/images/yxzj/zlkdatasys/audios/audio/20220411/16496583345452.wav"
        },
        {
          "text": "放心，有本将军在！",
          "link": "//game.gtimg.cn/images/yxzj/zlkdatasys/audios/audio/20220411/16496583517414.wav"
        },
        {
          "text": "浴血沙场！",
          "link": "//game.gtimg.cn/images/yxzj/zlkdatasys/audios/audio/20220411/16496583658552.wav"
        },
        {
          "text": "再战三百回合",
          "link": "//game.gtimg.cn/images/yxzj/zlkdatasys/audios/audio/20220411/16496586848449.wav"
        },
        {
          "text": "输人不输阵！",
          "link": "//game.gtimg.cn/images/yxzj/zlkdatasys/audios/audio/20220411/16496587002394.wav"
        },
        {
          "text": "身无寸功，也敢嚣张？",
          "link": "//game.gtimg.cn/images/yxzj/zlkdatasys/audios/audio/20220411/16496587149174.wav"
        },
        {
          "text": "速速降来！",
          "link": "//game.gtimg.cn/images/yxzj/zlkdatasys/audios/audio/20220411/16496587366780.wav"
        },
        {
          "text": "军法处置！",
          "link": "//game.gtimg.cn/images/yxzj/zlkdatasys/audios/audio/20220411/16496587557011.wav"
        }
      ],
      "name": "无双福将"
    }
  ]
}