{
  "data": [
    {
      "voice": [
        {
          "text": "肩挑凡世，拳握初心。",
          "link": "//game.gtimg.cn/images/yxzj/zlkdatasys/audios/audio/20220411/16496589207809.wav"
        },
        {
          "text": "健美的身材？来自持久不懈的锻炼！",
          "link": "//game.gtimg.cn/images/yxzj/zlkdatasys/audios/audio/20220411/16496589329610.wav"
        },
        {
          "text": "人生是场穷游，偶尔也需要暴走。",
          "link": "//game.gtimg.cn/images/yxzj/zlkdatasys/audios/audio/20220411/16496589511940.wav"
        },
        {
          "text": "死亡面前，众生平等。",
          "link": "//game.gtimg.cn/images/yxzj/zlkdatasys/audios/audio/20220411/16496589642863.wav"
        },
        {
          "text": "道路很远，脚步更长。",
          "link": "//game.gtimg.cn/images/yxzj/zlkdatasys/audios/audio/20220411/16496589771866.wav"
        },
        {
          "text": "阿弥陀佛，贫僧这就超度施主。",
          "link": "//game.gtimg.cn/images/yxzj/zlkdatasys/audios/audio/20220411/16496589901848.wav"
        },
        {
          "text": "走不通的路，就用拳头来打开！",
          "link": "//game.gtimg.cn/images/yxzj/zlkdatasys/audios/audio/20220411/16496590025620.wav"
        },
        {
          "text": "苦海无边，回头是岸！",
          "link": "//game.gtimg.cn/images/yxzj/zlkdatasys/audios/audio/20220411/16496590266089.wav"
        },
        {
          "text": "我佛慈悲！",
          "link": "//game.gtimg.cn/images/yxzj/zlkdatasys/audios/audio/20220411/16496590464559.wav"
        },
        {
          "text": "顿悟吧！",
          "link": "//game.gtimg.cn/images/yxzj/zlkdatasys/audios/audio/20220411/16496592149527.wav"
        },
        {
          "text": "放下屠刀，立地成佛！",
          "link": "//game.gtimg.cn/images/yxzj/zlkdatasys/audios/audio/20220411/16496592317551.wav"
        },
        {
          "text": "你的心已偏离正道，走在了通往西天的捷径上。",
          "link": "//game.gtimg.cn/images/yxzj/zlkdatasys/audios/audio/20220411/16496592469525.wav"
        }
      ],
      "name": "原皮"
    },
    {
      "voice": [
        {
          "text": "圣斗士会永远守护大地的爱与和平",
          "link": "//game.gtimg.cn/images/yxzj/zlkdatasys/audios/audio/20220414/16499223295158.wav"
        },
        {
          "text": "智、仁、勇是圣斗士的品格！",
          "link": "//game.gtimg.cn/images/yxzj/zlkdatasys/audios/audio/20220411/16496593177080.wav"
        },
        {
          "text": "艾俄洛斯哥哥不是圣域的叛徒！",
          "link": "//game.gtimg.cn/images/yxzj/zlkdatasys/audios/audio/20220411/16496593293754.wav"
        },
        {
          "text": "你们连万分之一的胜算也不会有",
          "link": "//game.gtimg.cn/images/yxzj/zlkdatasys/audios/audio/20220411/16496593473217.wav"
        },
        {
          "text": "狮子是不会被困住的",
          "link": "//game.gtimg.cn/images/yxzj/zlkdatasys/audios/audio/20220411/16496593655504.wav"
        },
        {
          "text": "给这个黑暗的世界缔造一线光明！",
          "link": "//game.gtimg.cn/images/yxzj/zlkdatasys/audios/audio/20220411/16496593788825.wav"
        },
        {
          "text": "即便是死，也要为了正义而战！",
          "link": "//game.gtimg.cn/images/yxzj/zlkdatasys/audios/audio/20220411/16496593909472.wav"
        },
        {
          "text": "我是不会放水的！",
          "link": "//game.gtimg.cn/images/yxzj/zlkdatasys/audios/audio/20220411/16496594012755.wav"
        },
        {
          "text": "继承…守护的意志",
          "link": "//game.gtimg.cn/images/yxzj/zlkdatasys/audios/audio/20220411/16496594211386.mp3"
        },
        {
          "text": "接我的狮子之牙吧！",
          "link": "//game.gtimg.cn/images/yxzj/zlkdatasys/audios/audio/20220411/16496594457417.wav"
        },
        {
          "text": "你的拳太慢了！",
          "link": "//game.gtimg.cn/images/yxzj/zlkdatasys/audios/audio/20220411/16496594567255.wav"
        },
        {
          "text": "光之轨迹！",
          "link": "//game.gtimg.cn/images/yxzj/zlkdatasys/audios/audio/20220411/16496594679465.wav"
        },
        {
          "text": "让我们守护圣域，雅典娜，和脚下的大地。",
          "link": "//game.gtimg.cn/images/yxzj/zlkdatasys/audios/audio/20220411/16496594971654.wav"
        },
        {
          "text": "让我们并肩作战吧，哥哥。",
          "link": "//game.gtimg.cn/images/yxzj/zlkdatasys/audios/audio/20220411/16496595105304.wav"
        },
        {
          "text": "这是终结的一击。",
          "link": "//game.gtimg.cn/images/yxzj/zlkdatasys/audios/audio/20220411/16496595262133.wav"
        },
        {
          "text": "搞不清实力的差距，就胆敢向黄金圣斗士挑战？",
          "link": "//game.gtimg.cn/images/yxzj/zlkdatasys/audios/audio/20220411/16496595429069.mp3"
        }
      ],
      "name": "黄金狮子座"
    },
    {
      "voice": [
        {
          "text": "我来演示下击倒的艺术！",
          "link": "//game.gtimg.cn/images/yxzj/zlkdatasys/audios/audio/20220411/16496596284911.wav"
        },
        {
          "text": "肩膀放松，脚跟上！",
          "link": "//game.gtimg.cn/images/yxzj/zlkdatasys/audios/audio/20220411/16496596433532.wav"
        },
        {
          "text": "金腰带，新的记录！",
          "link": "//game.gtimg.cn/images/yxzj/zlkdatasys/audios/audio/20220411/16496596821523.wav"
        },
        {
          "text": "像我这么伟大的拳手，谦虚是很难的。",
          "link": "//game.gtimg.cn/images/yxzj/zlkdatasys/audios/audio/20220411/16496596972118.wav"
        },
        {
          "text": "爬起来比跌倒多一次，就是成功！",
          "link": "//game.gtimg.cn/images/yxzj/zlkdatasys/audios/audio/20220411/16496597088338.wav"
        },
        {
          "text": "我的工作就是痛打对面！",
          "link": "//game.gtimg.cn/images/yxzj/zlkdatasys/audios/audio/20220411/16496597201198.wav"
        },
        {
          "text": "想怎么击倒就怎么击倒！",
          "link": "//game.gtimg.cn/images/yxzj/zlkdatasys/audios/audio/20220411/16496597445751.wav"
        },
        {
          "text": "你的攻击缺乏欲望！",
          "link": "//game.gtimg.cn/images/yxzj/zlkdatasys/audios/audio/20220411/16496597573076.wav"
        },
        {
          "text": "我是……打不倒的……",
          "link": "//game.gtimg.cn/images/yxzj/zlkdatasys/audios/audio/20220411/16496597755911.wav"
        },
        {
          "text": "哈哈哈，成功的秘诀，是大量的沙袋大量的吊打。",
          "link": "//game.gtimg.cn/images/yxzj/zlkdatasys/audios/audio/20220411/16496597915348.wav"
        }
      ],
      "name": "拳王"
    },
    {
      "voice": [
        {
          "text": "我驱动着一个时代。",
          "link": "//game.gtimg.cn/images/yxzj/zlkdatasys/audios/audio/20220411/16496598324891.wav"
        },
        {
          "text": "哥烧的不是锅炉，是激情！",
          "link": "//game.gtimg.cn/images/yxzj/zlkdatasys/audios/audio/20220411/16496598446303.wav"
        },
        {
          "text": "呵~你认识那个叫特斯拉的家伙吗？",
          "link": "//game.gtimg.cn/images/yxzj/zlkdatasys/audios/audio/20220411/16496598562852.wav"
        },
        {
          "text": "知识的圆周率扩大时，黑暗的也一样。",
          "link": "//game.gtimg.cn/images/yxzj/zlkdatasys/audios/audio/20220411/16496598738652.wav"
        },
        {
          "text": "公式，公式才是永恒真理。",
          "link": "//game.gtimg.cn/images/yxzj/zlkdatasys/audios/audio/20220411/16496598859807.wav"
        },
        {
          "text": "你的人性远远落后于我的设备！",
          "link": "//game.gtimg.cn/images/yxzj/zlkdatasys/audios/audio/20220411/16496598979091.wav"
        },
        {
          "text": "能量，就是质量乘以光速的平方。",
          "link": "//game.gtimg.cn/images/yxzj/zlkdatasys/audios/audio/20220411/16496599105080.wav"
        },
        {
          "text": "你们在漏气！你们在漏油！你们全身都在漏漏漏！",
          "link": "//game.gtimg.cn/images/yxzj/zlkdatasys/audios/audio/20220411/16496599242824.wav"
        },
        {
          "text": "我是……打不倒的……",
          "link": "//game.gtimg.cn/images/yxzj/zlkdatasys/audios/audio/20220411/16496600234015.wav"
        },
        {
          "text": "有两种东西是无限的：我的动能和对面的愚蠢。",
          "link": "//game.gtimg.cn/images/yxzj/zlkdatasys/audios/audio/20220411/16496600457387.wav"
        }
      ],
      "name": "大发明家"
    }
  ]
}