{
  "data": [
    {
      "voice": [
        {
          "text": "守望着天空，大海，和你的回忆。",
          "link": "//game.gtimg.cn/images/yxzj/zlkdatasys/audios/audio/20220412/16497737755702.mp3"
        },
        {
          "text": "完美是最无情的禁锢。",
          "link": "//game.gtimg.cn/images/yxzj/zlkdatasys/audios/audio/20220412/16497737907724.mp3"
        },
        {
          "text": "魔道的天才们属于同一种流派：偶像派。",
          "link": "//game.gtimg.cn/images/yxzj/zlkdatasys/audios/audio/20220412/16497738063602.mp3"
        },
        {
          "text": "映照潮汐的起伏，以免迷失战场的道路",
          "link": "//game.gtimg.cn/images/yxzj/zlkdatasys/audios/audio/20220412/16497738894238.mp3"
        },
        {
          "text": "空洞和孤独，依靠温暖的灯光填补",
          "link": "//game.gtimg.cn/images/yxzj/zlkdatasys/audios/audio/20220412/16497739056010.mp3"
        },
        {
          "text": "点亮的心，不会轻易熄灭",
          "link": "//game.gtimg.cn/images/yxzj/zlkdatasys/audios/audio/20220412/16497739245960.mp3"
        },
        {
          "text": "破碎的奇迹，好过没有。苦恼的希望，胜于迷惘。",
          "link": "//game.gtimg.cn/images/yxzj/zlkdatasys/audios/audio/20220412/16497739388064.mp3"
        },
        {
          "text": "潮水中沉默着被遗忘的名字，他们溺死于自作多情的泡沫。",
          "link": "//game.gtimg.cn/images/yxzj/zlkdatasys/audios/audio/20220412/16497739541984.mp3"
        },
        {
          "text": "会原谅我的任性吗？",
          "link": "//game.gtimg.cn/images/yxzj/zlkdatasys/audios/audio/20220412/16497742599304.wav"
        },
        {
          "text": "前往需要你的地方",
          "link": "//game.gtimg.cn/images/yxzj/zlkdatasys/audios/audio/20220412/16497742925866.wav"
        },
        {
          "text": "逆流而上吧！",
          "link": "//game.gtimg.cn/images/yxzj/zlkdatasys/audios/audio/20220412/16497743068242.wav"
        },
        {
          "text": "翻船~",
          "link": "//game.gtimg.cn/images/yxzj/zlkdatasys/audios/audio/20220412/16497743635380.wav"
        },
        {
          "text": "你的魔道不够纯粹！",
          "link": "//game.gtimg.cn/images/yxzj/zlkdatasys/audios/audio/20220412/16497743974396.wav"
        },
        {
          "text": "守护爱人的心，因恐惧失去而污秽",
          "link": "//game.gtimg.cn/images/yxzj/zlkdatasys/audios/audio/20220412/16497744376052.mp3"
        },
        {
          "text": "羡慕，因为是我希望的模样",
          "link": "//game.gtimg.cn/images/yxzj/zlkdatasys/audios/audio/20220412/16497744779258.mp3"
        },
        {
          "text": "有种愚弄自己的东西，叫忠诚。",
          "link": "//game.gtimg.cn/images/yxzj/zlkdatasys/audios/audio/20220412/16497745462080.mp3"
        },
        {
          "text": "螳螂捕蝉，黄雀在后",
          "link": "//game.gtimg.cn/images/yxzj/zlkdatasys/audios/audio/20220412/16497745648828.mp3"
        },
        {
          "text": "演奏你的胡笳琴，或者，被胡笳琴所演奏？",
          "link": "//game.gtimg.cn/images/yxzj/zlkdatasys/audios/audio/20220412/16497745806383.mp3"
        },
        {
          "text": "没有方向的河流，终会枯竭",
          "link": "//game.gtimg.cn/images/yxzj/zlkdatasys/audios/audio/20220412/16497745969785.mp3"
        },
        {
          "text": "看不见的那只眼里，有你不该看见的过去。",
          "link": "//game.gtimg.cn/images/yxzj/zlkdatasys/audios/audio/20220412/16497746286178.mp3"
        }
      ],
      "name": "原皮"
    },
    {
      "voice": [
        {
          "text": "我的猫像我，我像我的猫。",
          "link": "//game.gtimg.cn/images/yxzj/zlkdatasys/audios/audio/20220412/16497746999050.mp3"
        },
        {
          "text": "向罗西尼致敬~向艾略特致敬~",
          "link": "//game.gtimg.cn/images/yxzj/zlkdatasys/audios/audio/20220412/16497747137989.mp3"
        },
        {
          "text": "猫不是狗~",
          "link": "//game.gtimg.cn/images/yxzj/zlkdatasys/audios/audio/20220412/16497747315893.wav"
        },
        {
          "text": "啊，原谅我今天铲得不尽心吧。",
          "link": "//game.gtimg.cn/images/yxzj/zlkdatasys/audios/audio/20220412/16497747899234.wav"
        },
        {
          "text": "别人家的猫，怎么什么都会啊。",
          "link": "//game.gtimg.cn/images/yxzj/zlkdatasys/audios/audio/20220412/16497748049759.mp3"
        },
        {
          "text": "又把家里搞得乱糟糟！",
          "link": "//game.gtimg.cn/images/yxzj/zlkdatasys/audios/audio/20220412/16497748199797.wav"
        },
        {
          "text": "我不需要社交，铲屎让我快乐。",
          "link": "//game.gtimg.cn/images/yxzj/zlkdatasys/audios/audio/20220412/16497748342999.wav"
        },
        {
          "text": "跟着拍子，对，就是这样。",
          "link": "//game.gtimg.cn/images/yxzj/zlkdatasys/audios/audio/20220412/16497748504506.wav"
        },
        {
          "text": "吃完就没了，看我也没用。",
          "link": "//game.gtimg.cn/images/yxzj/zlkdatasys/audios/audio/20220412/16497748674453.wav"
        },
        {
          "text": "我真的再也不管你们了。",
          "link": "//game.gtimg.cn/images/yxzj/zlkdatasys/audios/audio/20220412/16497748814165.wav"
        },
        {
          "text": "发粮了，快来吃。",
          "link": "//game.gtimg.cn/images/yxzj/zlkdatasys/audios/audio/20220412/16497748965762.wav"
        },
        {
          "text": "凡夫俗子，不能体会宅女的圆满。",
          "link": "//game.gtimg.cn/images/yxzj/zlkdatasys/audios/audio/20220412/16497749152421.mp3"
        },
        {
          "text": "我有民间舞十级证书，我的猫也有。",
          "link": "//game.gtimg.cn/images/yxzj/zlkdatasys/audios/audio/20220412/16497749314864.mp3"
        },
        {
          "text": "有一个人类研究发现不到的名字……",
          "link": "//game.gtimg.cn/images/yxzj/zlkdatasys/audios/audio/20220412/16497749879605.wav"
        },
        {
          "text": "嗯~天气真好，适合再睡一觉~",
          "link": "//game.gtimg.cn/images/yxzj/zlkdatasys/audios/audio/20220412/16497750027032.mp3"
        },
        {
          "text": "有只狗像他主人一样傻。",
          "link": "//game.gtimg.cn/images/yxzj/zlkdatasys/audios/audio/20220412/16497750191264.wav"
        },
        {
          "text": "什么声音？",
          "link": "//game.gtimg.cn/images/yxzj/zlkdatasys/audios/audio/20220412/16497750347560.wav"
        },
        {
          "text": "生活终于对我这只可怜的小猫咪下手了……",
          "link": "//game.gtimg.cn/images/yxzj/zlkdatasys/audios/audio/20220412/16497751385672.mp3"
        },
        {
          "text": "让开，愚蠢的人类！",
          "link": "//game.gtimg.cn/images/yxzj/zlkdatasys/audios/audio/20220412/16497751734770.wav"
        },
        {
          "text": "回家吃粮~miao~",
          "link": "//game.gtimg.cn/images/yxzj/zlkdatasys/audios/audio/20220412/16497751874745.wav"
        },
        {
          "text": "我的地盘，别过来！",
          "link": "//game.gtimg.cn/images/yxzj/zlkdatasys/audios/audio/20220412/16497752001330.wav"
        },
        {
          "text": "喵星召唤！",
          "link": "//game.gtimg.cn/images/yxzj/zlkdatasys/audios/audio/20220412/16497752165833.wav"
        },
        {
          "text": "畏惧这只小爪子！喵~",
          "link": "//game.gtimg.cn/images/yxzj/zlkdatasys/audios/audio/20220412/16497752584532.mp3"
        },
        {
          "text": "请到杰里科舞会来~~",
          "link": "//game.gtimg.cn/images/yxzj/zlkdatasys/audios/audio/20220412/16497752711603.wav"
        }
      ],
      "name": "猫狗日记"
    },
    {
      "voice": [
        {
          "text": "缘起前世，一梦千年",
          "link": "//game.gtimg.cn/images/yxzj/zlkdatasys/audios/audio/20220415/16499849939239.mp3"
        },
        {
          "text": "西子湖畔，相思为谁",
          "link": "//game.gtimg.cn/images/yxzj/zlkdatasys/audios/audio/20220415/16499850066248.mp3"
        },
        {
          "text": "因缘而起，因念而生",
          "link": "//game.gtimg.cn/images/yxzj/zlkdatasys/audios/audio/20220415/16499850219725.mp3"
        },
        {
          "text": "来吧，了却生生世世的羁绊",
          "link": "//game.gtimg.cn/images/yxzj/zlkdatasys/audios/audio/20220412/16497754558302.mp3"
        },
        {
          "text": "都说人间有情，可…情为何物？",
          "link": "//game.gtimg.cn/images/yxzj/zlkdatasys/audios/audio/20220412/16497754707099.mp3"
        },
        {
          "text": "在等待，那个和我泛舟的人",
          "link": "//game.gtimg.cn/images/yxzj/zlkdatasys/audios/audio/20220412/16497754862844.mp3"
        },
        {
          "text": "世界是变幻的泡沫，在大海上逐流随波",
          "link": "//game.gtimg.cn/images/yxzj/zlkdatasys/audios/audio/20220412/16497755011718.mp3"
        },
        {
          "text": "镜花水月，迷惑了多少世人",
          "link": "//game.gtimg.cn/images/yxzj/zlkdatasys/audios/audio/20220412/16497755169933.mp3"
        },
        {
          "text": "没有七情六欲，就不会伤心落泪",
          "link": "//game.gtimg.cn/images/yxzj/zlkdatasys/audios/audio/20220412/16497755401967.mp3"
        },
        {
          "text": "来世……再续今生缘",
          "link": "//game.gtimg.cn/images/yxzj/zlkdatasys/audios/audio/20220412/16497755907417.mp3"
        },
        {
          "text": "越过生生世世",
          "link": "//game.gtimg.cn/images/yxzj/zlkdatasys/audios/audio/20220412/16497756378863.wav"
        },
        {
          "text": "济人一时，度人万世",
          "link": "//game.gtimg.cn/images/yxzj/zlkdatasys/audios/audio/20220412/16497756535145.wav"
        },
        {
          "text": "听从宿命的召唤",
          "link": "//game.gtimg.cn/images/yxzj/zlkdatasys/audios/audio/20220412/16497756651659.wav"
        },
        {
          "text": "哼，情缘已断",
          "link": "//game.gtimg.cn/images/yxzj/zlkdatasys/audios/audio/20220412/16497756945042.wav"
        },
        {
          "text": "再等一千年，也等不到你们赢一回~",
          "link": "//game.gtimg.cn/images/yxzj/zlkdatasys/audios/audio/20220412/16497757281903.wav"
        },
        {
          "text": "诶？啊！你也要离开我吗？",
          "link": "//game.gtimg.cn/images/yxzj/zlkdatasys/audios/audio/20220412/16497757619531.wav"
        },
        {
          "text": "小青，就算为你失去了这千年道行，也值得",
          "link": "//game.gtimg.cn/images/yxzj/zlkdatasys/audios/audio/20220412/16497758012265.mp3"
        }
      ],
      "name": "白蛇"
    },
    {
      "voice": [
        {
          "text": "白鹤绕梁留胜迹，石鱼出水兆丰年。",
          "link": "//game.gtimg.cn/images/yxzj/zlkdatasys/audios/audio/20220415/16499850624463.mp3"
        },
        {
          "text": "千重浪起，天地浮沉。",
          "link": "//game.gtimg.cn/images/yxzj/zlkdatasys/audios/audio/20220415/16499850741578.mp3"
        },
        {
          "text": "窅然飞去几千秋~",
          "link": "//game.gtimg.cn/images/yxzj/zlkdatasys/audios/audio/20220415/16499850881820.mp3"
        },
        {
          "text": "去者已去，来者又来，万古如斯，何抚此而徘徊？",
          "link": "//game.gtimg.cn/images/yxzj/zlkdatasys/audios/audio/20220413/16498401769823.wav"
        },
        {
          "text": "江河会流向，你金色的梦里。",
          "link": "//game.gtimg.cn/images/yxzj/zlkdatasys/audios/audio/20220413/16498402057059.wav"
        },
        {
          "text": "在这里，大江之畔的人们篆刻着同一个愿望。",
          "link": "//game.gtimg.cn/images/yxzj/zlkdatasys/audios/audio/20220413/16498402182459.wav"
        },
        {
          "text": "观鱼皆是愿丰人。",
          "link": "//game.gtimg.cn/images/yxzj/zlkdatasys/audios/audio/20220413/16498402336139.wav"
        },
        {
          "text": "转瞬即逝之物，也会因碑铭世代长存。",
          "link": "//game.gtimg.cn/images/yxzj/zlkdatasys/audios/audio/20220413/16498402827237.wav"
        },
        {
          "text": "江山云物，皆若有情~",
          "link": "//game.gtimg.cn/images/yxzj/zlkdatasys/audios/audio/20220413/16498402983239.wav"
        },
        {
          "text": "归去沧溟……",
          "link": "//game.gtimg.cn/images/yxzj/zlkdatasys/audios/audio/20220413/16498403124693.wav"
        },
        {
          "text": "唤起，祈愿的回音！",
          "link": "//game.gtimg.cn/images/yxzj/zlkdatasys/audios/audio/20220413/16498403594276.wav"
        },
        {
          "text": "八面潮来，广佑四方！",
          "link": "//game.gtimg.cn/images/yxzj/zlkdatasys/audios/audio/20220413/16498403838597.wav"
        },
        {
          "text": "鱼石呈祥~",
          "link": "//game.gtimg.cn/images/yxzj/zlkdatasys/audios/audio/20220413/16498403972258.wav"
        },
        {
          "text": "升沉世事何须多问？",
          "link": "//game.gtimg.cn/images/yxzj/zlkdatasys/audios/audio/20220413/16498404123415.wav"
        },
        {
          "text": "覆顶沧波！",
          "link": "//game.gtimg.cn/images/yxzj/zlkdatasys/audios/audio/20220413/16498404397321.wav"
        },
        {
          "text": "非云非雾，如烟如霞。诸光诸色，杂卉杂华~",
          "link": "//game.gtimg.cn/images/yxzj/zlkdatasys/audios/audio/20220413/16498404537347.wav"
        }
      ],
      "name": "白鹤梁神女"
    },
    {
      "voice": [
        {
          "text": "童话里说，公主历经艰辛，吻醒沉睡的王子……",
          "link": "//game.gtimg.cn/images/yxzj/zlkdatasys/audios/audio/20220523/16532765896389.mp3"
        },
        {
          "text": "一生一世",
          "link": "//game.gtimg.cn/images/yxzj/zlkdatasys/audios/audio/20220523/16532766242418.mp3"
        },
        {
          "text": "雨后的花丛里，是谁留下一串马蹄印",
          "link": "//game.gtimg.cn/images/yxzj/zlkdatasys/audios/audio/20220523/16532766547113.mp3"
        },
        {
          "text": "那是你么",
          "link": "//game.gtimg.cn/images/yxzj/zlkdatasys/audios/audio/20220523/16532766835924.mp3"
        },
        {
          "text": "公主并不一定嫁给王子，除非……是驾着飞马的他",
          "link": "//game.gtimg.cn/images/yxzj/zlkdatasys/audios/audio/20220523/16532767112681.mp3"
        },
        {
          "text": "原来是你",
          "link": "//game.gtimg.cn/images/yxzj/zlkdatasys/audios/audio/20220523/16532767458163.mp3"
        },
        {
          "text": "或许父亲已经猜到，是我打开笼子放走了青鸟",
          "link": "//game.gtimg.cn/images/yxzj/zlkdatasys/audios/audio/20220520/16530398427606.wav"
        },
        {
          "text": "任何你喜欢的地方，对你来说就是世界",
          "link": "//game.gtimg.cn/images/yxzj/zlkdatasys/audios/audio/20220520/16530398703495.wav"
        },
        {
          "text": "奇迹，源自渴望天空的心",
          "link": "//game.gtimg.cn/images/yxzj/zlkdatasys/audios/audio/20220520/16530399358660.wav"
        },
        {
          "text": "爱有所归，起点正是终点",
          "link": "//game.gtimg.cn/images/yxzj/zlkdatasys/audios/audio/20220520/16530399574433.wav"
        },
        {
          "text": "逃开天命，逃开世人，逃开违逆真爱的一切",
          "link": "//game.gtimg.cn/images/yxzj/zlkdatasys/audios/audio/20220520/16530399894269.wav"
        },
        {
          "text": "我们相逢于大海的泡沫化作白云时",
          "link": "//game.gtimg.cn/images/yxzj/zlkdatasys/audios/audio/20220520/16530400295129.wav"
        },
        {
          "text": "脱下水晶鞋，与你走向世界尽头",
          "link": "//game.gtimg.cn/images/yxzj/zlkdatasys/audios/audio/20220520/16530401034882.wav"
        },
        {
          "text": "纵使跌落，亦曾相拥……",
          "link": "//game.gtimg.cn/images/yxzj/zlkdatasys/audios/audio/20220520/16530401588229.wav"
        },
        {
          "text": "前往天空的路上",
          "link": "//game.gtimg.cn/images/yxzj/zlkdatasys/audios/audio/20220520/16530401937936.wav"
        },
        {
          "text": "没有爱的人注定成为笼中鸟",
          "link": "//game.gtimg.cn/images/yxzj/zlkdatasys/audios/audio/20220520/16530405172009.wav"
        },
        {
          "text": "一个不速之客",
          "link": "//game.gtimg.cn/images/yxzj/zlkdatasys/audios/audio/20220520/16530405439783.wav"
        },
        {
          "text": "舞会时间",
          "link": "//game.gtimg.cn/images/yxzj/zlkdatasys/audios/audio/20220520/16530406001926.wav"
        },
        {
          "text": "幸福的起点",
          "link": "//game.gtimg.cn/images/yxzj/zlkdatasys/audios/audio/20220520/16530406264938.wav"
        },
        {
          "text": "云端漫步",
          "link": "//game.gtimg.cn/images/yxzj/zlkdatasys/audios/audio/20220520/16530406496646.wav"
        },
        {
          "text": "还会再见吗",
          "link": "//game.gtimg.cn/images/yxzj/zlkdatasys/audios/audio/20220520/16530406793299.wav"
        },
        {
          "text": "星河也会静默",
          "link": "//game.gtimg.cn/images/yxzj/zlkdatasys/audios/audio/20220520/16530407046075.wav"
        },
        {
          "text": "重逢时刻",
          "link": "//game.gtimg.cn/images/yxzj/zlkdatasys/audios/audio/20220520/16530407545258.wav"
        },
        {
          "text": "美梦成真",
          "link": "//game.gtimg.cn/images/yxzj/zlkdatasys/audios/audio/20220520/16530407767311.wav"
        },
        {
          "text": "听，婚礼的交响",
          "link": "//game.gtimg.cn/images/yxzj/zlkdatasys/audios/audio/20220520/16530408041065.wav"
        },
        {
          "text": "见证我们的誓言！",
          "link": "//game.gtimg.cn/images/yxzj/zlkdatasys/audios/audio/20220520/16530408291178.wav"
        },
        {
          "text": "青鸟送来了请柬",
          "link": "//game.gtimg.cn/images/yxzj/zlkdatasys/audios/audio/20220520/16530408514102.wav"
        },
        {
          "text": "青鸟会指引你前行~",
          "link": "//game.gtimg.cn/images/yxzj/zlkdatasys/audios/audio/20220520/16530408987071.wav"
        },
        {
          "text": "希望这回它们不会被马儿吃掉～",
          "link": "//game.gtimg.cn/images/yxzj/zlkdatasys/audios/audio/20220520/16530409217969.wav"
        },
        {
          "text": "我愿意~",
          "link": "//game.gtimg.cn/images/yxzj/zlkdatasys/audios/audio/20220520/16530409406425.wav"
        },
        {
          "text": "一头恶龙？它会不会打扰我的婚礼？",
          "link": "//game.gtimg.cn/images/yxzj/zlkdatasys/audios/audio/20220520/16530409776822.wav"
        },
        {
          "text": "暂时让花儿当我的舞伴~",
          "link": "//game.gtimg.cn/images/yxzj/zlkdatasys/audios/audio/20220520/16530416482988.wav"
        }
      ],
      "name": "挚爱花嫁"
    },
    {
      "voice": [
        {
          "text": "见证过往的印记，在召唤我归去。",
          "link": "//game.gtimg.cn/images/yxzj/zlkdatasys/audios/audio/20231020/16977841552891.mp3"
        },
        {
          "text": "谢谢、谢谢……谢谢大家的寄语……我们的故事，不会在这里完结。",
          "link": "//game.gtimg.cn/images/yxzj/zlkdatasys/audios/audio/20231020/16977842014225.mp3"
        },
        {
          "text": "还有一个人……在等我实现约定……我回来了。",
          "link": "//game.gtimg.cn/images/yxzj/zlkdatasys/audios/audio/20231020/16977842329080.mp3"
        },
        {
          "text": "打开番外，续写我们未完结的篇章",
          "link": "//game.gtimg.cn/images/yxzj/zlkdatasys/audios/audio/20231020/16977702005359.mp3"
        },
        {
          "text": "要相信，留在心上的墨印，不会被时间抹去",
          "link": "//game.gtimg.cn/images/yxzj/zlkdatasys/audios/audio/20231020/16977702306804.mp3"
        },
        {
          "text": "自由，像鸟儿的羽翼，只在天空下闪耀光芒",
          "link": "//game.gtimg.cn/images/yxzj/zlkdatasys/audios/audio/20231020/16977702588831.mp3"
        },
        {
          "text": "真正的故事，永远比简介更长",
          "link": "//game.gtimg.cn/images/yxzj/zlkdatasys/audios/audio/20231020/16977702836213.mp3"
        },
        {
          "text": "排行榜之外，还有许多名字不曾被遗忘",
          "link": "//game.gtimg.cn/images/yxzj/zlkdatasys/audios/audio/20231020/16977703115556.mp3"
        },
        {
          "text": "放弃吗？这可不是我们的台词",
          "link": "//game.gtimg.cn/images/yxzj/zlkdatasys/audios/audio/20231020/16977703467194.mp3"
        },
        {
          "text": "所有结局，皆是待定",
          "link": "//game.gtimg.cn/images/yxzj/zlkdatasys/audios/audio/20231020/16977703759942.mp3"
        },
        {
          "text": "命运的轨迹，由自己勾勒",
          "link": "//game.gtimg.cn/images/yxzj/zlkdatasys/audios/audio/20231020/16977704003276.mp3"
        },
        {
          "text": "别担心，我只离开一话的时间",
          "link": "//game.gtimg.cn/images/yxzj/zlkdatasys/audios/audio/20231020/16977704768294.mp3"
        },
        {
          "text": "抱歉，你该退场了",
          "link": "//game.gtimg.cn/images/yxzj/zlkdatasys/audios/audio/20231020/16977705048811.mp3"
        },
        {
          "text": "没关系，并非人人都是故事的主角",
          "link": "//game.gtimg.cn/images/yxzj/zlkdatasys/audios/audio/20231020/16977705306099.mp3"
        },
        {
          "text": "没有一种牢笼，可以囚困对天空的向往",
          "link": "//game.gtimg.cn/images/yxzj/zlkdatasys/audios/audio/20231020/16977842616497.mp3"
        },
        {
          "text": "扔纸飞机的家伙……果然是你",
          "link": "//game.gtimg.cn/images/yxzj/zlkdatasys/audios/audio/20231020/16977705924447.mp3"
        },
        {
          "text": "回应读者的期盼",
          "link": "//game.gtimg.cn/images/yxzj/zlkdatasys/audios/audio/20231020/16977706685392.mp3"
        },
        {
          "text": "倾听心底的声音",
          "link": "//game.gtimg.cn/images/yxzj/zlkdatasys/audios/audio/20231020/16977706901720.mp3"
        },
        {
          "text": "推出回忆特刊",
          "link": "//game.gtimg.cn/images/yxzj/zlkdatasys/audios/audio/20231020/16977707185022.mp3"
        },
        {
          "text": "旧刊收录",
          "link": "//game.gtimg.cn/images/yxzj/zlkdatasys/audios/audio/20231020/16977707423965.mp3"
        },
        {
          "text": "连载再开",
          "link": "//game.gtimg.cn/images/yxzj/zlkdatasys/audios/audio/20231020/16977707623982.mp3"
        },
        {
          "text": "解锁番外彩蛋",
          "link": "//game.gtimg.cn/images/yxzj/zlkdatasys/audios/audio/20231020/16977707838122.mp3"
        },
        {
          "text": "冲破命定的枷锁",
          "link": "//game.gtimg.cn/images/yxzj/zlkdatasys/audios/audio/20231020/16977708084543.mp3"
        },
        {
          "text": "开始~全新的起点",
          "link": "//game.gtimg.cn/images/yxzj/zlkdatasys/audios/audio/20231020/16977708321556.mp3"
        },
        {
          "text": "结局，绝不是现在",
          "link": "//game.gtimg.cn/images/yxzj/zlkdatasys/audios/audio/20231020/16977708572811.mp3"
        },
        {
          "text": "共迎休刊风波",
          "link": "//game.gtimg.cn/images/yxzj/zlkdatasys/audios/audio/20231020/16977708816909.mp3"
        },
        {
          "text": "跨越世界，再续新篇~",
          "link": "//game.gtimg.cn/images/yxzj/zlkdatasys/audios/audio/20231020/16977709449855.mp3"
        },
        {
          "text": "谢谢你，让我听到了读者的声音。",
          "link": "//game.gtimg.cn/images/yxzj/zlkdatasys/audios/audio/20231020/16977710615781.mp3"
        },
        {
          "text": "鲁班，阅稿辛苦，给你带了护眼礼物哦。",
          "link": "//game.gtimg.cn/images/yxzj/zlkdatasys/audios/audio/20231020/16977710879328.mp3"
        },
        {
          "text": "如果……有下次就好了……",
          "link": "//game.gtimg.cn/images/yxzj/zlkdatasys/audios/audio/20231020/16977711611696.mp3"
        },
        {
          "text": "真可怜…",
          "link": "//game.gtimg.cn/images/yxzj/zlkdatasys/audios/audio/20231020/16977713666885.mp3"
        },
        {
          "text": "有什么冲我来！",
          "link": "//game.gtimg.cn/images/yxzj/zlkdatasys/audios/audio/20231020/16977711969123.mp3"
        },
        {
          "text": "真羡慕你，自由自在，想做什么就做什么。",
          "link": "//game.gtimg.cn/images/yxzj/zlkdatasys/audios/audio/20231020/16977712735973.mp3"
        },
        {
          "text": "老板我买下了。",
          "link": "//game.gtimg.cn/images/yxzj/zlkdatasys/audios/audio/20231020/16977713967589.mp3"
        },
        {
          "text": "我做过一个梦，梦里有一只小鸟……它的翅膀......好像是天空的颜色",
          "link": "//game.gtimg.cn/images/yxzj/zlkdatasys/audios/audio/20231020/16977714333123.mp3"
        },
        {
          "text": "再见了。",
          "link": "//game.gtimg.cn/images/yxzj/zlkdatasys/audios/audio/20231020/16977713412138.mp3"
        },
        {
          "text": "糟了......",
          "link": "//game.gtimg.cn/images/yxzj/zlkdatasys/audios/audio/20231020/16977712246805.mp3"
        },
        {
          "text": "对啊，那只鸟最后去了它想去的地方。",
          "link": "//game.gtimg.cn/images/yxzj/zlkdatasys/audios/audio/20231020/16977712449705.mp3"
        },
        {
          "text": "谢谢你，我回来了。",
          "link": "//game.gtimg.cn/images/yxzj/zlkdatasys/audios/audio/20231020/16977713086384.mp3"
        }
      ],
      "name": "时之奇旅"
    },
    {
      "voice": [
        {
          "text": "绘江山形胜，书百代词章。",
          "link": "//game.gtimg.cn/images/yxzj/zlkdatasys/audios/audio/20240204/17070386567560.mp3"
        },
        {
          "text": "山河妙染～",
          "link": "//game.gtimg.cn/images/yxzj/zlkdatasys/audios/audio/20240204/17070386763850.mp3"
        },
        {
          "text": "千秋为纪，翰墨长留。",
          "link": "//game.gtimg.cn/images/yxzj/zlkdatasys/audios/audio/20240204/17070386947024.mp3"
        },
        {
          "text": "承千秋之祐，聚万象为龙！",
          "link": "//game.gtimg.cn/images/yxzj/zlkdatasys/audios/audio/20240204/17070388095661.mp3"
        },
        {
          "text": "文章托不朽，丹青寄尘凡——请君看取今朝事，一万年后亦宛然。",
          "link": "//game.gtimg.cn/images/yxzj/zlkdatasys/audios/audio/20240204/17070388319051.mp3"
        },
        {
          "text": "千里江山在，九州车马兴～此卷甚好。",
          "link": "//game.gtimg.cn/images/yxzj/zlkdatasys/audios/audio/20240204/17070388523820.mp3"
        },
        {
          "text": "竹帛琅书已传百代，个中故事若有所惑，尽可问我。",
          "link": "//game.gtimg.cn/images/yxzj/zlkdatasys/audios/audio/20240204/17070388766062.mp3"
        },
        {
          "text": "操觚千篇诗酒，谁继赤壁坡仙？犹昔年、文期佳会，漫叹风流。",
          "link": "//game.gtimg.cn/images/yxzj/zlkdatasys/audios/audio/20240204/17070388973567.mp3"
        },
        {
          "text": "犹记取……千门绮秀，万国衣冠。",
          "link": "//game.gtimg.cn/images/yxzj/zlkdatasys/audios/audio/20240204/17070389151993.mp3"
        },
        {
          "text": "八声甘州，六州歌头，如此江山忆旧游。",
          "link": "//game.gtimg.cn/images/yxzj/zlkdatasys/audios/audio/20240204/17070389321130.mp3"
        },
        {
          "text": "梦魂归去三千载，只将山水作故人。",
          "link": "//game.gtimg.cn/images/yxzj/zlkdatasys/audios/audio/20240204/17070389481014.mp3"
        },
        {
          "text": "一别经年……诸君，别来无恙？",
          "link": "//game.gtimg.cn/images/yxzj/zlkdatasys/audios/audio/20240204/17070389668005.mp3"
        },
        {
          "text": "原来相逢是梦中……",
          "link": "//game.gtimg.cn/images/yxzj/zlkdatasys/audios/audio/20240204/17070389853140.mp3"
        },
        {
          "text": "尽善也，尽美矣～",
          "link": "//game.gtimg.cn/images/yxzj/zlkdatasys/audios/audio/20240204/17070390062526.mp3"
        },
        {
          "text": "丹青着来千千幅，不若阁下泪点多～",
          "link": "//game.gtimg.cn/images/yxzj/zlkdatasys/audios/audio/20240204/17070390295262.mp3"
        },
        {
          "text": "群峰叠翠。",
          "link": "//game.gtimg.cn/images/yxzj/zlkdatasys/audios/audio/20240204/17070390508004.mp3"
        },
        {
          "text": "碧染烟汀。",
          "link": "//game.gtimg.cn/images/yxzj/zlkdatasys/audios/audio/20240204/17070390668424.mp3"
        },
        {
          "text": "竖峰千仞，临一别三秋之人！",
          "link": "//game.gtimg.cn/images/yxzj/zlkdatasys/audios/audio/20240204/17070392597998.mp3"
        },
        {
          "text": "天涯邀月，清风往来～",
          "link": "//game.gtimg.cn/images/yxzj/zlkdatasys/audios/audio/20240204/17070392963424.mp3"
        },
        {
          "text": "故国神游~（选自苏轼《念奴娇·赤壁怀古》）",
          "link": "//game.gtimg.cn/images/yxzj/zlkdatasys/audios/audio/20240204/17070393212258.mp3"
        },
        {
          "text": "千古去来兮～",
          "link": "//game.gtimg.cn/images/yxzj/zlkdatasys/audios/audio/20240204/17070393751234.mp3"
        },
        {
          "text": "神工独运，妙墨天成！",
          "link": "//game.gtimg.cn/images/yxzj/zlkdatasys/audios/audio/20240204/17070394058373.mp3"
        },
        {
          "text": "走笔纵横，造化千万！",
          "link": "//game.gtimg.cn/images/yxzj/zlkdatasys/audios/audio/20240204/17070394242504.mp3"
        },
        {
          "text": "横雁数行，题百里思归之客～",
          "link": "//game.gtimg.cn/images/yxzj/zlkdatasys/audios/audio/20240204/17070398734205.mp3"
        },
        {
          "text": "千秋长若此。",
          "link": "//game.gtimg.cn/images/yxzj/zlkdatasys/audios/audio/20240204/17070395973922.mp3"
        },
        {
          "text": "万里同风，与子同梦～",
          "link": "//game.gtimg.cn/images/yxzj/zlkdatasys/audios/audio/20240204/17070396392536.mp3"
        },
        {
          "text": "便使丹青添羽翼，来送长风！",
          "link": "//game.gtimg.cn/images/yxzj/zlkdatasys/audios/audio/20240204/17070397051953.mp3"
        },
        {
          "text": "还邀诸君，来会古今！",
          "link": "//game.gtimg.cn/images/yxzj/zlkdatasys/audios/audio/20240204/17070397335470.mp3"
        },
        {
          "text": "尺幅千里~",
          "link": "//game.gtimg.cn/images/yxzj/zlkdatasys/audios/audio/20240204/17070397626285.mp3"
        },
        {
          "text": "百景流芳~",
          "link": "//game.gtimg.cn/images/yxzj/zlkdatasys/audios/audio/20240204/17070397842303.mp3"
        },
        {
          "text": "如此便画成了，还请诸位题字留印~",
          "link": "//game.gtimg.cn/images/yxzj/zlkdatasys/audios/audio/20240204/17070398091730.mp3"
        },
        {
          "text": "云笺遥寄，远客当归。",
          "link": "//game.gtimg.cn/images/yxzj/zlkdatasys/audios/audio/20240204/17070398354063.mp3"
        },
        {
          "text": "我在千秋后一梦，梦到大江东去，长风回舻……",
          "link": "//game.gtimg.cn/images/yxzj/zlkdatasys/audios/audio/20240204/17070398986898.mp3"
        },
        {
          "text": "此言，甚是。",
          "link": "//game.gtimg.cn/images/yxzj/zlkdatasys/audios/audio/20240204/17070399166771.mp3"
        },
        {
          "text": "这笔墨终归寥寥，不知可能传之后世，记取巾帼英豪。",
          "link": "//game.gtimg.cn/images/yxzj/zlkdatasys/audios/audio/20240204/17070399382395.mp3"
        },
        {
          "text": "眼前如此才捷刚猛、一代英侠，我竟不知……是何人～",
          "link": "//game.gtimg.cn/images/yxzj/zlkdatasys/audios/audio/20240204/17070399585715.mp3"
        },
        {
          "text": "这是学了什么新诗，非要说与我听？（改编自《诗经·国风·木瓜》）",
          "link": "//game.gtimg.cn/images/yxzj/zlkdatasys/audios/audio/20240204/17070399925564.mp3"
        },
        {
          "text": "我的故事呀，到此就说尽了，故人业已风流云散……",
          "link": "//game.gtimg.cn/images/yxzj/zlkdatasys/audios/audio/20240204/17070400107483.mp3"
        },
        {
          "text": "此卷还有一言——若非“江山留胜迹”，如何“我辈复登临”？（选自孟浩然《与诸子登岘山》）",
          "link": "//game.gtimg.cn/images/yxzj/zlkdatasys/audios/audio/20240204/17070400367210.mp3"
        },
        {
          "text": "千秋更移，可观此金鼎，其上铭刻历历，仍传汤禹……",
          "link": "//game.gtimg.cn/images/yxzj/zlkdatasys/audios/audio/20240204/17070400561160.mp3"
        },
        {
          "text": "断简残编……何人所为！",
          "link": "//game.gtimg.cn/images/yxzj/zlkdatasys/audios/audio/20240204/17070400983258.mp3"
        },
        {
          "text": "谁还似，少年游……",
          "link": "//game.gtimg.cn/images/yxzj/zlkdatasys/audios/audio/20240204/17070401173032.mp3"
        },
        {
          "text": "云山远黛，澄波清浅。鸟鸣空涧，鱼跃流泉~",
          "link": "//game.gtimg.cn/images/yxzj/zlkdatasys/audios/audio/20240204/17070401348784.mp3"
        },
        {
          "text": "草木自荣，何须丹青之色；云雪皎皎，岂因铅粉俱白？（改编自张彦远《历代名画记》）",
          "link": "//game.gtimg.cn/images/yxzj/zlkdatasys/audios/audio/20240204/17070401602821.mp3"
        },
        {
          "text": "离别在须臾……",
          "link": "//game.gtimg.cn/images/yxzj/zlkdatasys/audios/audio/20240204/17070401783560.mp3"
        },
        {
          "text": "功业成败，岂尽系于绿腰？",
          "link": "//game.gtimg.cn/images/yxzj/zlkdatasys/audios/audio/20240204/17070401978615.mp3"
        },
        {
          "text": "无气韵不成画，无风骨难为诗。",
          "link": "//game.gtimg.cn/images/yxzj/zlkdatasys/audios/audio/20240204/17070402164271.mp3"
        },
        {
          "text": "从来不朽之书，须传不朽之人。（改编自鲁迅《阿Q正传》）",
          "link": "//game.gtimg.cn/images/yxzj/zlkdatasys/audios/audio/20240204/17070402429828.mp3"
        },
        {
          "text": "至今直笔下，仍有不绝书！",
          "link": "//game.gtimg.cn/images/yxzj/zlkdatasys/audios/audio/20240204/17070402631660.mp3"
        },
        {
          "text": "书之竹帛，传遗后世！",
          "link": "//game.gtimg.cn/images/yxzj/zlkdatasys/audios/audio/20240204/17070402834073.mp3"
        }
      ],
      "name": "乘龙·忆丹青"
    }
  ]
}
