{
  "data": [
    {
      "voice": [
        {
          "text": "身体里沉睡的野兽，觉醒了！",
          "link": "//game.gtimg.cn/images/yxzj/zlkdatasys/audios/audio/20220412/16497734054995.wav"
        },
        {
          "text": "你能感觉到痛楚吗？",
          "link": "//game.gtimg.cn/images/yxzj/zlkdatasys/audios/audio/20220412/16497734218071.wav"
        },
        {
          "text": "离我远点！",
          "link": "//game.gtimg.cn/images/yxzj/zlkdatasys/audios/audio/20220412/16497734345939.wav"
        },
        {
          "text": "求求你，阻止我！",
          "link": "//game.gtimg.cn/images/yxzj/zlkdatasys/audios/audio/20220412/16497734486738.wav"
        },
        {
          "text": "战斗，让我忘记疯狂。",
          "link": "//game.gtimg.cn/images/yxzj/zlkdatasys/audios/audio/20220412/16497735072000.wav"
        },
        {
          "text": "一个人的血是不够偿还债务的！",
          "link": "//game.gtimg.cn/images/yxzj/zlkdatasys/audios/audio/20220412/16497736217875.wav"
        },
        {
          "text": "疯狂的是我，还是整个世界！",
          "link": "//game.gtimg.cn/images/yxzj/zlkdatasys/audios/audio/20220412/16497736398272.wav"
        },
        {
          "text": "啊~不是故意要伤害你的。",
          "link": "//game.gtimg.cn/images/yxzj/zlkdatasys/audios/audio/20220412/16497736568783.wav"
        },
        {
          "text": "永远……追随……啊……",
          "link": "//game.gtimg.cn/images/yxzj/zlkdatasys/audios/audio/20220412/16497737177655.wav"
        },
        {
          "text": "彻底疯狂！",
          "link": "//game.gtimg.cn/images/yxzj/zlkdatasys/audios/audio/20220412/16497737403363.wav"
        },
        {
          "text": "不疯魔，不成活",
          "link": "//game.gtimg.cn/images/yxzj/zlkdatasys/audios/audio/20220412/16497737549797.wav"
        },
        {
          "text": "解脱吧！",
          "link": "//game.gtimg.cn/images/yxzj/zlkdatasys/audios/audio/20220412/16497737651246.wav"
        },
        {
          "text": "先解脱的人会是谁？你，还是我？",
          "link": "//game.gtimg.cn/images/yxzj/zlkdatasys/audios/audio/20220412/16497737817312.wav"
        }
      ],
      "name": "原皮"
    },
    {
      "voice": [
        {
          "text": "撼天地，镇乾坤！",
          "link": "//game.gtimg.cn/images/yxzj/zlkdatasys/audios/audio/20220415/16499932107054.mp3"
        },
        {
          "text": "泰山如坐，五岳独尊！",
          "link": "//game.gtimg.cn/images/yxzj/zlkdatasys/audios/audio/20220415/16499932297609.mp3"
        },
        {
          "text": "岱宗如何！？",
          "link": "//game.gtimg.cn/images/yxzj/zlkdatasys/audios/audio/20220415/16499931987636.mp3"
        },
        {
          "text": "天塌了，我顶着！",
          "link": "//game.gtimg.cn/images/yxzj/zlkdatasys/audios/audio/20220412/16497739951720.wav"
        },
        {
          "text": "威严的神明，不会轻易疯狂",
          "link": "//game.gtimg.cn/images/yxzj/zlkdatasys/audios/audio/20220412/16497740814212.mp3"
        },
        {
          "text": "我是你无法逾越的高峰！",
          "link": "//game.gtimg.cn/images/yxzj/zlkdatasys/audios/audio/20220412/16497740993474.wav"
        },
        {
          "text": "看到我不断增长的力量了吗？",
          "link": "//game.gtimg.cn/images/yxzj/zlkdatasys/audios/audio/20220412/16497741131439.wav"
        },
        {
          "text": "万物皆有始终~",
          "link": "//game.gtimg.cn/images/yxzj/zlkdatasys/audios/audio/20220412/16497741266698.wav"
        },
        {
          "text": "舍身……成仁",
          "link": "//game.gtimg.cn/images/yxzj/zlkdatasys/audios/audio/20220412/16497741414120.mp3"
        },
        {
          "text": "一夫舍死，万夫莫挡!",
          "link": "//game.gtimg.cn/images/yxzj/zlkdatasys/audios/audio/20220412/16497741596058.wav"
        },
        {
          "text": "哼，再疯狂一把！",
          "link": "//game.gtimg.cn/images/yxzj/zlkdatasys/audios/audio/20220412/16497741723411.wav"
        },
        {
          "text": "真正的泰山压顶！",
          "link": "//game.gtimg.cn/images/yxzj/zlkdatasys/audios/audio/20220412/16497741842931.wav"
        },
        {
          "text": "劈天盖地！",
          "link": "//game.gtimg.cn/images/yxzj/zlkdatasys/audios/audio/20220412/16497741979474.wav"
        },
        {
          "text": "你很有勇气，但比我还差一些。",
          "link": "//game.gtimg.cn/images/yxzj/zlkdatasys/audios/audio/20220412/16497742249952.mp3"
        },
        {
          "text": "是你，完成了我未尽的愿望吗。",
          "link": "//game.gtimg.cn/images/yxzj/zlkdatasys/audios/audio/20220412/16497742376926.mp3"
        },
        {
          "text": "我寻着你的歌声而来。",
          "link": "//game.gtimg.cn/images/yxzj/zlkdatasys/audios/audio/20220412/16497742547753.wav"
        },
        {
          "text": "轻如鸿毛的死法",
          "link": "//game.gtimg.cn/images/yxzj/zlkdatasys/audios/audio/20220412/16497742693835.wav"
        },
        {
          "text": "有眼无珠，不识泰山！",
          "link": "//game.gtimg.cn/images/yxzj/zlkdatasys/audios/audio/20220412/16497742832971.wav"
        },
        {
          "text": "松石为骨，清泉为心",
          "link": "//game.gtimg.cn/images/yxzj/zlkdatasys/audios/audio/20220412/16497742987341.mp3"
        },
        {
          "text": "世间有勇者守护，也有仁者救赎",
          "link": "//game.gtimg.cn/images/yxzj/zlkdatasys/audios/audio/20220428/16511308454663.mp3"
        }
      ],
      "name": "岱宗"
    },
    {
      "voice": [
        {
          "text": "额...你们总能想出一千种改需求的理由！",
          "link": "//game.gtimg.cn/images/yxzj/zlkdatasys/audios/audio/20220412/16497743635288.wav"
        },
        {
          "text": "额！是谁动了我的代码？？",
          "link": "//game.gtimg.cn/images/yxzj/zlkdatasys/audios/audio/20220412/16497743808743.wav"
        },
        {
          "text": "可以否认我的方案，不能否认我的时尚。",
          "link": "//game.gtimg.cn/images/yxzj/zlkdatasys/audios/audio/20220412/16497743922087.wav"
        },
        {
          "text": "试过重启了吗？",
          "link": "//game.gtimg.cn/images/yxzj/zlkdatasys/audios/audio/20220412/16497744083226.wav"
        },
        {
          "text": "枸杞养生之道，程序员的自我修养。",
          "link": "//game.gtimg.cn/images/yxzj/zlkdatasys/audios/audio/20220412/16497744239835.wav"
        },
        {
          "text": "你懂什么！",
          "link": "//game.gtimg.cn/images/yxzj/zlkdatasys/audios/audio/20220412/16497744383232.wav"
        },
        {
          "text": "谁还没点小爱好？",
          "link": "//game.gtimg.cn/images/yxzj/zlkdatasys/audios/audio/20220412/16497744524830.wav"
        },
        {
          "text": "hello，world……",
          "link": "//game.gtimg.cn/images/yxzj/zlkdatasys/audios/audio/20220412/16497744686771.wav"
        },
        {
          "text": "打卡时间到！",
          "link": "//game.gtimg.cn/images/yxzj/zlkdatasys/audios/audio/20220412/16497744889726.wav"
        },
        {
          "text": "开工了！",
          "link": "//game.gtimg.cn/images/yxzj/zlkdatasys/audios/audio/20220412/16497745038627.wav"
        },
        {
          "text": "绝对不改！",
          "link": "//game.gtimg.cn/images/yxzj/zlkdatasys/audios/audio/20220412/16497745141442.wav"
        },
        {
          "text": "bug一个不留！",
          "link": "//game.gtimg.cn/images/yxzj/zlkdatasys/audios/audio/20220412/16497745302805.wav"
        },
        {
          "text": "来，比比发量！",
          "link": "//game.gtimg.cn/images/yxzj/zlkdatasys/audios/audio/20220412/16497745422679.wav"
        }
      ],
      "name": "蓝屏警告"
    },
    {
      "voice": [
        {
          "text": "儿郎们，随吾冲锋！",
          "link": "//game.gtimg.cn/images/yxzj/zlkdatasys/audios/audio/20240307/17098054026552.mp3"
        },
        {
          "text": "遇此强敌，复何憾哉！",
          "link": "//game.gtimg.cn/images/yxzj/zlkdatasys/audios/audio/20240307/17098054263634.mp3"
        },
        {
          "text": "今日一战，必垂世不朽！",
          "link": "//game.gtimg.cn/images/yxzj/zlkdatasys/audios/audio/20240307/17098054614788.mp3"
        },
        {
          "text": "与兽争血肉，与人争生存，与天争运命！",
          "link": "//game.gtimg.cn/images/yxzj/zlkdatasys/audios/audio/20240306/17097186168721.mp3"
        },
        {
          "text": "求存之争，无论正邪，只分成败。",
          "link": "//game.gtimg.cn/images/yxzj/zlkdatasys/audios/audio/20240306/17097186439547.mp3"
        },
        {
          "text": "可怜大荒茫茫百草，自今而后不复存焉。",
          "link": "//game.gtimg.cn/images/yxzj/zlkdatasys/audios/audio/20240306/17097186654031.mp3"
        },
        {
          "text": "五兵之芒，敢向日月争光！",
          "link": "//game.gtimg.cn/images/yxzj/zlkdatasys/audios/audio/20240306/17097186896563.mp3"
        },
        {
          "text": "千秋万岁后，谁还记得吾？",
          "link": "//game.gtimg.cn/images/yxzj/zlkdatasys/audios/audio/20240306/17097187103731.mp3"
        },
        {
          "text": "苍天不予，战鼓镗镗！苍天不予，兵甲煌煌！",
          "link": "//game.gtimg.cn/images/yxzj/zlkdatasys/audios/audio/20240306/17097187407304.mp3"
        },
        {
          "text": "神兵利器？不过吾族所铸奇珍中渺不足道的一部分。",
          "link": "//game.gtimg.cn/images/yxzj/zlkdatasys/audios/audio/20240306/17097187682455.mp3"
        },
        {
          "text": "望天下之争止于此战。",
          "link": "//game.gtimg.cn/images/yxzj/zlkdatasys/audios/audio/20240306/17097187942089.mp3"
        },
        {
          "text": "神牛大旗，折往何方……",
          "link": "//game.gtimg.cn/images/yxzj/zlkdatasys/audios/audio/20240306/17097188186754.mp3"
        },
        {
          "text": "痛快！哈哈哈哈哈哈！",
          "link": "//game.gtimg.cn/images/yxzj/zlkdatasys/audios/audio/20240306/17097188401363.mp3"
        },
        {
          "text": "气力尚不及熊罴，也敢与吾叫阵？",
          "link": "//game.gtimg.cn/images/yxzj/zlkdatasys/audios/audio/20240306/17097188766494.mp3"
        },
        {
          "text": "以金作兵！",
          "link": "//game.gtimg.cn/images/yxzj/zlkdatasys/audios/audio/20240306/17097188992160.mp3"
        },
        {
          "text": "扬吾锋刃！",
          "link": "//game.gtimg.cn/images/yxzj/zlkdatasys/audios/audio/20240306/17097189211962.mp3"
        },
        {
          "text": "破阵！",
          "link": "//game.gtimg.cn/images/yxzj/zlkdatasys/audios/audio/20240306/17097189421234.mp3"
        },
        {
          "text": "擂吾战鼓！",
          "link": "//game.gtimg.cn/images/yxzj/zlkdatasys/audios/audio/20240306/17097189616181.mp3"
        },
        {
          "text": "鬼哭！",
          "link": "//game.gtimg.cn/images/yxzj/zlkdatasys/audios/audio/20240306/17097190105235.mp3"
        },
        {
          "text": "神嚎！",
          "link": "//game.gtimg.cn/images/yxzj/zlkdatasys/audios/audio/20240306/17097190348577.mp3"
        },
        {
          "text": "抛吾热血！",
          "link": "//game.gtimg.cn/images/yxzj/zlkdatasys/audios/audio/20240306/17097190538884.mp3"
        },
        {
          "text": "天下英雄谁敌手？",
          "link": "//game.gtimg.cn/images/yxzj/zlkdatasys/audios/audio/20240306/17097190714538.mp3"
        }
      ],
      "name": "战鼓燎原"
    }
  ]
}
