{
  "data": [
    {
      "voice": [
        {
          "text": "一分为二的生命；独一无二的魂灵",
          "link": "//game.gtimg.cn/images/yxzj/zlkdatasys/audios/audio/20220408/16493996718091.wav"
        },
        {
          "text": "扔掉了无谓的剑鞘 ；给你复仇",
          "link": "//game.gtimg.cn/images/yxzj/zlkdatasys/audios/audio/20220408/16493996927649.wav"
        },
        {
          "text": "最好的剑；永远是下一把",
          "link": "//game.gtimg.cn/images/yxzj/zlkdatasys/audios/audio/20220408/16493997065364.wav"
        },
        {
          "text": "生死 ；契阔 ；与子 ；成说",
          "link": "//game.gtimg.cn/images/yxzj/zlkdatasys/audios/audio/20220408/16493997781074.wav"
        },
        {
          "text": "执子之手 ；与子偕老",
          "link": "//game.gtimg.cn/images/yxzj/zlkdatasys/audios/audio/20220408/16493997947532.wav"
        },
        {
          "text": "我们锻造别离 ；不可弥补的别离",
          "link": "//game.gtimg.cn/images/yxzj/zlkdatasys/audios/audio/20220408/16493998076756.wav"
        },
        {
          "text": "我们是一体的 ；我们永不分离",
          "link": "//game.gtimg.cn/images/yxzj/zlkdatasys/audios/audio/20220408/16493998214779.wav"
        },
        {
          "text": "我淬炼你的骨血；我成就你的锋芒",
          "link": "//game.gtimg.cn/images/yxzj/zlkdatasys/audios/audio/20220408/16493998378882.wav"
        },
        {
          "text": "锵，我欲铸剑；锵，铸我为剑",
          "link": "//game.gtimg.cn/images/yxzj/zlkdatasys/audios/audio/20220408/16493998507609.wav"
        },
        {
          "text": "敲打他们的生命；敲打他们的坟墓",
          "link": "//game.gtimg.cn/images/yxzj/zlkdatasys/audios/audio/20220408/16493998685470.wav"
        },
        {
          "text": "锻造这大逆不道 ；作崇高的祭礼",
          "link": "//game.gtimg.cn/images/yxzj/zlkdatasys/audios/audio/20220408/16493998829473.wav"
        },
        {
          "text": "随我归去 ；往蒿里去",
          "link": "//game.gtimg.cn/images/yxzj/zlkdatasys/audios/audio/20220408/16493999338776.wav"
        },
        {
          "text": "千锤 ；百炼",
          "link": "//game.gtimg.cn/images/yxzj/zlkdatasys/audios/audio/20220408/16493999927496.wav"
        },
        {
          "text": "他们会很快；破碎万千",
          "link": "//game.gtimg.cn/images/yxzj/zlkdatasys/audios/audio/20220408/16494000058181.wav"
        },
        {
          "text": "我的剑 ；势不可挡",
          "link": "//game.gtimg.cn/images/yxzj/zlkdatasys/audios/audio/20220408/16494000246403.wav"
        },
        {
          "text": "试试剑 ；试试终结",
          "link": "//game.gtimg.cn/images/yxzj/zlkdatasys/audios/audio/20220408/16494000726261.wav"
        },
        {
          "text": "他们羡慕；因为孤独；他们愤怒；因为无助",
          "link": "//game.gtimg.cn/images/yxzj/zlkdatasys/audios/audio/20220408/16494001085804.wav"
        },
        {
          "text": "若你恐惧，我也必将有所知晓；你也必将知晓。",
          "link": "//game.gtimg.cn/images/yxzj/zlkdatasys/audios/audio/20220408/16494002019875.wav"
        },
        {
          "text": "若你悲伤，我也必将有所知晓；你也必将知晓。",
          "link": "//game.gtimg.cn/images/yxzj/zlkdatasys/audios/audio/20220408/16494002141858.wav"
        },
        {
          "text": "当我愤怒起来，什么都不会畏惧；你绝不畏惧一切",
          "link": "//game.gtimg.cn/images/yxzj/zlkdatasys/audios/audio/20220408/16494002278264.wav"
        },
        {
          "text": "你带来的欢乐就像爱，永不断绝；爱，永不断绝",
          "link": "//game.gtimg.cn/images/yxzj/zlkdatasys/audios/audio/20220408/16494002393440.wav"
        },
        {
          "text": "你欣赏的世界，我也会同样着迷；那我会为你着迷",
          "link": "//game.gtimg.cn/images/yxzj/zlkdatasys/audios/audio/20220408/16494002526940.wav"
        },
        {
          "text": "来呀风暴，我会爱；我会爱",
          "link": "//game.gtimg.cn/images/yxzj/zlkdatasys/audios/audio/20220408/16494002675838.wav"
        },
        {
          "text": "一些愚蠢之举，就不要了；我们不需要愚蠢",
          "link": "//game.gtimg.cn/images/yxzj/zlkdatasys/audios/audio/20220408/16494002805073.wav"
        },
        {
          "text": "朋友，我对你不满意；我们都不满意",
          "link": "//game.gtimg.cn/images/yxzj/zlkdatasys/audios/audio/20220408/16494002949341.wav"
        },
        {
          "text": "我们有一个小小的仪式；在硝烟之地散播甜美的气息",
          "link": "//game.gtimg.cn/images/yxzj/zlkdatasys/audios/audio/20220408/16494003082095.wav"
        },
        {
          "text": "死而复生；众心之心",
          "link": "//game.gtimg.cn/images/yxzj/zlkdatasys/audios/audio/20220408/16494003567042.wav"
        }
      ],
      "name": "原皮"
    },
    {
      "voice": [
        {
          "text": "请再赐给我  她的那颗心！",
          "link": "//game.gtimg.cn/images/yxzj/zlkdatasys/audios/audio/20220408/16494004491275.wav"
        },
        {
          "text": "即使一切冰封，你也在我眼中闪亮~",
          "link": "//game.gtimg.cn/images/yxzj/zlkdatasys/audios/audio/20220408/16494004638649.wav"
        },
        {
          "text": "神圣的记忆，始终明晰。",
          "link": "//game.gtimg.cn/images/yxzj/zlkdatasys/audios/audio/20220408/16494004779767.wav"
        },
        {
          "text": "小鹿走出了树林，而我们留在这里；",
          "link": "//game.gtimg.cn/images/yxzj/zlkdatasys/audios/audio/20220408/16494004938125.wav"
        },
        {
          "text": "我们的声音！从此……\n从此不能同一。",
          "link": "//game.gtimg.cn/images/yxzj/zlkdatasys/audios/audio/20220408/16494005071881.wav"
        },
        {
          "text": "我仍可听见……你。",
          "link": "//game.gtimg.cn/images/yxzj/zlkdatasys/audios/audio/20220408/16494005224146.wav"
        },
        {
          "text": "童话里没有别离；",
          "link": "//game.gtimg.cn/images/yxzj/zlkdatasys/audios/audio/20220408/16494005371946.wav"
        },
        {
          "text": "此刻……众神也没有我们幸福。",
          "link": "//game.gtimg.cn/images/yxzj/zlkdatasys/audios/audio/20220408/16494005558219.wav"
        },
        {
          "text": "冬天用一个晚上……\n便会降临人间！",
          "link": "//game.gtimg.cn/images/yxzj/zlkdatasys/audios/audio/20220408/16494005985917.wav"
        },
        {
          "text": "冰块做的河流. 在尽头相遇！",
          "link": "//game.gtimg.cn/images/yxzj/zlkdatasys/audios/audio/20220408/16494006146196.wav"
        },
        {
          "text": "冰块做的河流. 在尽头相遇！",
          "link": "//game.gtimg.cn/images/yxzj/zlkdatasys/audios/audio/20220408/16494006325467.wav"
        },
        {
          "text": "我要从所有的天国夺回你！",
          "link": "//game.gtimg.cn/images/yxzj/zlkdatasys/audios/audio/20220408/16494006541414.wav"
        },
        {
          "text": "若你恐惧，我也必将有所知晓。 你也必将知晓。",
          "link": "//game.gtimg.cn/images/yxzj/zlkdatasys/audios/audio/20220408/16494007558563.wav"
        },
        {
          "text": "若你悲伤，我也必将有所知晓。你也必将知晓。",
          "link": "//game.gtimg.cn/images/yxzj/zlkdatasys/audios/audio/20220408/16494007683951.wav"
        },
        {
          "text": "当我愤怒起来，什么都不会畏惧！你绝不畏惧一切。",
          "link": "//game.gtimg.cn/images/yxzj/zlkdatasys/audios/audio/20220408/16494007822897.wav"
        },
        {
          "text": "你带来的欢乐就像爱，永不断绝。爱，永不断绝。",
          "link": "//game.gtimg.cn/images/yxzj/zlkdatasys/audios/audio/20220408/16494007961406.wav"
        },
        {
          "text": "你欣赏的世界，我也会同样着迷。 那我会为你着迷。",
          "link": "//game.gtimg.cn/images/yxzj/zlkdatasys/audios/audio/20220408/16494008112525.wav"
        },
        {
          "text": "来呀风暴，我会爱。我会爱。",
          "link": "//game.gtimg.cn/images/yxzj/zlkdatasys/audios/audio/20220408/16494008253285.wav"
        },
        {
          "text": "一些愚蠢之举，就不要了。 我们不需要愚蠢。",
          "link": "//game.gtimg.cn/images/yxzj/zlkdatasys/audios/audio/20220408/16494008384619.wav"
        },
        {
          "text": "朋友，我对你不满意。 我们都不满意。",
          "link": "//game.gtimg.cn/images/yxzj/zlkdatasys/audios/audio/20220408/16494008553547.wav"
        },
        {
          "text": "我们有一个小小的仪式。 在硝烟之地散播甜美的气息。",
          "link": "//game.gtimg.cn/images/yxzj/zlkdatasys/audios/audio/20220408/16494008692203.wav"
        },
        {
          "text": "死而复生。众心之心。",
          "link": "//game.gtimg.cn/images/yxzj/zlkdatasys/audios/audio/20220408/16494008822501.wav"
        },
        {
          "text": "要伤害那支花么；",
          "link": "//game.gtimg.cn/images/yxzj/zlkdatasys/audios/audio/20220408/16494009078279.wav"
        },
        {
          "text": "即使一切冰封，你也在我眼中",
          "link": "//game.gtimg.cn/images/yxzj/zlkdatasys/audios/audio/20220418/16502766111869.wav"
        },
        {
          "text": "阳光穿透了云层，而我们留在这里",
          "link": "//game.gtimg.cn/images/yxzj/zlkdatasys/audios/audio/20220418/16502766994534.wav"
        },
        {
          "text": "雪地上画着宫殿，我们永远住在那里",
          "link": "//game.gtimg.cn/images/yxzj/zlkdatasys/audios/audio/20220418/16502768313361.wav"
        },
        {
          "text": "敢带走我最爱的灵魂",
          "link": "//game.gtimg.cn/images/yxzj/zlkdatasys/audios/audio/20220418/16502770909846.wav"
        }
      ],
      "name": "冰霜恋舞曲"
    },
    {
      "voice": [
        {
          "text": "王者归来！",
          "link": "//game.gtimg.cn/images/yxzj/zlkdatasys/audios/audio/20220408/16494010782880.wav"
        },
        {
          "text": "诛逆之战 ；当放手一搏",
          "link": "//game.gtimg.cn/images/yxzj/zlkdatasys/audios/audio/20220408/16494010901392.wav"
        },
        {
          "text": "久炼则诚 ；剑无虚发",
          "link": "//game.gtimg.cn/images/yxzj/zlkdatasys/audios/audio/20220408/16494011035179.wav"
        },
        {
          "text": "吾将敕令雷霆；震怒域外之土",
          "link": "//game.gtimg.cn/images/yxzj/zlkdatasys/audios/audio/20220408/16494011194211.wav"
        },
        {
          "text": "历史记载胜者；并一道埋掉血色",
          "link": "//game.gtimg.cn/images/yxzj/zlkdatasys/audios/audio/20220408/16494011329685.wav"
        },
        {
          "text": "烽火燃不息；征战无已时",
          "link": "//game.gtimg.cn/images/yxzj/zlkdatasys/audios/audio/20220408/16494011434120.wav"
        },
        {
          "text": "一剑统治怜悯；一剑送葬绝望",
          "link": "//game.gtimg.cn/images/yxzj/zlkdatasys/audios/audio/20220408/16494011589204.wav"
        },
        {
          "text": "铁马金戈；青冢末路",
          "link": "//game.gtimg.cn/images/yxzj/zlkdatasys/audios/audio/20220408/16494011711616.wav"
        },
        {
          "text": "再无 ；人间世的挂虑……",
          "link": "//game.gtimg.cn/images/yxzj/zlkdatasys/audios/audio/20220408/16494011953671.wav"
        },
        {
          "text": "胆敢 ；惹怒命运",
          "link": "//game.gtimg.cn/images/yxzj/zlkdatasys/audios/audio/20220408/16494012233283.wav"
        },
        {
          "text": "千秋为卷；山河作答",
          "link": "//game.gtimg.cn/images/yxzj/zlkdatasys/audios/audio/20220408/16494012451617.wav"
        },
        {
          "text": "剑来！",
          "link": "//game.gtimg.cn/images/yxzj/zlkdatasys/audios/audio/20220408/16494012661991.wav"
        },
        {
          "text": "黄泉迢迢；送尔远道",
          "link": "//game.gtimg.cn/images/yxzj/zlkdatasys/audios/audio/20220408/16494012892284.wav"
        },
        {
          "text": "在绝对的精准面前；逃避没有丝毫作用",
          "link": "//game.gtimg.cn/images/yxzj/zlkdatasys/audios/audio/20220408/16494013044687.wav"
        },
        {
          "text": "这一剑把握有几成；九成",
          "link": "//game.gtimg.cn/images/yxzj/zlkdatasys/audios/audio/20220408/16494013887470.wav"
        },
        {
          "text": "若你恐惧，我也必将有所知晓；你也必将知晓",
          "link": "//game.gtimg.cn/images/yxzj/zlkdatasys/audios/audio/20220408/16494014037488.wav"
        },
        {
          "text": "若你悲伤，我也必将有所知晓；你也必将知晓",
          "link": "//game.gtimg.cn/images/yxzj/zlkdatasys/audios/audio/20220408/16494014218331.wav"
        },
        {
          "text": "当我愤怒起来，什么都不会畏惧；你绝不畏惧一切",
          "link": "//game.gtimg.cn/images/yxzj/zlkdatasys/audios/audio/20220408/16494014346000.wav"
        },
        {
          "text": "你带来的欢乐就像爱，永不断绝；爱，永不断绝",
          "link": "//game.gtimg.cn/images/yxzj/zlkdatasys/audios/audio/20220408/16494014484416.wav"
        },
        {
          "text": "你欣赏的世界，我也会同样着迷；那我会为你着迷",
          "link": "//game.gtimg.cn/images/yxzj/zlkdatasys/audios/audio/20220408/16494014622766.wav"
        },
        {
          "text": "来呀风暴，我会爱；我会爱",
          "link": "//game.gtimg.cn/images/yxzj/zlkdatasys/audios/audio/20220408/16494014773254.wav"
        },
        {
          "text": "一些愚蠢之举，就不要了；我们不需要愚蠢",
          "link": "//game.gtimg.cn/images/yxzj/zlkdatasys/audios/audio/20220408/16494016152173.wav"
        },
        {
          "text": "朋友，我对你不满意；我们都不满意",
          "link": "//game.gtimg.cn/images/yxzj/zlkdatasys/audios/audio/20220408/16494016288839.wav"
        },
        {
          "text": "我们有一个小小的仪式；在硝烟之地散播甜美的气息",
          "link": "//game.gtimg.cn/images/yxzj/zlkdatasys/audios/audio/20220408/16494016404336.wav"
        },
        {
          "text": "死而复生；众心之心",
          "link": "//game.gtimg.cn/images/yxzj/zlkdatasys/audios/audio/20220408/16494016532288.wav"
        }
      ],
      "name": "久胜战神"
    },
    {
      "voice": [
        {
          "text": "你的生命...会在不朽的魔法中与时间同长；时间......",
          "link": "//game.gtimg.cn/images/yxzj/zlkdatasys/audios/audio/20220408/16494170622451.wav"
        },
        {
          "text": "这次，我会试试黑魔法；魔法......",
          "link": "//game.gtimg.cn/images/yxzj/zlkdatasys/audios/audio/20220408/16494170778731.wav"
        },
        {
          "text": "黑魔法书的第十三页...名为唤醒灵魂的秘术... ；我这是怎么了... ；终于......欢迎回家",
          "link": "//game.gtimg.cn/images/yxzj/zlkdatasys/audios/audio/20220408/16494170969051.wav"
        },
        {
          "text": "别再念这些小孩子才喜欢的故事了；那么这篇...这篇是...公主拯救勇士；为了爱情做丢掉性命的蠢事？那只会发生在童话里",
          "link": "//game.gtimg.cn/images/yxzj/zlkdatasys/audios/audio/20220408/16494171149925.wav"
        },
        {
          "text": "给对面聒噪的家伙们试试新魔药；他们没意见；太好了～那就听我的",
          "link": "//game.gtimg.cn/images/yxzj/zlkdatasys/audios/audio/20220408/16494171299726.wav"
        },
        {
          "text": "噢！我听到你的心跳了； 我想…...那只是魔药烧开了",
          "link": "//game.gtimg.cn/images/yxzj/zlkdatasys/audios/audio/20220408/16494171436455.wav"
        },
        {
          "text": "听说所有女巫在故事里，都不会有好下场；善良的她，一定会有幸福的结局；和她了不起的锅炉先生一起～",
          "link": "//game.gtimg.cn/images/yxzj/zlkdatasys/audios/audio/20220408/16494171608499.wav"
        },
        {
          "text": "世上没有永恒的魔法；除了爱；没错～爱就是无所不能",
          "link": "//game.gtimg.cn/images/yxzj/zlkdatasys/audios/audio/20220408/16494171801454.wav"
        },
        {
          "text": "我睡着的时候...宠物们还听话吗？当然；事情看起来没有更坏；当然！诅咒没有夺去全部的你......而我，是最厉害的女巫",
          "link": "//game.gtimg.cn/images/yxzj/zlkdatasys/audios/audio/20220408/16494171962456.wav"
        },
        {
          "text": "好像睡了很久...这次我的魔法变出了什么？一只永远迷路的猫头鹰，和一只不会送信的笨猫。听起来很失败。嗯哼，它们都不如你～",
          "link": "//game.gtimg.cn/images/yxzj/zlkdatasys/audios/audio/20220408/16494172218020.wav"
        },
        {
          "text": "他在向我索要，愿望达成的代价...",
          "link": "//game.gtimg.cn/images/yxzj/zlkdatasys/audios/audio/20220408/16494172501353.wav"
        },
        {
          "text": "我好像...做了一些蠢事。",
          "link": "//game.gtimg.cn/images/yxzj/zlkdatasys/audios/audio/20220408/16494172647844.wav"
        },
        {
          "text": "他们再也不能从我生命中...夺走什么了。",
          "link": "//game.gtimg.cn/images/yxzj/zlkdatasys/audios/audio/20220408/16494172876438.wav"
        },
        {
          "text": "你只是睡着了...对吗？",
          "link": "//game.gtimg.cn/images/yxzj/zlkdatasys/audios/audio/20220408/16494173115710.wav"
        },
        {
          "text": "施展奇迹之杖！",
          "link": "//game.gtimg.cn/images/yxzj/zlkdatasys/audios/audio/20220408/16494173378874.wav"
        },
        {
          "text": "擅闯者；你将像飞蛾撞进火光",
          "link": "//game.gtimg.cn/images/yxzj/zlkdatasys/audios/audio/20220408/16494173547797.wav"
        },
        {
          "text": "闪电灰烬！月光穿膛！",
          "link": "//game.gtimg.cn/images/yxzj/zlkdatasys/audios/audio/20220408/16494174084321.wav"
        },
        {
          "text": "尘与灰 ；生命与不朽",
          "link": "//game.gtimg.cn/images/yxzj/zlkdatasys/audios/audio/20220408/16494174307490.wav"
        },
        {
          "text": "快看看我找到了什么；一个绝佳的魔法原料",
          "link": "//game.gtimg.cn/images/yxzj/zlkdatasys/audios/audio/20220408/16494174524780.wav"
        },
        {
          "text": "记住拿去你灵魂的，是怎样的时刻",
          "link": "//game.gtimg.cn/images/yxzj/zlkdatasys/audios/audio/20220408/16494174827166.wav"
        },
        {
          "text": "对讨厌的家伙，我会使用一些让人变笨的魔法；当然...不过这里不能有更多笨蛋了",
          "link": "//game.gtimg.cn/images/yxzj/zlkdatasys/audios/audio/20220408/16494175009818.wav"
        },
        {
          "text": "若你恐惧，我也必将有所知晓；你也必将知晓",
          "link": "//game.gtimg.cn/images/yxzj/zlkdatasys/audios/audio/20220408/16494175231028.wav"
        },
        {
          "text": "若你悲伤，我也必将有所知晓；你也必将知晓",
          "link": "//game.gtimg.cn/images/yxzj/zlkdatasys/audios/audio/20220408/16494175374723.wav"
        },
        {
          "text": "当我愤怒起来，什么都不会畏惧；你绝不畏惧一切",
          "link": "//game.gtimg.cn/images/yxzj/zlkdatasys/audios/audio/20220408/16494175529566.wav"
        },
        {
          "text": "你带来的欢乐就像爱，永不断绝；爱，永不断绝",
          "link": "//game.gtimg.cn/images/yxzj/zlkdatasys/audios/audio/20220408/16494175656923.wav"
        },
        {
          "text": "你欣赏的世界，我也会同样着迷；那我会为你着迷",
          "link": "//game.gtimg.cn/images/yxzj/zlkdatasys/audios/audio/20220408/16494175788999.wav"
        },
        {
          "text": "来呀风暴，我会爱；我会爱",
          "link": "//game.gtimg.cn/images/yxzj/zlkdatasys/audios/audio/20220408/16494175914749.wav"
        },
        {
          "text": "一些愚蠢之举，就不要了；我们不需要愚蠢",
          "link": "//game.gtimg.cn/images/yxzj/zlkdatasys/audios/audio/20220408/16494176067711.wav"
        },
        {
          "text": "朋友，我对你不满意；我们都不满意",
          "link": "//game.gtimg.cn/images/yxzj/zlkdatasys/audios/audio/20220408/16494176203468.wav"
        },
        {
          "text": "我们有一个小小的仪式；在硝烟之地散播甜美的气息",
          "link": "//game.gtimg.cn/images/yxzj/zlkdatasys/audios/audio/20220408/16494176341632.wav"
        },
        {
          "text": "死而复生；众心之心",
          "link": "//game.gtimg.cn/images/yxzj/zlkdatasys/audios/audio/20220408/16494176517044.wav"
        },
        {
          "text": "今天会有浪漫的烛光晚餐吗，锅炉先生？为你效劳，我的女士",
          "link": "//game.gtimg.cn/images/yxzj/zlkdatasys/audios/audio/20220408/16494176823826.wav"
        }
      ],
      "name": "真爱魔法"
    },
    {
      "voice": [
        {
          "text": "洒墨绘情长。；毫端系阴阳。",
          "link": "//game.gtimg.cn/images/yxzj/zlkdatasys/audios/audio/20230321/16793680542628.mp3"
        },
        {
          "text": "情感动天之时。；便是相见之日！",
          "link": "//game.gtimg.cn/images/yxzj/zlkdatasys/audios/audio/20230321/16793680644900.mp3"
        },
        {
          "text": "走笔丹青画瑶天。；只羡鸳鸯不羡仙。",
          "link": "//game.gtimg.cn/images/yxzj/zlkdatasys/audios/audio/20230321/16793680743888.mp3"
        },
        {
          "text": "勾勒之间……；生死相随！",
          "link": "//game.gtimg.cn/images/yxzj/zlkdatasys/audios/audio/20230320/16792995048250.mp3"
        },
        {
          "text": "千思百绪结连理。；情海幻化离恨天。",
          "link": "//game.gtimg.cn/images/yxzj/zlkdatasys/audios/audio/20230320/16792995414588.mp3"
        },
        {
          "text": "工笔墨线，重绘画眉之乐。；虚实相依，细描碧落黄泉。",
          "link": "//game.gtimg.cn/images/yxzj/zlkdatasys/audios/audio/20230320/16792995745213.mp3"
        },
        {
          "text": "生死有命，岂可逆天乞寿？；唯此一法，方得破镜重圆！",
          "link": "//game.gtimg.cn/images/yxzj/zlkdatasys/audios/audio/20230320/16792996107637.mp3"
        },
        {
          "text": "命数别离不可逆……；不悔以身续前缘！",
          "link": "//game.gtimg.cn/images/yxzj/zlkdatasys/audios/audio/20230320/16792998346083.mp3"
        },
        {
          "text": "时时描勒相思意。；絮絮倾诉一生情。",
          "link": "//game.gtimg.cn/images/yxzj/zlkdatasys/audios/audio/20230320/16792999659370.mp3"
        },
        {
          "text": "一笔难勾勒。；四目尽幻境……",
          "link": "//game.gtimg.cn/images/yxzj/zlkdatasys/audios/audio/20230320/16792999911586.mp3"
        },
        {
          "text": "寥落兮……；总伤情……",
          "link": "//game.gtimg.cn/images/yxzj/zlkdatasys/audios/audio/20230320/16793000212492.mp3"
        },
        {
          "text": "平平之辈……；枉作笑谈！",
          "link": "//game.gtimg.cn/images/yxzj/zlkdatasys/audios/audio/20230320/16793000503537.mp3"
        },
        {
          "text": "破墨——；绘离合！",
          "link": "//game.gtimg.cn/images/yxzj/zlkdatasys/audios/audio/20230320/16793001655257.mp3"
        },
        {
          "text": "挥毫洒墨，绘幻为真。；辗转造化，尺素情深。",
          "link": "//game.gtimg.cn/images/yxzj/zlkdatasys/audios/audio/20230320/16793008437805.mp3"
        },
        {
          "text": "归去兮我意！；往来兮我心。",
          "link": "//game.gtimg.cn/images/yxzj/zlkdatasys/audios/audio/20230321/16793665691281.mp3"
        },
        {
          "text": "聚气！；力藏锋！",
          "link": "//game.gtimg.cn/images/yxzj/zlkdatasys/audios/audio/20230320/16793011189881.mp3"
        },
        {
          "text": "墨分五色……；画迹尽收！",
          "link": "//game.gtimg.cn/images/yxzj/zlkdatasys/audios/audio/20230320/16793011399322.mp3"
        },
        {
          "text": "以心为念！；化虚为实！",
          "link": "//game.gtimg.cn/images/yxzj/zlkdatasys/audios/audio/20230320/16793011733181.mp3"
        },
        {
          "text": "行蓄回转！；混沌阴阳！",
          "link": "//game.gtimg.cn/images/yxzj/zlkdatasys/audios/audio/20230320/16793012002322.mp3"
        },
        {
          "text": "彩生分毫内……；意在方寸间！",
          "link": "//game.gtimg.cn/images/yxzj/zlkdatasys/audios/audio/20230320/16793012412395.mp3"
        },
        {
          "text": "掷笔不言……；悲愤自言……",
          "link": "//game.gtimg.cn/images/yxzj/zlkdatasys/audios/audio/20230320/16793020291394.mp3"
        },
        {
          "text": "思不得见！；痛断肝肠……",
          "link": "//game.gtimg.cn/images/yxzj/zlkdatasys/audios/audio/20230320/16793020816884.mp3"
        },
        {
          "text": "形单影只……；魂归何方？",
          "link": "//game.gtimg.cn/images/yxzj/zlkdatasys/audios/audio/20230320/16793021079017.mp3"
        },
        {
          "text": "啼笑皆非之事……；漠然置之！",
          "link": "//game.gtimg.cn/images/yxzj/zlkdatasys/audios/audio/20230320/16793021573615.mp3"
        },
        {
          "text": "日月总交替。；花开又遇君……",
          "link": "//game.gtimg.cn/images/yxzj/zlkdatasys/audios/audio/20230320/16793021927830.mp3"
        },
        {
          "text": "画龙点睛！；妙哉！妙哉！",
          "link": "//game.gtimg.cn/images/yxzj/zlkdatasys/audios/audio/20230320/16793022297638.mp3"
        },
        {
          "text": "平生所遇颠倒事。；散闷遣愁作笑谈。",
          "link": "//game.gtimg.cn/images/yxzj/zlkdatasys/audios/audio/20230320/16793022639009.mp3"
        },
        {
          "text": "相逢何苦韶光短？；缱绻不觉岁月长。",
          "link": "//game.gtimg.cn/images/yxzj/zlkdatasys/audios/audio/20230320/16793023126613.mp3"
        },
        {
          "text": "若无浓墨。；何必重彩？",
          "link": "//game.gtimg.cn/images/yxzj/zlkdatasys/audios/audio/20230320/16793023416056.mp3"
        },
        {
          "text": "浮生得卿为伴……；全不察厚地高天！",
          "link": "//game.gtimg.cn/images/yxzj/zlkdatasys/audios/audio/20230320/16793023748406.mp3"
        }
      ],
      "name": "画中仙"
    }
  ]
}