{
  "data": [
    {
      "voice": [
        {
          "text": "该我上场表演了！",
          "link": "//game.gtimg.cn/images/yxzj/zlkdatasys/audios/audio/20220411/16496443599562.wav"
        },
        {
          "text": "来，听离哥替对面奏响离歌。",
          "link": "//game.gtimg.cn/images/yxzj/zlkdatasys/audios/audio/20220411/16496466744137.wav"
        },
        {
          "text": "原谅我一生，放浪不羁爱自由~",
          "link": "//game.gtimg.cn/images/yxzj/zlkdatasys/audios/audio/20220411/16496467112803.wav"
        },
        {
          "text": "狂热节拍！",
          "link": "//game.gtimg.cn/images/yxzj/zlkdatasys/audios/audio/20220411/16496467336016.wav"
        },
        {
          "text": "鬼哭狼嚎，绝妙的五重奏！",
          "link": "//game.gtimg.cn/images/yxzj/zlkdatasys/audios/audio/20220411/16496467548020.wav"
        },
        {
          "text": "动起来，心花会为你开~",
          "link": "//game.gtimg.cn/images/yxzj/zlkdatasys/audios/audio/20220411/16496467824970.wav"
        },
        {
          "text": "我们的灵魂总算起共鸣了，虽说偶尔还是有点跑调。",
          "link": "//game.gtimg.cn/images/yxzj/zlkdatasys/audios/audio/20220411/16496467924610.wav"
        },
        {
          "text": "加点尖叫和哀嚎，新曲子会让你泪流满面的！",
          "link": "//game.gtimg.cn/images/yxzj/zlkdatasys/audios/audio/20220411/16496468097744.wav"
        },
        {
          "text": "好像……真的跑调了。",
          "link": "//game.gtimg.cn/images/yxzj/zlkdatasys/audios/audio/20220411/16496468506602.wav"
        },
        {
          "text": "天天爱摇滚",
          "link": "//game.gtimg.cn/images/yxzj/zlkdatasys/audios/audio/20220411/16496469393889.wav"
        },
        {
          "text": "rock you",
          "link": "//game.gtimg.cn/images/yxzj/zlkdatasys/audios/audio/20220411/16496469597335.wav"
        },
        {
          "text": "没挂？还有安可~",
          "link": "//game.gtimg.cn/images/yxzj/zlkdatasys/audios/audio/20220411/16496469741309.wav"
        },
        {
          "text": "hold住全场！",
          "link": "//game.gtimg.cn/images/yxzj/zlkdatasys/audios/audio/20220411/16496469879425.wav"
        },
        {
          "text": "哎，魅力值再高，也hold不住你的车祸现场。",
          "link": "//game.gtimg.cn/images/yxzj/zlkdatasys/audios/audio/20220411/16496470022532.wav"
        }
      ],
      "name": "原皮"
    },
    {
      "voice": [
        {
          "text": "休想让我投降……",
          "link": "//game.gtimg.cn/images/yxzj/zlkdatasys/audios/audio/20220613/16551121164330.wav"
        },
        {
          "text": "天秀小队的各位——最高分贝，直击现场！",
          "link": "//game.gtimg.cn/images/yxzj/zlkdatasys/audios/audio/20220613/16551121818150.wav"
        },
        {
          "text": "心脏涌出的音浪，席卷世界的所有角落。",
          "link": "//game.gtimg.cn/images/yxzj/zlkdatasys/audios/audio/20220613/16551122441472.wav"
        },
        {
          "text": "开启第二人生。",
          "link": "//game.gtimg.cn/images/yxzj/zlkdatasys/audios/audio/20220613/16551122653976.wav"
        },
        {
          "text": "要不要来场及时、激烈、深切的……指尖交响？",
          "link": "//game.gtimg.cn/images/yxzj/zlkdatasys/audios/audio/20220613/16551124697554.wav"
        },
        {
          "text": "你对音乐的超前品味，与我不谋而合！",
          "link": "//game.gtimg.cn/images/yxzj/zlkdatasys/audios/audio/20220613/16551125031513.wav"
        },
        {
          "text": "暂时没能改变世界，可世界也不曾改变我。",
          "link": "//game.gtimg.cn/images/yxzj/zlkdatasys/audios/audio/20220613/16551125339409.wav"
        },
        {
          "text": "今夜就引爆，随音浪一起燃烧，让全世界都看到。",
          "link": "//game.gtimg.cn/images/yxzj/zlkdatasys/audios/audio/20220613/16551126086934.wav"
        },
        {
          "text": "别跑啊，刚还自称是我粉丝的～",
          "link": "//game.gtimg.cn/images/yxzj/zlkdatasys/audios/audio/20220613/16551126321028.wav"
        },
        {
          "text": "没有粉丝灯牌，就跟着心中的光走。",
          "link": "//game.gtimg.cn/images/yxzj/zlkdatasys/audios/audio/20220613/16551126749921.wav"
        },
        {
          "text": "以今日为弦，奏响明日的曲调～",
          "link": "//game.gtimg.cn/images/yxzj/zlkdatasys/audios/audio/20220613/16551127062822.wav"
        },
        {
          "text": "明日回响！",
          "link": "//game.gtimg.cn/images/yxzj/zlkdatasys/audios/audio/20220613/16551127346792.wav"
        },
        {
          "text": "超前曲调！",
          "link": "//game.gtimg.cn/images/yxzj/zlkdatasys/audios/audio/20220613/16551127554497.wav"
        },
        {
          "text": "先锋音浪！",
          "link": "//game.gtimg.cn/images/yxzj/zlkdatasys/audios/audio/20220613/16551127705097.wav"
        },
        {
          "text": "世界就是我的音符！",
          "link": "//game.gtimg.cn/images/yxzj/zlkdatasys/audios/audio/20220613/16551127954029.wav"
        },
        {
          "text": "拨亮群星！",
          "link": "//game.gtimg.cn/images/yxzj/zlkdatasys/audios/audio/20220613/16551128235436.wav"
        },
        {
          "text": "聚光灯下，没有伪装～",
          "link": "//game.gtimg.cn/images/yxzj/zlkdatasys/audios/audio/20220613/16551128372630.wav"
        },
        {
          "text": "你们最多做我的暖场乐队～",
          "link": "//game.gtimg.cn/images/yxzj/zlkdatasys/audios/audio/20220613/16551128669267.wav"
        },
        {
          "text": "是时候把你的舞台让出来了！",
          "link": "//game.gtimg.cn/images/yxzj/zlkdatasys/audios/audio/20220614/16551965985819.wav"
        },
        {
          "text": "偶尔也要来一点舒缓的音调～",
          "link": "//game.gtimg.cn/images/yxzj/zlkdatasys/audios/audio/20220614/16551966357188.wav"
        },
        {
          "text": "他们放弃所以是他们，我们坚持所以是我们。",
          "link": "//game.gtimg.cn/images/yxzj/zlkdatasys/audios/audio/20220614/16551966609327.wav"
        },
        {
          "text": "有一天全世界都会听到我的歌！",
          "link": "//game.gtimg.cn/images/yxzj/zlkdatasys/audios/audio/20220614/16551966822151.wav"
        },
        {
          "text": "一起让敌人落荒而逃吧！",
          "link": "//game.gtimg.cn/images/yxzj/zlkdatasys/audios/audio/20220614/16551967134637.wav"
        },
        {
          "text": "给路过的第一个人，奖励一首即兴弹唱~",
          "link": "//game.gtimg.cn/images/yxzj/zlkdatasys/audios/audio/20220614/16551967343954.wav"
        },
        {
          "text": "你的作品给了我新歌的灵感～",
          "link": "//game.gtimg.cn/images/yxzj/zlkdatasys/audios/audio/20220614/16551967646517.wav"
        },
        {
          "text": "快看，我已经站在舞台中央了！",
          "link": "//game.gtimg.cn/images/yxzj/zlkdatasys/audios/audio/20220614/16551967838717.wav"
        },
        {
          "text": "说出秘密，它就不再是一个人的负担。",
          "link": "//game.gtimg.cn/images/yxzj/zlkdatasys/audios/audio/20220614/16551968138920.wav"
        },
        {
          "text": "我喜欢你的叛逆。",
          "link": "//game.gtimg.cn/images/yxzj/zlkdatasys/audios/audio/20220614/16551968301515.wav"
        }
      ],
      "name": "天秀·音浪"
    },
    {
      "voice": [
        {
          "text": "没有天才是温顺的，要么桀骜，要么平庸。",
          "link": "//game.gtimg.cn/images/yxzj/zlkdatasys/audios/audio/20240109/17047939382793.mp3"
        },
        {
          "text": "大家举起魔杖，跟我一起唱，学院不是工厂，魔法就要乖张！",
          "link": "//game.gtimg.cn/images/yxzj/zlkdatasys/audios/audio/20240109/17047939535643.mp3"
        },
        {
          "text": "今晚的研究课题——多少分贝会引来图书管理员的攻击！",
          "link": "//game.gtimg.cn/images/yxzj/zlkdatasys/audios/audio/20240109/17047939802863.mp3"
        },
        {
          "text": "学院禁止携带宠物？抱歉，这是我的伙伴~",
          "link": "//game.gtimg.cn/images/yxzj/zlkdatasys/audios/audio/20240109/17047895564486.mp3"
        },
        {
          "text": "不合理的条规，不如塞进旧纸堆。",
          "link": "//game.gtimg.cn/images/yxzj/zlkdatasys/audios/audio/20240109/17047895742814.mp3"
        },
        {
          "text": "谁说阿布拉只有书呆子，明明还有我这样的摇滚明星~",
          "link": "//game.gtimg.cn/images/yxzj/zlkdatasys/audios/audio/20240109/17047895927694.mp3"
        },
        {
          "text": "再浓郁的黑暗，也会被成千上万个火球术照亮。",
          "link": "//game.gtimg.cn/images/yxzj/zlkdatasys/audios/audio/20240109/17047896088804.mp3"
        },
        {
          "text": "盲从构就思想的囚笼，反叛缔造求索的诗篇。",
          "link": "//game.gtimg.cn/images/yxzj/zlkdatasys/audios/audio/20240109/17047896435921.mp3"
        },
        {
          "text": "校训依旧铭刻于高塔，却被遗忘在心间。",
          "link": "//game.gtimg.cn/images/yxzj/zlkdatasys/audios/audio/20240109/17047896614121.mp3"
        },
        {
          "text": "这就是所谓的……代价吗？",
          "link": "//game.gtimg.cn/images/yxzj/zlkdatasys/audios/audio/20240109/17047896843872.mp3"
        },
        {
          "text": "又一个成功的恶作剧。",
          "link": "//game.gtimg.cn/images/yxzj/zlkdatasys/audios/audio/20240109/17047897062262.mp3"
        },
        {
          "text": "你们管被定义好的明天叫梦想？",
          "link": "//game.gtimg.cn/images/yxzj/zlkdatasys/audios/audio/20240109/17047897246210.mp3"
        },
        {
          "text": "礼赞不屈者！",
          "link": "//game.gtimg.cn/images/yxzj/zlkdatasys/audios/audio/20240109/17047897963733.mp3"
        },
        {
          "text": "扩音咒！",
          "link": "//game.gtimg.cn/images/yxzj/zlkdatasys/audios/audio/20240109/17047898766107.mp3"
        },
        {
          "text": "魔焰席卷！",
          "link": "//game.gtimg.cn/images/yxzj/zlkdatasys/audios/audio/20240109/17047898994569.mp3"
        },
        {
          "text": "灵魂的回响！",
          "link": "//game.gtimg.cn/images/yxzj/zlkdatasys/audios/audio/20240109/17047899265404.mp3"
        },
        {
          "text": "魔力驱动，无限动能，今夜狂欢不散场！",
          "link": "//game.gtimg.cn/images/yxzj/zlkdatasys/audios/audio/20240109/17047899569872.mp3"
        },
        {
          "text": "别被旁人的期望压弯了自己的腰。",
          "link": "//game.gtimg.cn/images/yxzj/zlkdatasys/audios/audio/20240109/17047899928455.mp3"
        },
        {
          "text": "大预言家，麻烦为我测算下今天的运势呗。",
          "link": "//game.gtimg.cn/images/yxzj/zlkdatasys/audios/audio/20240109/17047900147446.mp3"
        },
        {
          "text": "这个锅炉的造型真是别致，是哪位炼金大师的作品？",
          "link": "//game.gtimg.cn/images/yxzj/zlkdatasys/audios/audio/20240109/17047900492641.mp3"
        },
        {
          "text": "飞天扫帚早就过时了，现在流行的是摇滚扫帚。",
          "link": "//game.gtimg.cn/images/yxzj/zlkdatasys/audios/audio/20240109/17047900766505.mp3"
        },
        {
          "text": "书上有你的画像，混乱与战争的制造者。",
          "link": "//game.gtimg.cn/images/yxzj/zlkdatasys/audios/audio/20240109/17047900966960.mp3"
        },
        {
          "text": "抱歉，我只是在研究这张羊皮纸被列为学院十大禁物之首的原因。",
          "link": "//game.gtimg.cn/images/yxzj/zlkdatasys/audios/audio/20240109/17047901177473.mp3"
        },
        {
          "text": "为了复仇献祭自我，真是可悲。",
          "link": "//game.gtimg.cn/images/yxzj/zlkdatasys/audios/audio/20240109/17047901398869.mp3"
        }
      ],
      "name": "燃音魔法"
    }
  ]
}
