{
  "data": [
    {
      "voice": [
        {
          "text": "狂沙席卷之处，皆为我的猎场！",
          "link": "//game.gtimg.cn/images/yxzj/zlkdatasys/audios/audio/20220620/16557157128021.wav"
        },
        {
          "text": "风暴，必将如期而至！",
          "link": "//game.gtimg.cn/images/yxzj/zlkdatasys/audios/audio/20220620/16557157267395.wav"
        },
        {
          "text": "别眨眼，马上就到！",
          "link": "//game.gtimg.cn/images/yxzj/zlkdatasys/audios/audio/20220620/16557138267054.wav"
        },
        {
          "text": "沙海从未宁静，人心永不满足。",
          "link": "//game.gtimg.cn/images/yxzj/zlkdatasys/audios/audio/20220620/16557138677264.wav"
        },
        {
          "text": "希望是值得等待的东西，虽然渺茫，但却很珍贵。",
          "link": "//game.gtimg.cn/images/yxzj/zlkdatasys/audios/audio/20220620/16557138872781.wav"
        },
        {
          "text": "谁敢说风滚草们找不到自己的绿洲？",
          "link": "//game.gtimg.cn/images/yxzj/zlkdatasys/audios/audio/20220620/16557139051392.wav"
        },
        {
          "text": "每一粒沙子，都有它存在的价值。",
          "link": "//game.gtimg.cn/images/yxzj/zlkdatasys/audios/audio/20220620/16557139228984.wav"
        },
        {
          "text": "绝望会改变一个人，但希望也会。",
          "link": "//game.gtimg.cn/images/yxzj/zlkdatasys/audios/audio/20220620/16557139427691.wav"
        },
        {
          "text": "沙海很残酷，但也最公平。",
          "link": "//game.gtimg.cn/images/yxzj/zlkdatasys/audios/audio/20220620/16557139574863.wav"
        },
        {
          "text": "我们这儿最重要的是讲信义，除非你有不讲的实力。",
          "link": "//game.gtimg.cn/images/yxzj/zlkdatasys/audios/audio/20220620/16557139755024.wav"
        },
        {
          "text": "有多大能耐，吃多少地盘。",
          "link": "//game.gtimg.cn/images/yxzj/zlkdatasys/audios/audio/20220620/16557141527887.wav"
        },
        {
          "text": "留神那些扭动的蛇，净是些吃人的玩意儿。",
          "link": "//game.gtimg.cn/images/yxzj/zlkdatasys/audios/audio/20220620/16557141779029.wav"
        },
        {
          "text": "别太担心沙民，他们在哪儿都能活的很好。",
          "link": "//game.gtimg.cn/images/yxzj/zlkdatasys/audios/audio/20220620/16557141956878.wav"
        },
        {
          "text": "狂风 可不是每个人都能捕捉的存在。",
          "link": "//game.gtimg.cn/images/yxzj/zlkdatasys/audios/audio/20220620/16557142124457.wav"
        },
        {
          "text": "征服黑沙暴，是征服沙海的第一步。",
          "link": "//game.gtimg.cn/images/yxzj/zlkdatasys/audios/audio/20220620/16557142303209.wav"
        },
        {
          "text": "沙海塑造了我们的过去，而我们将决定沙海的未来！",
          "link": "//game.gtimg.cn/images/yxzj/zlkdatasys/audios/audio/20220620/16557142479278.wav"
        },
        {
          "text": "想学沙舟的话，黑晶砂、骨锈、不怕死的胆量，缺一不可。",
          "link": "//game.gtimg.cn/images/yxzj/zlkdatasys/audios/audio/20220620/16557142664891.wav"
        },
        {
          "text": "得干一票大的！",
          "link": "//game.gtimg.cn/images/yxzj/zlkdatasys/audios/audio/20220620/16557142871913.wav"
        },
        {
          "text": "我绝不会……善罢甘休！",
          "link": "//game.gtimg.cn/images/yxzj/zlkdatasys/audios/audio/20220620/16557143649402.wav"
        },
        {
          "text": "他们不配让我使出全力。",
          "link": "//game.gtimg.cn/images/yxzj/zlkdatasys/audios/audio/20220620/16557149337214.wav"
        },
        {
          "text": "别眨眼，马上就到",
          "link": "//game.gtimg.cn/images/yxzj/zlkdatasys/audios/audio/20220620/16557148951882.wav"
        },
        {
          "text": "注意拐弯！",
          "link": "//game.gtimg.cn/images/yxzj/zlkdatasys/audios/audio/20220620/16557149073945.wav"
        },
        {
          "text": "跟紧了",
          "link": "//game.gtimg.cn/images/yxzj/zlkdatasys/audios/audio/20220620/16557150043991.wav"
        },
        {
          "text": "免费的风暴秀！",
          "link": "//game.gtimg.cn/images/yxzj/zlkdatasys/audios/audio/20220620/16557151398014.wav"
        },
        {
          "text": "小心脚下～",
          "link": "//game.gtimg.cn/images/yxzj/zlkdatasys/audios/audio/20220620/16557151603330.wav"
        },
        {
          "text": "他们完蛋了～",
          "link": "//game.gtimg.cn/images/yxzj/zlkdatasys/audios/audio/20220620/16557151789665.wav"
        },
        {
          "text": "让黑沙暴，来的更猛烈些吧！",
          "link": "//game.gtimg.cn/images/yxzj/zlkdatasys/audios/audio/20220620/16557151964685.wav"
        },
        {
          "text": "情况好像不太妙……",
          "link": "//game.gtimg.cn/images/yxzj/zlkdatasys/audios/audio/20220620/16557152796539.wav"
        },
        {
          "text": "可恶的路障！",
          "link": "//game.gtimg.cn/images/yxzj/zlkdatasys/audios/audio/20220620/16557152976789.wav"
        },
        {
          "text": "注意驾驶规范！",
          "link": "//game.gtimg.cn/images/yxzj/zlkdatasys/audios/audio/20220620/16557153227774.wav"
        },
        {
          "text": "大胆上吧，今天这儿归我罩。",
          "link": "//game.gtimg.cn/images/yxzj/zlkdatasys/audios/audio/20220620/16557153651167.wav"
        },
        {
          "text": "要竞速吗？你可以先跑5公里～！",
          "link": "//game.gtimg.cn/images/yxzj/zlkdatasys/audios/audio/20220620/16557153852964.wav"
        },
        {
          "text": "你是自己走，还是要我送你回家？",
          "link": "//game.gtimg.cn/images/yxzj/zlkdatasys/audios/audio/20220620/16557154011638.wav"
        },
        {
          "text": "藐视沙漠的下场！",
          "link": "//game.gtimg.cn/images/yxzj/zlkdatasys/audios/audio/20220620/16557154329104.wav"
        },
        {
          "text": "你的地盘，我收下了！",
          "link": "//game.gtimg.cn/images/yxzj/zlkdatasys/audios/audio/20220620/16557154534513.wav"
        },
        {
          "text": "他们逃不掉的。",
          "link": "//game.gtimg.cn/images/yxzj/zlkdatasys/audios/audio/20220620/16557159258297.wav"
        },
        {
          "text": "还想跑，跑得掉么？！",
          "link": "//game.gtimg.cn/images/yxzj/zlkdatasys/audios/audio/20220620/16557159667817.wav"
        },
        {
          "text": "一窝端！",
          "link": "//game.gtimg.cn/images/yxzj/zlkdatasys/audios/audio/20220620/16557159906610.wav"
        },
        {
          "text": "沙海，是我的主场！",
          "link": "//game.gtimg.cn/images/yxzj/zlkdatasys/audios/audio/20220620/16557160058731.wav"
        },
        {
          "text": "额……希望这次修理师不要太抓狂。",
          "link": "//game.gtimg.cn/images/yxzj/zlkdatasys/audios/audio/20220620/16557160237649.wav"
        },
        {
          "text": "唔……沙舟，又该保养了",
          "link": "//game.gtimg.cn/images/yxzj/zlkdatasys/audios/audio/20220620/16557161176188.wav"
        },
        {
          "text": "杀不死我的，都将使我更强大。",
          "link": "//game.gtimg.cn/images/yxzj/zlkdatasys/audios/audio/20220620/16557161446404.wav"
        },
        {
          "text": "看在安戈的面子上，就跟你们合作一次。先说好，沙海以外的事儿我可不插手。",
          "link": "//game.gtimg.cn/images/yxzj/zlkdatasys/audios/audio/20220620/16557165803039.wav"
        },
        {
          "text": "手脚干净点！我的手弩可不长眼。",
          "link": "//game.gtimg.cn/images/yxzj/zlkdatasys/audios/audio/20220620/16557166185295.wav"
        },
        {
          "text": "大海和沙海，能有什么不一样的？",
          "link": "//game.gtimg.cn/images/yxzj/zlkdatasys/audios/audio/20220620/16557166525266.wav"
        },
        {
          "text": "如果你能少说点话，会更不错。",
          "link": "//game.gtimg.cn/images/yxzj/zlkdatasys/audios/audio/20220620/16557166864880.wav"
        },
        {
          "text": "怎么样，有兴趣加入么，富庶的大王子～",
          "link": "//game.gtimg.cn/images/yxzj/zlkdatasys/audios/audio/20220620/16557167157259.wav"
        },
        {
          "text": "起码他还活着。活着恨你，总比死了强。",
          "link": "//game.gtimg.cn/images/yxzj/zlkdatasys/audios/audio/20220620/16557176081224.wav"
        },
        {
          "text": "大可不必，我可不想它变成像你一样花里胡哨的大鹦鹉。",
          "link": "//game.gtimg.cn/images/yxzj/zlkdatasys/audios/audio/20220620/16557169339837.wav"
        },
        {
          "text": "别烦我，一边儿去。",
          "link": "//game.gtimg.cn/images/yxzj/zlkdatasys/audios/audio/20220620/16557169623025.wav"
        },
        {
          "text": "想不想学？我教你啊！",
          "link": "//game.gtimg.cn/images/yxzj/zlkdatasys/audios/audio/20220620/16557169919262.wav"
        },
        {
          "text": "这不是你该来的地方。",
          "link": "//game.gtimg.cn/images/yxzj/zlkdatasys/audios/audio/20220620/16557170453915.wav"
        },
        {
          "text": "戈——娅——是这么写的吗？",
          "link": "//game.gtimg.cn/images/yxzj/zlkdatasys/audios/audio/20220620/16557170766749.wav"
        },
        {
          "text": "美丽的小姐，要一起去兜风吗！",
          "link": "//game.gtimg.cn/images/yxzj/zlkdatasys/audios/audio/20220620/16557171152503.wav"
        },
        {
          "text": "又要看书啊..... 你饶了我吧。",
          "link": "//game.gtimg.cn/images/yxzj/zlkdatasys/audios/audio/20220620/16557172097861.wav"
        },
        {
          "text": "这儿没你想要的书。",
          "link": "//game.gtimg.cn/images/yxzj/zlkdatasys/audios/audio/20220620/16557172471877.wav"
        },
        {
          "text": "优雅礼貌守规矩？你们城里人的那一套跟我没关系。",
          "link": "//game.gtimg.cn/images/yxzj/zlkdatasys/audios/audio/20220620/16557172742727.wav"
        },
        {
          "text": "成天带个面具干什么，好的不学。",
          "link": "//game.gtimg.cn/images/yxzj/zlkdatasys/audios/audio/20220620/16557173113084.wav"
        },
        {
          "text": "给你，新面具，黑晶砂做的，防尘防沙。",
          "link": "//game.gtimg.cn/images/yxzj/zlkdatasys/audios/audio/20220620/16557173428095.wav"
        },
        {
          "text": "沙漠和我们都会有更好的明天，我相信。",
          "link": "//game.gtimg.cn/images/yxzj/zlkdatasys/audios/audio/20220620/16557173785358.wav"
        },
        {
          "text": "总遮遮掩掩的可不是男人的行为。",
          "link": "//game.gtimg.cn/images/yxzj/zlkdatasys/audios/audio/20220620/16557174055149.wav"
        },
        {
          "text": "太弱了，躲藏是没用的。",
          "link": "//game.gtimg.cn/images/yxzj/zlkdatasys/audios/audio/20220620/16557174307617.wav"
        },
        {
          "text": "竞速开始了！伙计们！",
          "link": "//game.gtimg.cn/images/yxzj/zlkdatasys/audios/audio/20220620/16557174519066.wav"
        },
        {
          "text": "这可不是什么好东西。",
          "link": "//game.gtimg.cn/images/yxzj/zlkdatasys/audios/audio/20220620/16557174755632.wav"
        },
        {
          "text": "沙海不是肆意妄为之地！",
          "link": "//game.gtimg.cn/images/yxzj/zlkdatasys/audios/audio/20220620/16557182211940.wav"
        },
        {
          "text": "黑沙暴也拦不住的沙舟，就凭你们？",
          "link": "//game.gtimg.cn/images/yxzj/zlkdatasys/audios/audio/20220620/16557182524227.wav"
        },
        {
          "text": "赏你们一嘴沙子！",
          "link": "//game.gtimg.cn/images/yxzj/zlkdatasys/audios/audio/20220620/16557182813031.wav"
        },
        {
          "text": "省省吧，你最多只够吸一口尾气。",
          "link": "//game.gtimg.cn/images/yxzj/zlkdatasys/audios/audio/20220620/16557182993552.wav"
        },
        {
          "text": "埋骨之地会很欢迎你。",
          "link": "//game.gtimg.cn/images/yxzj/zlkdatasys/audios/audio/20220620/16557183181554.wav"
        },
        {
          "text": "开个玩笑而已～别当真。",
          "link": "//game.gtimg.cn/images/yxzj/zlkdatasys/audios/audio/20220620/16557184602961.wav"
        },
        {
          "text": "自由的沙砾，总好过他人的囚徒。",
          "link": "//game.gtimg.cn/images/yxzj/zlkdatasys/audios/audio/20220915/16632396401881.mp3"
        },
        {
          "text": "沙漠的样子，沙民们说了才算。",
          "link": "//game.gtimg.cn/images/yxzj/zlkdatasys/audios/audio/20220915/16632396635181.mp3"
        }
      ],
      "name": "原皮"
    },
    {
      "voice": [
        {
          "text": "月色真美……要是没那几个跟屁虫就更美了。",
          "link": "//game.gtimg.cn/images/yxzj/zlkdatasys/audios/audio/20230626/16877629667237.mp3"
        },
        {
          "text": "追上我就算你们赢！",
          "link": "//game.gtimg.cn/images/yxzj/zlkdatasys/audios/audio/20230626/16877629865121.mp3"
        },
        {
          "text": "身为庇护之地的引路人，我的飞天扫帚水平是公认的第一名。",
          "link": "//game.gtimg.cn/images/yxzj/zlkdatasys/audios/audio/20230626/16877630046447.mp3"
        },
        {
          "text": "有些家伙天生高人一等？我可不这么认为。",
          "link": "//game.gtimg.cn/images/yxzj/zlkdatasys/audios/audio/20230626/16877610404516.mp3"
        },
        {
          "text": "要我说嘛，会不会飞才是魔法师和其他人的唯一区别。",
          "link": "//game.gtimg.cn/images/yxzj/zlkdatasys/audios/audio/20230626/16877613014627.mp3"
        },
        {
          "text": "魔法失控，战火蔓延，庇护之地的和平来之不易。",
          "link": "//game.gtimg.cn/images/yxzj/zlkdatasys/audios/audio/20230626/16877613961128.mp3"
        },
        {
          "text": "铁匠朋友帮我改造了武器，它们现在可比魔杖好用多了。",
          "link": "//game.gtimg.cn/images/yxzj/zlkdatasys/audios/audio/20230626/16877614404718.mp3"
        },
        {
          "text": "平时多夸夸自己的扫帚，你就能和我一样快。",
          "link": "//game.gtimg.cn/images/yxzj/zlkdatasys/audios/audio/20230626/16877614787081.mp3"
        },
        {
          "text": "除了不怀好意的家伙和黑森林的食木巨蜥，这里欢迎任何人。",
          "link": "//game.gtimg.cn/images/yxzj/zlkdatasys/audios/audio/20230626/16877615105266.mp3"
        },
        {
          "text": "黑魔法不是最大的敌人，偏见才是。",
          "link": "//game.gtimg.cn/images/yxzj/zlkdatasys/audios/audio/20230626/16877615415633.mp3"
        },
        {
          "text": "这回你总能追上我了吧？",
          "link": "//game.gtimg.cn/images/yxzj/zlkdatasys/audios/audio/20230626/16877615831532.mp3"
        },
        {
          "text": "卑鄙的停滞咒！",
          "link": "//game.gtimg.cn/images/yxzj/zlkdatasys/audios/audio/20230626/16877616177395.mp3"
        },
        {
          "text": "示范完毕，该你表演了。",
          "link": "//game.gtimg.cn/images/yxzj/zlkdatasys/audios/audio/20230626/16877616465740.mp3"
        },
        {
          "text": "保管好我的扫帚",
          "link": "//game.gtimg.cn/images/yxzj/zlkdatasys/audios/audio/20230626/16877616847417.mp3"
        },
        {
          "text": "下次再快点儿~",
          "link": "//game.gtimg.cn/images/yxzj/zlkdatasys/audios/audio/20230626/16877617303028.mp3"
        },
        {
          "text": "呃，该夸就夸，该修理时还是得好好修理",
          "link": "//game.gtimg.cn/images/yxzj/zlkdatasys/audios/audio/20230626/16877617602465.mp3"
        },
        {
          "text": "跑都还没学会，就想学飞？",
          "link": "//game.gtimg.cn/images/yxzj/zlkdatasys/audios/audio/20230626/16877618903749.mp3"
        },
        {
          "text": "秘术飞弹！",
          "link": "//game.gtimg.cn/images/yxzj/zlkdatasys/audios/audio/20230626/16877619329659.mp3"
        },
        {
          "text": "烫手吗？",
          "link": "//game.gtimg.cn/images/yxzj/zlkdatasys/audios/audio/20230626/16877619654495.mp3"
        },
        {
          "text": "让你一个身位！",
          "link": "//game.gtimg.cn/images/yxzj/zlkdatasys/audios/audio/20230626/16877620077432.mp3"
        },
        {
          "text": "飞行咒！",
          "link": "//game.gtimg.cn/images/yxzj/zlkdatasys/audios/audio/20230626/16877620404142.mp3"
        },
        {
          "text": "魔力充沛！",
          "link": "//game.gtimg.cn/images/yxzj/zlkdatasys/audios/audio/20230626/16877620762651.mp3"
        },
        {
          "text": "速速行！",
          "link": "//game.gtimg.cn/images/yxzj/zlkdatasys/audios/audio/20230626/16877621061998.mp3"
        },
        {
          "text": "扫帚戏法！",
          "link": "//game.gtimg.cn/images/yxzj/zlkdatasys/audios/audio/20230626/16877621454675.mp3"
        },
        {
          "text": "飞星横扫！",
          "link": "//game.gtimg.cn/images/yxzj/zlkdatasys/audios/audio/20230626/16877621814207.mp3"
        },
        {
          "text": "没有对手？真无趣。",
          "link": "//game.gtimg.cn/images/yxzj/zlkdatasys/audios/audio/20230626/16877622166023.mp3"
        },
        {
          "text": "接好这个小家伙！",
          "link": "//game.gtimg.cn/images/yxzj/zlkdatasys/audios/audio/20230626/16877622454668.mp3"
        },
        {
          "text": "魔龙卷！",
          "link": "//game.gtimg.cn/images/yxzj/zlkdatasys/audios/audio/20230626/16877623176634.mp3"
        },
        {
          "text": "直面风暴吧！",
          "link": "//game.gtimg.cn/images/yxzj/zlkdatasys/audios/audio/20230626/16877623487756.mp3"
        },
        {
          "text": "摧枯拉朽！",
          "link": "//game.gtimg.cn/images/yxzj/zlkdatasys/audios/audio/20230626/16877629451281.mp3"
        },
        {
          "text": "魔力激荡，狂风回响！",
          "link": "//game.gtimg.cn/images/yxzj/zlkdatasys/audios/audio/20230626/16877624841608.mp3"
        },
        {
          "text": "魔法嘛，难免有些小意外~",
          "link": "//game.gtimg.cn/images/yxzj/zlkdatasys/audios/audio/20230626/16877625179016.mp3"
        },
        {
          "text": "还是别了，我的扫帚可不喜欢黑魔法的尾气。",
          "link": "//game.gtimg.cn/images/yxzj/zlkdatasys/audios/audio/20230626/16877625703577.mp3"
        },
        {
          "text": "随身携带锅炉的女巫？来魔法学院你一定能考第一名！",
          "link": "//game.gtimg.cn/images/yxzj/zlkdatasys/audios/audio/20230626/16877627018544.mp3"
        },
        {
          "text": "咳咳，吟游诗人干什么不好，偏偏向黑魔法投怀送抱……是这样唱的吗？",
          "link": "//game.gtimg.cn/images/yxzj/zlkdatasys/audios/audio/20230626/16877627362158.mp3"
        },
        {
          "text": "停手吧，这场战争已经牵扯到了太多无辜的人！",
          "link": "//game.gtimg.cn/images/yxzj/zlkdatasys/audios/audio/20230626/16877627751396.mp3"
        }
      ],
      "name": "驭风魔法"
    }
  ]
}
