{
  "data": [
    {
      "voice": [
        {
          "text": "红叶最多情，一舞寄相思~",
          "link": "//game.gtimg.cn/images/yxzj/zlkdatasys/audios/audio/20220411/16496644424779.wav"
        },
        {
          "text": "念念不忘，必有回响。",
          "link": "//game.gtimg.cn/images/yxzj/zlkdatasys/audios/audio/20220411/16496644559164.wav"
        },
        {
          "text": "再多喜欢阿离一点，可以吗？",
          "link": "//game.gtimg.cn/images/yxzj/zlkdatasys/audios/audio/20220411/16496644672589.wav"
        },
        {
          "text": "有缘又有聚~才是阿离的舞台",
          "link": "//game.gtimg.cn/images/yxzj/zlkdatasys/audios/audio/20220411/16496645482461.mp3"
        },
        {
          "text": "谁建造它？谁守望它？谁在枫叶的季节，从它身畔归来？",
          "link": "//game.gtimg.cn/images/yxzj/zlkdatasys/audios/audio/20220411/16496645886738.mp3"
        },
        {
          "text": "别离，为了更美妙的重逢",
          "link": "//game.gtimg.cn/images/yxzj/zlkdatasys/audios/audio/20220411/16496646044680.mp3"
        },
        {
          "text": "飘零的孤鸟，也有权利寻求幸福呀~",
          "link": "//game.gtimg.cn/images/yxzj/zlkdatasys/audios/audio/20220411/16496646218586.mp3"
        },
        {
          "text": "花绽放于长安的春日，温暖又幸福~",
          "link": "//game.gtimg.cn/images/yxzj/zlkdatasys/audios/audio/20220411/16496646399249.mp3"
        },
        {
          "text": "要幸福……",
          "link": "//game.gtimg.cn/images/yxzj/zlkdatasys/audios/audio/20220411/16496646766795.wav"
        },
        {
          "text": "来如雷霆，罢如江海",
          "link": "//game.gtimg.cn/images/yxzj/zlkdatasys/audios/audio/20220411/16496647359720.wav"
        },
        {
          "text": "一舞剑器动四方",
          "link": "//game.gtimg.cn/images/yxzj/zlkdatasys/audios/audio/20220411/16496647508274.wav"
        },
        {
          "text": "霜叶红于二月花",
          "link": "//game.gtimg.cn/images/yxzj/zlkdatasys/audios/audio/20220411/16496650559718.wav"
        },
        {
          "text": "你有家吗？有温暖的女孩子在家里等你吗？",
          "link": "//game.gtimg.cn/images/yxzj/zlkdatasys/audios/audio/20220411/16496650873287.wav"
        },
        {
          "text": "初恋的心动，你懂吗？哼，不懂~",
          "link": "//game.gtimg.cn/images/yxzj/zlkdatasys/audios/audio/20220411/16496651774617.wav"
        },
        {
          "text": "与崇拜的偶像共舞，仿佛做梦",
          "link": "//game.gtimg.cn/images/yxzj/zlkdatasys/audios/audio/20220411/16496651944673.wav"
        },
        {
          "text": "让恐惧的人勇敢，让痛苦的人坚强，让悲伤的人充满希望",
          "link": "//game.gtimg.cn/images/yxzj/zlkdatasys/audios/audio/20220411/16496652449049.mp3"
        },
        {
          "text": "反复练习的阿离很笨吧。唯有痛苦使人破茧成蝶",
          "link": "//game.gtimg.cn/images/yxzj/zlkdatasys/audios/audio/20220411/16496652662727.mp3"
        },
        {
          "text": "长安，大家拼命努力实现梦想的地方",
          "link": "//game.gtimg.cn/images/yxzj/zlkdatasys/audios/audio/20220411/16496652824751.wav"
        },
        {
          "text": "和心上人享受做饭的乐趣，会是特别的氛围吧",
          "link": "//game.gtimg.cn/images/yxzj/zlkdatasys/audios/audio/20220411/16496653117126.mp3"
        },
        {
          "text": "果然，想征服爱人的心，就得先征服他的胃。",
          "link": "//game.gtimg.cn/images/yxzj/zlkdatasys/audios/audio/20220411/16496653349378.mp3"
        },
        {
          "text": "长，长安城鼎鼎有名的狄大人吗？阿离可是您的粉丝",
          "link": "//game.gtimg.cn/images/yxzj/zlkdatasys/audios/audio/20220411/16496654598952.mp3"
        },
        {
          "text": "阿离，做不到旁观他人的不幸",
          "link": "//game.gtimg.cn/images/yxzj/zlkdatasys/audios/audio/20220411/16496654857170.wav"
        },
        {
          "text": "暗夜里，似乎邂逅过的样子呢",
          "link": "//game.gtimg.cn/images/yxzj/zlkdatasys/audios/audio/20220411/16496655054962.mp3"
        },
        {
          "text": "在迷宫般的长安城里，寻求各自认定的幸福",
          "link": "//game.gtimg.cn/images/yxzj/zlkdatasys/audios/audio/20220411/16496655287834.mp3"
        },
        {
          "text": "阿离的热情，不会输给前辈们",
          "link": "//game.gtimg.cn/images/yxzj/zlkdatasys/audios/audio/20220411/16496655446676.wav"
        },
        {
          "text": "琴声里看到了，遗忘在记忆中的模样",
          "link": "//game.gtimg.cn/images/yxzj/zlkdatasys/audios/audio/20220428/16511121426351.mp3"
        },
        {
          "text": "仅仅追逐那个影子，就无比幸福呀",
          "link": "//game.gtimg.cn/images/yxzj/zlkdatasys/audios/audio/20220428/16511339559632.mp3"
        },
        {
          "text": "下棋也不能不顾身体。星儿，我做的饭好吃吗～",
          "link": "//game.gtimg.cn/images/yxzj/zlkdatasys/audios/audio/20220428/16511348288146.mp3"
        },
        {
          "text": "小星儿，你是不是长高啦！快过来量一量~~",
          "link": "//game.gtimg.cn/images/yxzj/zlkdatasys/audios/audio/20220428/16511348532607.mp3"
        }
      ],
      "name": "原皮"
    },
    {
      "voice": [
        {
          "text": "闻到夏天的味道了吗~",
          "link": "//game.gtimg.cn/images/yxzj/zlkdatasys/audios/audio/20220411/16496656565808.wav"
        },
        {
          "text": "海滩和冰淇淋最配了~",
          "link": "//game.gtimg.cn/images/yxzj/zlkdatasys/audios/audio/20220411/16496656727163.wav"
        },
        {
          "text": "无忧无虑~",
          "link": "//game.gtimg.cn/images/yxzj/zlkdatasys/audios/audio/20220411/16496656848894.wav"
        },
        {
          "text": "我的心，有半个橘子那么甜~",
          "link": "//game.gtimg.cn/images/yxzj/zlkdatasys/audios/audio/20220411/16496656973922.wav"
        },
        {
          "text": "在沙滩上画了只猫~",
          "link": "//game.gtimg.cn/images/yxzj/zlkdatasys/audios/audio/20220411/16496657096517.wav"
        },
        {
          "text": "这个地方，有人叫它月亮升起之王国~",
          "link": "//game.gtimg.cn/images/yxzj/zlkdatasys/audios/audio/20220411/16496657285273.mp3"
        },
        {
          "text": "可以永远不长大吗？",
          "link": "//game.gtimg.cn/images/yxzj/zlkdatasys/audios/audio/20220411/16496657452037.wav"
        },
        {
          "text": "比海更深，比天更蓝，我不会比现在更自由~",
          "link": "//game.gtimg.cn/images/yxzj/zlkdatasys/audios/audio/20220411/16496657684734.mp3"
        },
        {
          "text": "啊……想睡会儿……",
          "link": "//game.gtimg.cn/images/yxzj/zlkdatasys/audios/audio/20220411/16496657839321.wav"
        },
        {
          "text": "来和我躲猫猫吧~",
          "link": "//game.gtimg.cn/images/yxzj/zlkdatasys/audios/audio/20220411/16496658005463.wav"
        },
        {
          "text": "火气太大？清凉一下！",
          "link": "//game.gtimg.cn/images/yxzj/zlkdatasys/audios/audio/20220411/16496658131847.wav"
        },
        {
          "text": "放空自己~",
          "link": "//game.gtimg.cn/images/yxzj/zlkdatasys/audios/audio/20220411/16496658282487.wav"
        },
        {
          "text": "游戏结束咯~",
          "link": "//game.gtimg.cn/images/yxzj/zlkdatasys/audios/audio/20220411/16496658467519.wav"
        },
        {
          "text": "舍得打我吗？我也还是个孩子呢~",
          "link": "//game.gtimg.cn/images/yxzj/zlkdatasys/audios/audio/20220411/16496658607241.wav"
        }
      ],
      "name": "蜜橘之夏"
    },
    {
      "voice": [
        {
          "text": "舞台唤醒无限可能~",
          "link": "//game.gtimg.cn/images/yxzj/zlkdatasys/audios/audio/20220411/16496660464540.wav"
        },
        {
          "text": "喊出我的名字~",
          "link": "//game.gtimg.cn/images/yxzj/zlkdatasys/audios/audio/20220411/16496660601842.wav"
        },
        {
          "text": "是你点燃的光在照亮我。",
          "link": "//game.gtimg.cn/images/yxzj/zlkdatasys/audios/audio/20220411/16496660835038.wav"
        },
        {
          "text": "热爱，是梦想的起点！",
          "link": "//game.gtimg.cn/images/yxzj/zlkdatasys/audios/audio/20220411/16496660984211.wav"
        },
        {
          "text": "在属于未来的星空，无畏闪耀！",
          "link": "//game.gtimg.cn/images/yxzj/zlkdatasys/audios/audio/20220411/16496661149057.wav"
        },
        {
          "text": "花是昨日之花，你的梦是少年之梦。",
          "link": "//game.gtimg.cn/images/yxzj/zlkdatasys/audios/audio/20220411/16496661357031.mp3"
        },
        {
          "text": "不被定义的，才是风格~",
          "link": "//game.gtimg.cn/images/yxzj/zlkdatasys/audios/audio/20220411/16496661501131.wav"
        },
        {
          "text": "下个舞台见~",
          "link": "//game.gtimg.cn/images/yxzj/zlkdatasys/audios/audio/20220411/16496661673177.wav"
        },
        {
          "text": "爱的星海！",
          "link": "//game.gtimg.cn/images/yxzj/zlkdatasys/audios/audio/20220411/16496661924183.wav"
        },
        {
          "text": "一起走花路吧！",
          "link": "//game.gtimg.cn/images/yxzj/zlkdatasys/audios/audio/20220411/16496662092731.wav"
        },
        {
          "text": "谢幕演出！",
          "link": "//game.gtimg.cn/images/yxzj/zlkdatasys/audios/audio/20220411/16496662253535.wav"
        },
        {
          "text": "比你努力，比你幸运~",
          "link": "//game.gtimg.cn/images/yxzj/zlkdatasys/audios/audio/20220411/16496662428776.wav"
        },
        {
          "text": "新风格，喜欢吗？",
          "link": "//game.gtimg.cn/images/yxzj/zlkdatasys/audios/audio/20220411/16496662589400.wav"
        }
      ],
      "name": "无限星赏官"
    },
    {
      "voice": [
        {
          "text": "百厄除尽，万象更新！",
          "link": "//game.gtimg.cn/images/yxzj/zlkdatasys/audios/audio/20220415/16499934389033.wav"
        },
        {
          "text": "瑞雪兆丰，祈迎百福！",
          "link": "//game.gtimg.cn/images/yxzj/zlkdatasys/audios/audio/20220415/16499934489344.wav"
        },
        {
          "text": "琼芳鹤舞！",
          "link": "//game.gtimg.cn/images/yxzj/zlkdatasys/audios/audio/20220415/16499934602755.wav"
        },
        {
          "text": "天地一白，有如心胆澄澈~",
          "link": "//game.gtimg.cn/images/yxzj/zlkdatasys/audios/audio/20220411/16496665362333.wav"
        },
        {
          "text": "当心，别踩疼了雪~",
          "link": "//game.gtimg.cn/images/yxzj/zlkdatasys/audios/audio/20220411/16496665616989.wav"
        },
        {
          "text": "有种花自苍穹而来，归厚土而去，这便是它一生的使命。",
          "link": "//game.gtimg.cn/images/yxzj/zlkdatasys/audios/audio/20220411/16496668609577.mp3"
        },
        {
          "text": "霜雪虽冷，也想给世间添一丝温情！",
          "link": "//game.gtimg.cn/images/yxzj/zlkdatasys/audios/audio/20220411/16496668843722.mp3"
        },
        {
          "text": "歌谣说，天上白鹤落一羽，地上白雪厚一寸~",
          "link": "//game.gtimg.cn/images/yxzj/zlkdatasys/audios/audio/20220411/16496669046251.mp3"
        },
        {
          "text": "忽如一夜春风来~",
          "link": "//game.gtimg.cn/images/yxzj/zlkdatasys/audios/audio/20220411/16496669183524.wav"
        },
        {
          "text": "来试试柔软的力量！",
          "link": "//game.gtimg.cn/images/yxzj/zlkdatasys/audios/audio/20220411/16496669332676.wav"
        },
        {
          "text": "万物复生…...",
          "link": "//game.gtimg.cn/images/yxzj/zlkdatasys/audios/audio/20220411/16496670268189.wav"
        },
        {
          "text": "雪舞回风！",
          "link": "//game.gtimg.cn/images/yxzj/zlkdatasys/audios/audio/20220411/16496670523029.wav"
        },
        {
          "text": "飞霜踏雪！",
          "link": "//game.gtimg.cn/images/yxzj/zlkdatasys/audios/audio/20220411/16496670689291.wav"
        },
        {
          "text": "踏雪飞霜！",
          "link": "//game.gtimg.cn/images/yxzj/zlkdatasys/audios/audio/20220411/16496670822384.wav"
        },
        {
          "text": "送你冰心一片！",
          "link": "//game.gtimg.cn/images/yxzj/zlkdatasys/audios/audio/20220411/16496678158699.wav"
        },
        {
          "text": "听，雪落的声音！",
          "link": "//game.gtimg.cn/images/yxzj/zlkdatasys/audios/audio/20220411/16496678301372.wav"
        },
        {
          "text": "镇收邪祟，荡尽魑魅！",
          "link": "//game.gtimg.cn/images/yxzj/zlkdatasys/audios/audio/20220411/16496679701658.wav"
        },
        {
          "text": "瑞象在此，灾祸退散！",
          "link": "//game.gtimg.cn/images/yxzj/zlkdatasys/audios/audio/20220411/16496679957565.wav"
        },
        {
          "text": "天冷了，要照顾好自己哦~",
          "link": "//game.gtimg.cn/images/yxzj/zlkdatasys/audios/audio/20220411/16496680143978.wav"
        },
        {
          "text": "来陪我堆雪人呀~哈哈~",
          "link": "//game.gtimg.cn/images/yxzj/zlkdatasys/audios/audio/20220415/16499934275689.wav"
        },
        {
          "text": "轻点轻点，人家的伞都被吹歪了~",
          "link": "//game.gtimg.cn/images/yxzj/zlkdatasys/audios/audio/20220415/16499934723081.wav"
        },
        {
          "text": "至刚之躯，拥有至柔之心",
          "link": "//game.gtimg.cn/images/yxzj/zlkdatasys/audios/audio/20220415/16499934841897.wav"
        },
        {
          "text": "天才如你，亦有算错之时吗？",
          "link": "//game.gtimg.cn/images/yxzj/zlkdatasys/audios/audio/20220415/16499934977521.wav"
        }
      ],
      "name": "祈雪灵祝"
    },
    {
      "voice": [
        {
          "text": "前世之缘，今生之遇，岂能更改！",
          "link": "//game.gtimg.cn/images/yxzj/zlkdatasys/audios/audio/20220415/16499935292854.wav"
        },
        {
          "text": "父王，您为孩儿选的吉日定在何时呀？",
          "link": "//game.gtimg.cn/images/yxzj/zlkdatasys/audios/audio/20220415/16499935414467.wav"
        },
        {
          "text": "广寒宫里捣药杵，你可听闻？",
          "link": "//game.gtimg.cn/images/yxzj/zlkdatasys/audios/audio/20220415/16499935679844.wav"
        },
        {
          "text": "我骑着象，挎着弓，在街上看见喜欢的人～我就把箭射向他。",
          "link": "//game.gtimg.cn/images/yxzj/zlkdatasys/audios/audio/20220411/16496698007626.mp3"
        },
        {
          "text": "箭射中了谁，谁就是驸马。",
          "link": "//game.gtimg.cn/images/yxzj/zlkdatasys/audios/audio/20220411/16496701932080.wav"
        },
        {
          "text": "告奏天地神明，得遇圣僧，心愿已足。",
          "link": "//game.gtimg.cn/images/yxzj/zlkdatasys/audios/audio/20220411/16496702192608.mp3"
        },
        {
          "text": "那三个徒弟生得丑陋，还不赶紧放他们西去呀。",
          "link": "//game.gtimg.cn/images/yxzj/zlkdatasys/audios/audio/20220411/16496702409895.mp3"
        },
        {
          "text": "玉兔儿知错了，万望恕罪。",
          "link": "//game.gtimg.cn/images/yxzj/zlkdatasys/audios/audio/20220411/16496702622465.mp3"
        },
        {
          "text": "看你还能躲到哪去～",
          "link": "//game.gtimg.cn/images/yxzj/zlkdatasys/audios/audio/20220411/16496703119376.wav"
        },
        {
          "text": "别装模作样了！",
          "link": "//game.gtimg.cn/images/yxzj/zlkdatasys/audios/audio/20220411/16496703326012.wav"
        },
        {
          "text": "你干嘛老躲着我呢？",
          "link": "//game.gtimg.cn/images/yxzj/zlkdatasys/audios/audio/20220411/16496703558862.wav"
        },
        {
          "text": "过来呀~",
          "link": "//game.gtimg.cn/images/yxzj/zlkdatasys/audios/audio/20220411/16496703696495.wav"
        },
        {
          "text": "嗯～我要自己选！",
          "link": "//game.gtimg.cn/images/yxzj/zlkdatasys/audios/audio/20220411/16496703879595.wav"
        },
        {
          "text": "兔有三窟～",
          "link": "//game.gtimg.cn/images/yxzj/zlkdatasys/audios/audio/20220411/16496704185068.wav"
        },
        {
          "text": "我贵为公主，配你这唐朝和尚，难道你还不中意？",
          "link": "//game.gtimg.cn/images/yxzj/zlkdatasys/audios/audio/20220411/16496704463034.mp3"
        },
        {
          "text": "你是何方妖孽！",
          "link": "//game.gtimg.cn/images/yxzj/zlkdatasys/audios/audio/20220411/16496704637806.wav"
        }
      ],
      "name": "玉兔公主"
    },
    {
      "voice": [
        {
          "text": "回收目标锁定；你是……？；谢谢你，让我拥有了最珍贵的东西。",
          "link": "//game.gtimg.cn/images/yxzj/zlkdatasys/audios/audio/20230510/16837104843031.mp3"
        },
        {
          "text": "记忆和情感如潮水涌来……；生命自海洋诞生，情感由羁绊唤醒。",
          "link": "//game.gtimg.cn/images/yxzj/zlkdatasys/audios/audio/20230510/16837105088758.mp3"
        },
        {
          "text": "曾经，我对世界无知无觉，直到……；在过去的时间里，世界一直如此可爱吗？",
          "link": "//game.gtimg.cn/images/yxzj/zlkdatasys/audios/audio/20230510/16837105197671.mp3"
        },
        {
          "text": "真奇怪，泪水与海水的成分不同，味道却一样。",
          "link": "//game.gtimg.cn/images/yxzj/zlkdatasys/audios/audio/20230510/16836863719616.mp3"
        },
        {
          "text": "紧握的双手冰冷坚硬，温暖却在记忆体中传递。",
          "link": "//game.gtimg.cn/images/yxzj/zlkdatasys/audios/audio/20230510/16836863882239.mp3"
        },
        {
          "text": "人类把寻找自我的过程，叫做旅途。",
          "link": "//game.gtimg.cn/images/yxzj/zlkdatasys/audios/audio/20230510/16836864024091.mp3"
        },
        {
          "text": "是不是带上这朵花，温暖的记忆就会与我同行？",
          "link": "//game.gtimg.cn/images/yxzj/zlkdatasys/audios/audio/20230510/16836864174721.mp3"
        },
        {
          "text": "无人机启动，回收记忆芯片作业开始。",
          "link": "//game.gtimg.cn/images/yxzj/zlkdatasys/audios/audio/20230510/16836864325072.mp3"
        },
        {
          "text": "让核心产生痛觉的未知代码叫情感吗？",
          "link": "//game.gtimg.cn/images/yxzj/zlkdatasys/audios/audio/20230510/16836864528991.mp3"
        },
        {
          "text": "她最后的声音在我的记忆体中说，世界怀抱碧海，平静美丽。",
          "link": "//game.gtimg.cn/images/yxzj/zlkdatasys/audios/audio/20230510/16836864683294.mp3"
        },
        {
          "text": "你好，世界。",
          "link": "//game.gtimg.cn/images/yxzj/zlkdatasys/audios/audio/20230510/16836864948532.mp3"
        },
        {
          "text": "记忆体上传程序启动……",
          "link": "//game.gtimg.cn/images/yxzj/zlkdatasys/audios/audio/20230510/16836865149701.mp3"
        },
        {
          "text": "还想，探索更远的地方。",
          "link": "//game.gtimg.cn/images/yxzj/zlkdatasys/audios/audio/20230510/16836866635486.mp3"
        },
        {
          "text": "你的记忆芯片里一片空白。",
          "link": "//game.gtimg.cn/images/yxzj/zlkdatasys/audios/audio/20230510/16836866801531.mp3"
        },
        {
          "text": "任务目标消除，指定芯片回收。",
          "link": "//game.gtimg.cn/images/yxzj/zlkdatasys/audios/audio/20230510/16836866989791.mp3"
        },
        {
          "text": "战斗模式开启",
          "link": "//game.gtimg.cn/images/yxzj/zlkdatasys/audios/audio/20230510/16836867583182.mp3"
        },
        {
          "text": "攻击指令",
          "link": "//game.gtimg.cn/images/yxzj/zlkdatasys/audios/audio/20230510/16836867727667.mp3"
        },
        {
          "text": "启动情感传递",
          "link": "//game.gtimg.cn/images/yxzj/zlkdatasys/audios/audio/20230510/16836867962664.mp3"
        },
        {
          "text": "情感于舞蹈中绽放。",
          "link": "//game.gtimg.cn/images/yxzj/zlkdatasys/audios/audio/20230510/16836868413099.mp3"
        }
      ],
      "name": "记忆之芯"
    }
  ]
}