{
  "data": [
    {
      "voice": [
        {
          "text": "天下无双！",
          "link": "//game.gtimg.cn/images/yxzj/zlkdatasys/audios/audio/20220609/16547758929927.mp3"
        },
        {
          "text": "告诉你个秘密：我，是无敌的！",
          "link": "//game.gtimg.cn/images/yxzj/zlkdatasys/audios/audio/20220609/16547759347757.mp3"
        },
        {
          "text": "无敌，正是我所选择的道路。",
          "link": "//game.gtimg.cn/images/yxzj/zlkdatasys/audios/audio/20220609/16547759497398.mp3"
        },
        {
          "text": "人生，就是不断的战斗。",
          "link": "//game.gtimg.cn/images/yxzj/zlkdatasys/audios/audio/20220609/16547764867226.mp3"
        },
        {
          "text": "太无敌而找不到对手，也是种无敌的忧伤。",
          "link": "//game.gtimg.cn/images/yxzj/zlkdatasys/audios/audio/20220609/16547765709412.mp3"
        },
        {
          "text": "无敌的我，又迷路了！",
          "link": "//game.gtimg.cn/images/yxzj/zlkdatasys/audios/audio/20220609/16547765865395.mp3"
        },
        {
          "text": "想挑战的人排好队，一个一个来！",
          "link": "//game.gtimg.cn/images/yxzj/zlkdatasys/audios/audio/20220609/16547766053342.mp3"
        },
        {
          "text": "在非人的领域，也同样无敌。",
          "link": "//game.gtimg.cn/images/yxzj/zlkdatasys/audios/audio/20220609/16547766211017.mp3"
        },
        {
          "text": "修行之路，永无止境。",
          "link": "//game.gtimg.cn/images/yxzj/zlkdatasys/audios/audio/20220609/16547766431814.mp3"
        },
        {
          "text": "浪迹天下，未尝一败。",
          "link": "//game.gtimg.cn/images/yxzj/zlkdatasys/audios/audio/20220609/16547766604797.mp3"
        },
        {
          "text": "朝一个方向走下去，便总有相见的那天。",
          "link": "//game.gtimg.cn/images/yxzj/zlkdatasys/audios/audio/20220609/16547766762345.mp3"
        },
        {
          "text": "没有一往无前的觉悟，就不配握紧手中的双刀。",
          "link": "//game.gtimg.cn/images/yxzj/zlkdatasys/audios/audio/20220609/16547766954022.mp3"
        },
        {
          "text": "武士的灵魂，可是比心脏更重要的东西。",
          "link": "//game.gtimg.cn/images/yxzj/zlkdatasys/audios/audio/20220609/16547767583403.mp3"
        },
        {
          "text": "悟彻……剑意……",
          "link": "//game.gtimg.cn/images/yxzj/zlkdatasys/audios/audio/20220609/16547767823416.mp3"
        },
        {
          "text": "下雪啊.....",
          "link": "//game.gtimg.cn/images/yxzj/zlkdatasys/audios/audio/20220609/16547767994576.mp3"
        },
        {
          "text": "空明斩！",
          "link": "//game.gtimg.cn/images/yxzj/zlkdatasys/audios/audio/20220609/16547769128418.mp3"
        },
        {
          "text": "影步！",
          "link": "//game.gtimg.cn/images/yxzj/zlkdatasys/audios/audio/20220609/16547769391837.mp3"
        },
        {
          "text": "神速！",
          "link": "//game.gtimg.cn/images/yxzj/zlkdatasys/audios/audio/20220609/16547770915598.mp3"
        },
        {
          "text": "二天化一！",
          "link": "//game.gtimg.cn/images/yxzj/zlkdatasys/audios/audio/20220609/16547771115627.mp3"
        },
        {
          "text": "破空问心！",
          "link": "//game.gtimg.cn/images/yxzj/zlkdatasys/audios/audio/20220609/16547772092679.mp3"
        },
        {
          "text": "斩叶飞花！",
          "link": "//game.gtimg.cn/images/yxzj/zlkdatasys/audios/audio/20220609/16547772255955.mp3"
        },
        {
          "text": "断浪踏炎！",
          "link": "//game.gtimg.cn/images/yxzj/zlkdatasys/audios/audio/20220609/16547772428028.mp3"
        },
        {
          "text": "吾名宫本武藏，是将要打败你们的人。",
          "link": "//game.gtimg.cn/images/yxzj/zlkdatasys/audios/audio/20220609/16547772746528.mp3"
        },
        {
          "text": "报上你的名号，挑战者！",
          "link": "//game.gtimg.cn/images/yxzj/zlkdatasys/audios/audio/20220609/16547773006230.mp3"
        },
        {
          "text": "恭喜你，将以我手下败将的身份载入史册。",
          "link": "//game.gtimg.cn/images/yxzj/zlkdatasys/audios/audio/20220609/16547773172679.mp3"
        },
        {
          "text": "今日状态上佳～",
          "link": "//game.gtimg.cn/images/yxzj/zlkdatasys/audios/audio/20220609/16547773435895.mp3"
        },
        {
          "text": "以武道之名！",
          "link": "//game.gtimg.cn/images/yxzj/zlkdatasys/audios/audio/20220609/16547773706511.mp3"
        },
        {
          "text": "下一个挑战者是谁？",
          "link": "//game.gtimg.cn/images/yxzj/zlkdatasys/audios/audio/20220609/16547773893087.mp3"
        },
        {
          "text": "更快，更高，更强！",
          "link": "//game.gtimg.cn/images/yxzj/zlkdatasys/audios/audio/20220609/16547774145697.mp3"
        },
        {
          "text": "只差一步！",
          "link": "//game.gtimg.cn/images/yxzj/zlkdatasys/audios/audio/20220609/16547774354443.mp3"
        },
        {
          "text": "此间再无敌手！",
          "link": "//game.gtimg.cn/images/yxzj/zlkdatasys/audios/audio/20220609/16547775168002.mp3"
        },
        {
          "text": "天下无双！",
          "link": "//game.gtimg.cn/images/yxzj/zlkdatasys/audios/audio/20220609/16547775404865.mp3"
        },
        {
          "text": "世间之寂寞，莫过于无敌。",
          "link": "//game.gtimg.cn/images/yxzj/zlkdatasys/audios/audio/20220609/16547776459655.mp3"
        },
        {
          "text": "你也有成为天下无双的理由么？",
          "link": "//game.gtimg.cn/images/yxzj/zlkdatasys/audios/audio/20220609/16547776837627.mp3"
        },
        {
          "text": "你的剑，太重了。",
          "link": "//game.gtimg.cn/images/yxzj/zlkdatasys/audios/audio/20220609/16547777152110.mp3"
        },
        {
          "text": "速与我再战一场！",
          "link": "//game.gtimg.cn/images/yxzj/zlkdatasys/audios/audio/20220609/16547777338367.mp3"
        },
        {
          "text": "中原剑法，不过如此。",
          "link": "//game.gtimg.cn/images/yxzj/zlkdatasys/audios/audio/20220609/16547777526505.mp3"
        },
        {
          "text": "人生的旅途可是很长的！",
          "link": "//game.gtimg.cn/images/yxzj/zlkdatasys/audios/audio/20220609/16547777798481.mp3"
        },
        {
          "text": "承诺，一如我手中之剑。",
          "link": "//game.gtimg.cn/images/yxzj/zlkdatasys/audios/audio/20220609/16547778105672.mp3"
        },
        {
          "text": "我予你的，尚有最后一剑。",
          "link": "//game.gtimg.cn/images/yxzj/zlkdatasys/audios/audio/20220609/16547778318284.mp3"
        },
        {
          "text": "拿起剑的那天，就准备面对这一刻。",
          "link": "//game.gtimg.cn/images/yxzj/zlkdatasys/audios/audio/20220609/16547778559922.mp3"
        },
        {
          "text": "置之死地，方为活路。",
          "link": "//game.gtimg.cn/images/yxzj/zlkdatasys/audios/audio/20220609/16547778843269.mp3"
        },
        {
          "text": "是在下无敌了！",
          "link": "//game.gtimg.cn/images/yxzj/zlkdatasys/audios/audio/20220609/16547779128746.mp3"
        },
        {
          "text": "安息吧，回到你们的故乡。",
          "link": "//game.gtimg.cn/images/yxzj/zlkdatasys/audios/audio/20220609/16547779577403.mp3"
        },
        {
          "text": "鸣雷，是你的怒吼吗。",
          "link": "//game.gtimg.cn/images/yxzj/zlkdatasys/audios/audio/20220609/16547779822713.mp3"
        }
      ],
      "name": "原皮"
    },
    {
      "voice": [
        {
          "text": "品味，品味是很重要的。",
          "link": "//game.gtimg.cn/images/yxzj/zlkdatasys/audios/audio/20220415/16499935114570.mp3"
        },
        {
          "text": "来点聚光灯，别浪费这吓死人的新头盔。",
          "link": "//game.gtimg.cn/images/yxzj/zlkdatasys/audios/audio/20220415/16499934975121.mp3"
        },
        {
          "text": "恶魔，也需要关注和存在感。",
          "link": "//game.gtimg.cn/images/yxzj/zlkdatasys/audios/audio/20220412/16497486246137.mp3"
        },
        {
          "text": "欸呀呀，何必用生命来迷恋我。",
          "link": "//game.gtimg.cn/images/yxzj/zlkdatasys/audios/audio/20220412/16497486458632.mp3"
        },
        {
          "text": "数清楚被切成多少片了没？",
          "link": "//game.gtimg.cn/images/yxzj/zlkdatasys/audios/audio/20220412/16497487201805.mp3"
        },
        {
          "text": "这顿大餐貌似过期很久了。呃，有点馊馊的~",
          "link": "//game.gtimg.cn/images/yxzj/zlkdatasys/audios/audio/20220412/16497487424032.mp3"
        },
        {
          "text": "一两灵魂，三枚铜板。没有买卖就没有伤害……",
          "link": "//game.gtimg.cn/images/yxzj/zlkdatasys/audios/audio/20220412/16497487927097.mp3"
        },
        {
          "text": "阿通叫我回家了~",
          "link": "//game.gtimg.cn/images/yxzj/zlkdatasys/audios/audio/20220412/16497488608308.wav"
        },
        {
          "text": "我也是有血性的",
          "link": "//game.gtimg.cn/images/yxzj/zlkdatasys/audios/audio/20220412/16497489264766.wav"
        },
        {
          "text": "喜欢在我的领地上打劫~",
          "link": "//game.gtimg.cn/images/yxzj/zlkdatasys/audios/audio/20220412/16497489643448.wav"
        },
        {
          "text": "搞定！",
          "link": "//game.gtimg.cn/images/yxzj/zlkdatasys/audios/audio/20220412/16497490081910.wav"
        }
      ],
      "name": "地狱之眼"
    },
    {
      "voice": [
        {
          "text": "超越轮回，只为找到你。",
          "link": "//game.gtimg.cn/images/yxzj/zlkdatasys/audios/audio/20220412/16497491589252.wav"
        },
        {
          "text": "徐福！做鬼也不会放过！",
          "link": "//game.gtimg.cn/images/yxzj/zlkdatasys/audios/audio/20220412/16497491844487.wav"
        },
        {
          "text": "这种黑化的造型……阿通，可千万别嫌弃啊……",
          "link": "//game.gtimg.cn/images/yxzj/zlkdatasys/audios/audio/20220412/16497492041498.wav"
        },
        {
          "text": "阿通，暂且等等。一定……拯救你！",
          "link": "//game.gtimg.cn/images/yxzj/zlkdatasys/audios/audio/20220412/16497492952009.wav"
        },
        {
          "text": "胜利，是在向你报告平安。",
          "link": "//game.gtimg.cn/images/yxzj/zlkdatasys/audios/audio/20220412/16497493122900.wav"
        },
        {
          "text": "天下间岂有长生不灭者。",
          "link": "//game.gtimg.cn/images/yxzj/zlkdatasys/audios/audio/20220412/16497493323993.wav"
        },
        {
          "text": "剑的意义，在于守护想要守护的人。",
          "link": "//game.gtimg.cn/images/yxzj/zlkdatasys/audios/audio/20220412/16497493532956.wav"
        },
        {
          "text": "灭绝血族，乃吾重生之使命。",
          "link": "//game.gtimg.cn/images/yxzj/zlkdatasys/audios/audio/20220412/16497493694952.wav"
        },
        {
          "text": "阿通！！！！！！",
          "link": "//game.gtimg.cn/images/yxzj/zlkdatasys/audios/audio/20220412/16497494232910.wav"
        },
        {
          "text": "奇袭！",
          "link": "//game.gtimg.cn/images/yxzj/zlkdatasys/audios/audio/20220412/16497495337770.wav"
        },
        {
          "text": "邪魔退散！",
          "link": "//game.gtimg.cn/images/yxzj/zlkdatasys/audios/audio/20220412/16497495499450.wav"
        },
        {
          "text": "狩猎血族！",
          "link": "//game.gtimg.cn/images/yxzj/zlkdatasys/audios/audio/20220412/16497495667321.wav"
        },
        {
          "text": "要活下去！",
          "link": "//game.gtimg.cn/images/yxzj/zlkdatasys/audios/audio/20220412/16497495878067.wav"
        },
        {
          "text": "守护你！",
          "link": "//game.gtimg.cn/images/yxzj/zlkdatasys/audios/audio/20220412/16497496063645.wav"
        },
        {
          "text": "不会放手！",
          "link": "//game.gtimg.cn/images/yxzj/zlkdatasys/audios/audio/20220412/16497496257923.wav"
        },
        {
          "text": "看起来，你们腐烂的比我还要快！",
          "link": "//game.gtimg.cn/images/yxzj/zlkdatasys/audios/audio/20220412/16497496967066.mp3"
        }
      ],
      "name": "鬼剑武藏"
    },
    {
      "voice": [
        {
          "text": "我在这里，和我的刀一起。",
          "link": "//game.gtimg.cn/images/yxzj/zlkdatasys/audios/audio/20220415/16499936154529.mp3"
        },
        {
          "text": "战争，战争已经改变。",
          "link": "//game.gtimg.cn/images/yxzj/zlkdatasys/audios/audio/20220415/16499936303196.mp3"
        },
        {
          "text": "初始化也无法重塑现实。",
          "link": "//game.gtimg.cn/images/yxzj/zlkdatasys/audios/audio/20220415/16499936021829.mp3"
        },
        {
          "text": "并非不死，只是不畏惧死亡。",
          "link": "//game.gtimg.cn/images/yxzj/zlkdatasys/audios/audio/20220412/16497500047715.wav"
        },
        {
          "text": "出现了，病毒，需要清除。",
          "link": "//game.gtimg.cn/images/yxzj/zlkdatasys/audios/audio/20220412/16497500225102.wav"
        },
        {
          "text": "历史，一段错误的代码，等待纠正。",
          "link": "//game.gtimg.cn/images/yxzj/zlkdatasys/audios/audio/20220412/16497500398434.mp3"
        },
        {
          "text": "记忆隐藏于基因中。",
          "link": "//game.gtimg.cn/images/yxzj/zlkdatasys/audios/audio/20220412/16497500627758.wav"
        },
        {
          "text": "人性，格式化。开始执行。",
          "link": "//game.gtimg.cn/images/yxzj/zlkdatasys/audios/audio/20220412/16497500797351.wav"
        },
        {
          "text": "生命，拿去",
          "link": "//game.gtimg.cn/images/yxzj/zlkdatasys/audios/audio/20220412/16497501272048.wav"
        },
        {
          "text": "FREEZE！",
          "link": "//game.gtimg.cn/images/yxzj/zlkdatasys/audios/audio/20220412/16497502277288.wav"
        },
        {
          "text": "全面进化。",
          "link": "//game.gtimg.cn/images/yxzj/zlkdatasys/audios/audio/20220412/16497502453838.wav"
        },
        {
          "text": "超必杀，启动~",
          "link": "//game.gtimg.cn/images/yxzj/zlkdatasys/audios/audio/20220412/16497502633415.wav"
        },
        {
          "text": "光的速度！",
          "link": "//game.gtimg.cn/images/yxzj/zlkdatasys/audios/audio/20220412/16497502793091.wav"
        },
        {
          "text": "输家。",
          "link": "//game.gtimg.cn/images/yxzj/zlkdatasys/audios/audio/20220412/16497502943572.wav"
        },
        {
          "text": "你们不会中二到连身为敌人的我也要迷恋吧。",
          "link": "//game.gtimg.cn/images/yxzj/zlkdatasys/audios/audio/20220412/16497503372094.mp3"
        }
      ],
      "name": "未来纪元"
    }
  ]
}