{
  "data": [
    {
      "voice": [
        {
          "text": "万物皆有灵！",
          "link": "//game.gtimg.cn/images/yxzj/zlkdatasys/audios/audio/20220408/16494178732989.wav"
        },
        {
          "text": "理解世界，而非享受它。",
          "link": "//game.gtimg.cn/images/yxzj/zlkdatasys/audios/audio/20220408/16494178888355.wav"
        },
        {
          "text": "名为世外高人，实乃异类！",
          "link": "//game.gtimg.cn/images/yxzj/zlkdatasys/audios/audio/20220408/16494179005136.wav"
        },
        {
          "text": "挥舞太危险的武器，小心被它吞掉人生哦！",
          "link": "//game.gtimg.cn/images/yxzj/zlkdatasys/audios/audio/20220408/16494179542105.wav"
        },
        {
          "text": "唉，唉，随地乱扔，砸到花花草草也是会疼的！",
          "link": "//game.gtimg.cn/images/yxzj/zlkdatasys/audios/audio/20220408/16494179687372.wav"
        },
        {
          "text": "自然不会忽悠你。我可不一定！",
          "link": "//game.gtimg.cn/images/yxzj/zlkdatasys/audios/audio/20220408/16494179823672.wav"
        },
        {
          "text": "噢，野性的呼唤，叫对面回家吃饭",
          "link": "//game.gtimg.cn/images/yxzj/zlkdatasys/audios/audio/20220408/16494179957681.wav"
        },
        {
          "text": "沉沦的心，依旧为天空和大地跳动",
          "link": "//game.gtimg.cn/images/yxzj/zlkdatasys/audios/audio/20220408/16494180083758.wav"
        },
        {
          "text": "就地……枯萎……",
          "link": "//game.gtimg.cn/images/yxzj/zlkdatasys/audios/audio/20220408/16494180732685.wav"
        },
        {
          "text": "去吧",
          "link": "//game.gtimg.cn/images/yxzj/zlkdatasys/audios/audio/20220408/16494181858810.wav"
        },
        {
          "text": "给我动起来",
          "link": "//game.gtimg.cn/images/yxzj/zlkdatasys/audios/audio/20220408/16494181982619.wav"
        },
        {
          "text": "给我上啊",
          "link": "//game.gtimg.cn/images/yxzj/zlkdatasys/audios/audio/20220408/16494182106694.wav"
        },
        {
          "text": "注意环保！",
          "link": "//game.gtimg.cn/images/yxzj/zlkdatasys/audios/audio/20220408/16494182624406.wav"
        },
        {
          "text": "来自绿色和平组织的愤怒！",
          "link": "//game.gtimg.cn/images/yxzj/zlkdatasys/audios/audio/20220408/16494182752474.wav"
        },
        {
          "text": "你自然而然的失手了~",
          "link": "//game.gtimg.cn/images/yxzj/zlkdatasys/audios/audio/20220408/16494183112317.wav"
        },
        {
          "text": "唉，唉，比老人家还迟钝，提前退化了吗？",
          "link": "//game.gtimg.cn/images/yxzj/zlkdatasys/audios/audio/20220408/16494183618206.wav"
        },
        {
          "text": "听说你不曾失去一切",
          "link": "//game.gtimg.cn/images/yxzj/zlkdatasys/audios/audio/20220408/16494183754880.wav"
        }
      ],
      "name": "原皮"
    },
    {
      "voice": [
        {
          "text": "万物皆可摇滚~",
          "link": "//game.gtimg.cn/images/yxzj/zlkdatasys/audios/audio/20220408/16494184671232.wav"
        },
        {
          "text": "世界运行的规律，藏在音乐里~",
          "link": "//game.gtimg.cn/images/yxzj/zlkdatasys/audios/audio/20220408/16494184816939.wav"
        },
        {
          "text": "献上你的听觉！",
          "link": "//game.gtimg.cn/images/yxzj/zlkdatasys/audios/audio/20220408/16494184932892.wav"
        },
        {
          "text": "在你心中烧一把火~",
          "link": "//game.gtimg.cn/images/yxzj/zlkdatasys/audios/audio/20220408/16494185199468.wav"
        },
        {
          "text": "头上有犄角，为了和缪斯女神连线~",
          "link": "//game.gtimg.cn/images/yxzj/zlkdatasys/audios/audio/20220408/16494185335292.wav"
        },
        {
          "text": "今天的心情是重金属质感的~",
          "link": "//game.gtimg.cn/images/yxzj/zlkdatasys/audios/audio/20220408/16494185471669.wav"
        },
        {
          "text": "跟紧我的节拍~",
          "link": "//game.gtimg.cn/images/yxzj/zlkdatasys/audios/audio/20220408/16494185614793.wav"
        },
        {
          "text": "老派的浪漫~",
          "link": "//game.gtimg.cn/images/yxzj/zlkdatasys/audios/audio/20220408/16494185826655.wav"
        },
        {
          "text": "被麦克风…绊倒了…",
          "link": "//game.gtimg.cn/images/yxzj/zlkdatasys/audios/audio/20220408/16494185978764.wav"
        },
        {
          "text": "大隐隐于舞台~",
          "link": "//game.gtimg.cn/images/yxzj/zlkdatasys/audios/audio/20220408/16494186143957.wav"
        },
        {
          "text": "开场了，我的乐队！",
          "link": "//game.gtimg.cn/images/yxzj/zlkdatasys/audios/audio/20220408/16494186272732.wav"
        },
        {
          "text": "乐我合一！",
          "link": "//game.gtimg.cn/images/yxzj/zlkdatasys/audios/audio/20220408/16494186462828.wav"
        },
        {
          "text": "闭嘴吧，跑调的家伙~",
          "link": "//game.gtimg.cn/images/yxzj/zlkdatasys/audios/audio/20220408/16494186665205.wav"
        },
        {
          "text": "老头子都玩摇滚，你却还在听古典乐？",
          "link": "//game.gtimg.cn/images/yxzj/zlkdatasys/audios/audio/20220408/16494186857384.wav"
        }
      ],
      "name": "幻乐之宴"
    },
    {
      "voice": [
        {
          "text": "集天地之造化，汇农人之劳苦",
          "link": "//game.gtimg.cn/images/yxzj/zlkdatasys/audios/audio/20221107/16678039037986.wav"
        },
        {
          "text": "丹雀衔五穗，人间始丰登",
          "link": "//game.gtimg.cn/images/yxzj/zlkdatasys/audios/audio/20221107/16678039272609.wav"
        },
        {
          "text": "寻嘉禾，济苍生",
          "link": "//game.gtimg.cn/images/yxzj/zlkdatasys/audios/audio/20221107/16678039498262.wav"
        },
        {
          "text": "察天时，用地利，勤治田亩",
          "link": "//game.gtimg.cn/images/yxzj/zlkdatasys/audios/audio/20221104/16675536493546.wav"
        },
        {
          "text": "气候有盈缩，阴阳自消长",
          "link": "//game.gtimg.cn/images/yxzj/zlkdatasys/audios/audio/20221104/16675536762770.wav"
        },
        {
          "text": "春晖一缕，膏壤两方，雨露淅沥三四场",
          "link": "//game.gtimg.cn/images/yxzj/zlkdatasys/audios/audio/20221104/16675537099005.wav"
        },
        {
          "text": "民为根本，食为民天，仓廪丰盈社稷安",
          "link": "//game.gtimg.cn/images/yxzj/zlkdatasys/audios/audio/20221104/16675537361557.wav"
        },
        {
          "text": "疏九水以止泛滥，间山林而息炀焚",
          "link": "//game.gtimg.cn/images/yxzj/zlkdatasys/audios/audio/20221104/16675537608918.wav"
        },
        {
          "text": "他只是路过人间，却留下了种子",
          "link": "//game.gtimg.cn/images/yxzj/zlkdatasys/audios/audio/20221104/16675537847382.wav"
        },
        {
          "text": "推寒暑，算圆缺，授农时",
          "link": "//game.gtimg.cn/images/yxzj/zlkdatasys/audios/audio/20221104/16675538098607.wav"
        },
        {
          "text": "归彼……大荒",
          "link": "//game.gtimg.cn/images/yxzj/zlkdatasys/audios/audio/20221104/16675538656720.wav"
        },
        {
          "text": "四体不勤，五谷不分",
          "link": "//game.gtimg.cn/images/yxzj/zlkdatasys/audios/audio/20221104/16675538899100.wav"
        },
        {
          "text": "朔风始至，万类幽藏！",
          "link": "//game.gtimg.cn/images/yxzj/zlkdatasys/audios/audio/20221104/16675539307685.wav"
        },
        {
          "text": "勤耕必有获！",
          "link": "//game.gtimg.cn/images/yxzj/zlkdatasys/audios/audio/20221104/16675540129744.wav"
        },
        {
          "text": "执耒耜！",
          "link": "//game.gtimg.cn/images/yxzj/zlkdatasys/audios/audio/20221104/16675540352234.wav"
        },
        {
          "text": "授耕种！",
          "link": "//game.gtimg.cn/images/yxzj/zlkdatasys/audios/audio/20221104/16675540675847.wav"
        },
        {
          "text": "稷神庇佑！",
          "link": "//game.gtimg.cn/images/yxzj/zlkdatasys/audios/audio/20221104/16675540947098.wav"
        },
        {
          "text": "正四时！",
          "link": "//game.gtimg.cn/images/yxzj/zlkdatasys/audios/audio/20221104/16675541147035.wav"
        },
        {
          "text": "审寒温！",
          "link": "//game.gtimg.cn/images/yxzj/zlkdatasys/audios/audio/20221104/16675541399599.wav"
        },
        {
          "text": "一岁轮回！",
          "link": "//game.gtimg.cn/images/yxzj/zlkdatasys/audios/audio/20221104/16675541629298.wav"
        },
        {
          "text": "金秋卷稻浪",
          "link": "//game.gtimg.cn/images/yxzj/zlkdatasys/audios/audio/20221104/16675542545220.wav"
        },
        {
          "text": "秋收冬藏~",
          "link": "//game.gtimg.cn/images/yxzj/zlkdatasys/audios/audio/20221104/16675542814719.wav"
        },
        {
          "text": "稼穑为本，广教天下~",
          "link": "//game.gtimg.cn/images/yxzj/zlkdatasys/audios/audio/20221104/16675543028916.wav"
        },
        {
          "text": "源于天地，隐于自然",
          "link": "//game.gtimg.cn/images/yxzj/zlkdatasys/audios/audio/20221104/16675543225855.wav"
        },
        {
          "text": "丹雀有信，嘉穗连云",
          "link": "//game.gtimg.cn/images/yxzj/zlkdatasys/audios/audio/20221107/16678038836266.wav"
        },
        {
          "text": "淑节已临近，良种何处得？",
          "link": "//game.gtimg.cn/images/yxzj/zlkdatasys/audios/audio/20221104/16675545113246.wav"
        },
        {
          "text": "志之所趋，穷山距海",
          "link": "//game.gtimg.cn/images/yxzj/zlkdatasys/audios/audio/20221104/16675545585456.wav"
        },
        {
          "text": "既优既渥，既沾既足",
          "link": "//game.gtimg.cn/images/yxzj/zlkdatasys/audios/audio/20221104/16675545842151.wav"
        }
      ],
      "name": "五谷丰年"
    }
  ]
}