{
  "data": [
    {
      "voice": [
        {
          "text": "到达胜利之前，无法回头。",
          "link": "//game.gtimg.cn/images/yxzj/zlkdatasys/audios/audio/20220407/16493306288094.wav"
        },
        {
          "text": "必将百倍奉还！",
          "link": "//game.gtimg.cn/images/yxzj/zlkdatasys/audios/audio/20220407/16493306456390.wav"
        },
        {
          "text": "不做无法实现的梦。",
          "link": "//game.gtimg.cn/images/yxzj/zlkdatasys/audios/audio/20220407/16493306585673.wav"
        },
        {
          "text": "垫背的，怎么都不嫌多。",
          "link": "//game.gtimg.cn/images/yxzj/zlkdatasys/audios/audio/20220407/16493306735858.wav"
        },
        {
          "text": "各取所需而已。",
          "link": "//game.gtimg.cn/images/yxzj/zlkdatasys/audios/audio/20220407/16493306869603.wav"
        },
        {
          "text": "人，总得有个活着的理由。",
          "link": "//game.gtimg.cn/images/yxzj/zlkdatasys/audios/audio/20220407/16493307002906.wav"
        },
        {
          "text": "你的脑袋里好像少了些什么。",
          "link": "//game.gtimg.cn/images/yxzj/zlkdatasys/audios/audio/20220407/16493307131129.wav"
        },
        {
          "text": "正义，不过是胜利的又一个别称。",
          "link": "//game.gtimg.cn/images/yxzj/zlkdatasys/audios/audio/20220407/16493307278399.wav"
        },
        {
          "text": "还没有输……呃啊~",
          "link": "//game.gtimg.cn/images/yxzj/zlkdatasys/audios/audio/20220407/16493310121148.wav"
        },
        {
          "text": "忍无可忍，无须再忍",
          "link": "//game.gtimg.cn/images/yxzj/zlkdatasys/audios/audio/20220407/16493310852264.wav"
        },
        {
          "text": "哼~弱者才在乎耻辱！",
          "link": "//game.gtimg.cn/images/yxzj/zlkdatasys/audios/audio/20220407/16493310996390.wav"
        },
        {
          "text": "举世无双",
          "link": "//game.gtimg.cn/images/yxzj/zlkdatasys/audios/audio/20220407/16493311124979.wav"
        },
        {
          "text": "颠覆无趣的世道！",
          "link": "//game.gtimg.cn/images/yxzj/zlkdatasys/audios/audio/20220407/16493311256548.wav"
        },
        {
          "text": "雕虫小技而已！",
          "link": "//game.gtimg.cn/images/yxzj/zlkdatasys/audios/audio/20220407/16493311398034.wav"
        },
        {
          "text": "不当赢家，就只有死路一条",
          "link": "//game.gtimg.cn/images/yxzj/zlkdatasys/audios/audio/20220407/16493311803811.wav"
        }
      ],
      "name": "原皮"
    },
    {
      "voice": [
        {
          "text": "我的眼里只有塔……哦不，安全系统",
          "link": "//game.gtimg.cn/images/yxzj/zlkdatasys/audios/audio/20220407/16493313052953.wav"
        },
        {
          "text": "明显对面只想BAN掉一个英雄，那就是——我！",
          "link": "//game.gtimg.cn/images/yxzj/zlkdatasys/audios/audio/20220407/16493313186656.wav"
        },
        {
          "text": "我的词典里，没有办不到",
          "link": "//game.gtimg.cn/images/yxzj/zlkdatasys/audios/audio/20220407/16493313302922.wav"
        },
        {
          "text": "鲲，归我了。没别的理由！因为可爱不行吗！",
          "link": "//game.gtimg.cn/images/yxzj/zlkdatasys/audios/audio/20220407/16493313471823.wav"
        },
        {
          "text": "四舍五入下成功率，大概就是百分之百的样子",
          "link": "//game.gtimg.cn/images/yxzj/zlkdatasys/audios/audio/20220407/16493313616527.wav"
        },
        {
          "text": "技巧和想象力，缺一不可",
          "link": "//game.gtimg.cn/images/yxzj/zlkdatasys/audios/audio/20220407/16493313798546.wav"
        },
        {
          "text": "管它力量抑或胜利，需要的就会为你夺取",
          "link": "//game.gtimg.cn/images/yxzj/zlkdatasys/audios/audio/20220407/16493313926683.wav"
        },
        {
          "text": "我怎么这么厉害，我自己也很无奈！",
          "link": "//game.gtimg.cn/images/yxzj/zlkdatasys/audios/audio/20220407/16493314068677.wav"
        },
        {
          "text": "漂亮的反偷……",
          "link": "//game.gtimg.cn/images/yxzj/zlkdatasys/audios/audio/20220407/16493314218832.wav"
        },
        {
          "text": "细节决定成败",
          "link": "//game.gtimg.cn/images/yxzj/zlkdatasys/audios/audio/20220407/16493314358731.wav"
        },
        {
          "text": "无与伦比的技巧",
          "link": "//game.gtimg.cn/images/yxzj/zlkdatasys/audios/audio/20220407/16493314496046.wav"
        },
        {
          "text": "时机稍纵即逝",
          "link": "//game.gtimg.cn/images/yxzj/zlkdatasys/audios/audio/20220407/16493314685731.wav"
        },
        {
          "text": "生命也能盗取！",
          "link": "//game.gtimg.cn/images/yxzj/zlkdatasys/audios/audio/20220407/16493314855267.wav"
        },
        {
          "text": "忘了我说的那些豪言壮语吧",
          "link": "//game.gtimg.cn/images/yxzj/zlkdatasys/audios/audio/20220407/16493316242754.wav"
        },
        {
          "text": "你们这些垃圾",
          "link": "//game.gtimg.cn/images/yxzj/zlkdatasys/audios/audio/20220407/16493316401186.wav"
        },
        {
          "text": "为什么只有我能拯救世界？为什么？",
          "link": "//game.gtimg.cn/images/yxzj/zlkdatasys/audios/audio/20220407/16493316531795.wav"
        },
        {
          "text": "233，233，23333",
          "link": "//game.gtimg.cn/images/yxzj/zlkdatasys/audios/audio/20220407/16493316718991.wav"
        },
        {
          "text": "嗯，你很棒。",
          "link": "//game.gtimg.cn/images/yxzj/zlkdatasys/audios/audio/20220407/16493316834292.wav"
        },
        {
          "text": "你好朋友，今天过得好吗？小心啊",
          "link": "//game.gtimg.cn/images/yxzj/zlkdatasys/audios/audio/20220407/16493316965477.wav"
        },
        {
          "text": "不，你不想",
          "link": "//game.gtimg.cn/images/yxzj/zlkdatasys/audios/audio/20220407/16493317113892.wav"
        },
        {
          "text": "什么？你比我更可爱？！",
          "link": "//game.gtimg.cn/images/yxzj/zlkdatasys/audios/audio/20220407/16493317249937.wav"
        },
        {
          "text": "根据阿西莫夫三定律，我永远都能接住这根枪",
          "link": "//game.gtimg.cn/images/yxzj/zlkdatasys/audios/audio/20220407/16493317399987.wav"
        },
        {
          "text": "你能怎么办，你也很绝望~我懂的",
          "link": "//game.gtimg.cn/images/yxzj/zlkdatasys/audios/audio/20220407/16493317876943.wav"
        }
      ],
      "name": "逐梦之影"
    },
    {
      "voice": [
        {
          "text": "龙战于野！",
          "link": "//game.gtimg.cn/images/yxzj/zlkdatasys/audios/audio/20220407/16493340713235.wav"
        },
        {
          "text": "有种死人，叫屠龙者。",
          "link": "//game.gtimg.cn/images/yxzj/zlkdatasys/audios/audio/20220407/16493340848876.wav"
        },
        {
          "text": "纵情山河万里，肆意九州五岳",
          "link": "//game.gtimg.cn/images/yxzj/zlkdatasys/audios/audio/20220407/16493341024036.wav"
        },
        {
          "text": "龙有逆鳞，触之必死",
          "link": "//game.gtimg.cn/images/yxzj/zlkdatasys/audios/audio/20220407/16493341172335.wav"
        },
        {
          "text": "我的就是我的，你的也是我的！记住了，狐狸！",
          "link": "//game.gtimg.cn/images/yxzj/zlkdatasys/audios/audio/20220407/16493341305054.wav"
        },
        {
          "text": "通常颜值不合格的龙，才会沦落为野怪",
          "link": "//game.gtimg.cn/images/yxzj/zlkdatasys/audios/audio/20220407/16493341437925.wav"
        },
        {
          "text": "爱恨痴狂，敌不过沧海一笑",
          "link": "//game.gtimg.cn/images/yxzj/zlkdatasys/audios/audio/20220407/16493341548925.wav"
        },
        {
          "text": "破碎的身躯可以修复，友情也是如此吗？",
          "link": "//game.gtimg.cn/images/yxzj/zlkdatasys/audios/audio/20220407/16493341674826.wav"
        },
        {
          "text": "血仍未冷……",
          "link": "//game.gtimg.cn/images/yxzj/zlkdatasys/audios/audio/20220407/16493341906666.wav"
        },
        {
          "text": "挥风雨，走雷霆",
          "link": "//game.gtimg.cn/images/yxzj/zlkdatasys/audios/audio/20220407/16493342055217.wav"
        },
        {
          "text": "长枪一动白龙吟",
          "link": "//game.gtimg.cn/images/yxzj/zlkdatasys/audios/audio/20220407/16493342185377.wav"
        },
        {
          "text": "真龙之怒！",
          "link": "//game.gtimg.cn/images/yxzj/zlkdatasys/audios/audio/20220407/16493342326493.wav"
        },
        {
          "text": "珍惜你剩下的生命",
          "link": "//game.gtimg.cn/images/yxzj/zlkdatasys/audios/audio/20220407/16493342617673.wav"
        },
        {
          "text": "这就是人间吗",
          "link": "//game.gtimg.cn/images/yxzj/zlkdatasys/audios/audio/20220408/16493854885989.wav"
        },
        {
          "text": "龙游浅水遭狭隙！",
          "link": "//game.gtimg.cn/images/yxzj/zlkdatasys/audios/audio/20220408/16493855004210.wav"
        },
        {
          "text": "人心叵测",
          "link": "//game.gtimg.cn/images/yxzj/zlkdatasys/audios/audio/20220408/16493855141287.wav"
        },
        {
          "text": "哈哈，待我多笑几下，刮刮狂风，落落暴雨。",
          "link": "//game.gtimg.cn/images/yxzj/zlkdatasys/audios/audio/20220408/16493855279938.wav"
        },
        {
          "text": "好好好！",
          "link": "//game.gtimg.cn/images/yxzj/zlkdatasys/audios/audio/20220408/16493855402166.wav"
        },
        {
          "text": "我等你许久了",
          "link": "//game.gtimg.cn/images/yxzj/zlkdatasys/audios/audio/20220408/16493855561647.wav"
        },
        {
          "text": "不可久留",
          "link": "//game.gtimg.cn/images/yxzj/zlkdatasys/audios/audio/20220408/16493855705960.wav"
        },
        {
          "text": "光明磊落，方是赢家。",
          "link": "//game.gtimg.cn/images/yxzj/zlkdatasys/audios/audio/20220408/16493855837460.wav"
        },
        {
          "text": "千年往事随潮去。",
          "link": "//game.gtimg.cn/images/yxzj/zlkdatasys/audios/audio/20220408/16493855977052.wav"
        },
        {
          "text": "来一曲天摇地动",
          "link": "//game.gtimg.cn/images/yxzj/zlkdatasys/audios/audio/20220408/16493856117910.wav"
        },
        {
          "text": "你的屠龙刀是把伪劣品。而且，你也是。",
          "link": "//game.gtimg.cn/images/yxzj/zlkdatasys/audios/audio/20220408/16493856447337.wav"
        }
      ],
      "name": "白龙吟"
    },
    {
      "voice": [
        {
          "text": "撼天地，镇乾坤！",
          "link": "//game.gtimg.cn/images/yxzj/zlkdatasys/audios/audio/20220415/16500029153834.wav"
        },
        {
          "text": "衡山如飞，俯临万物！",
          "link": "//game.gtimg.cn/images/yxzj/zlkdatasys/audios/audio/20220415/16499892201606.mp3"
        },
        {
          "text": "如月之恒，如日之升！",
          "link": "//game.gtimg.cn/images/yxzj/zlkdatasys/audios/audio/20220415/16499892382388.mp3"
        },
        {
          "text": "天塌了，我顶着！",
          "link": "//game.gtimg.cn/images/yxzj/zlkdatasys/audios/audio/20220408/16493858387604.wav"
        },
        {
          "text": "我可以失败，但绝不会认输",
          "link": "//game.gtimg.cn/images/yxzj/zlkdatasys/audios/audio/20220408/16493858515320.wav"
        },
        {
          "text": "善守者，藏于九地之下；善攻者，动于九天之上",
          "link": "//game.gtimg.cn/images/yxzj/zlkdatasys/audios/audio/20220408/16493858678075.wav"
        },
        {
          "text": "五岳独尊的感觉，谁不想尝尝啊？",
          "link": "//game.gtimg.cn/images/yxzj/zlkdatasys/audios/audio/20220408/16493858826794.wav"
        },
        {
          "text": "乘天地之正，御六气之辨",
          "link": "//game.gtimg.cn/images/yxzj/zlkdatasys/audios/audio/20220408/16493858961035.wav"
        },
        {
          "text": "再没有反败为胜的机会了吗……",
          "link": "//game.gtimg.cn/images/yxzj/zlkdatasys/audios/audio/20220408/16493859158737.wav"
        },
        {
          "text": "观云知变，乘风而动",
          "link": "//game.gtimg.cn/images/yxzj/zlkdatasys/audios/audio/20220408/16493859351085.wav"
        },
        {
          "text": "以正合，以奇胜！",
          "link": "//game.gtimg.cn/images/yxzj/zlkdatasys/audios/audio/20220408/16493859562859.wav"
        },
        {
          "text": "命由己造！",
          "link": "//game.gtimg.cn/images/yxzj/zlkdatasys/audios/audio/20220408/16493859695289.wav"
        },
        {
          "text": "苍天亦可刺破！",
          "link": "//game.gtimg.cn/images/yxzj/zlkdatasys/audios/audio/20220408/16493859843282.wav"
        },
        {
          "text": "君子报仇，十年不晚~",
          "link": "//game.gtimg.cn/images/yxzj/zlkdatasys/audios/audio/20220408/16493860119025.wav"
        },
        {
          "text": "天有不测风云，你有祸福旦夕~",
          "link": "//game.gtimg.cn/images/yxzj/zlkdatasys/audios/audio/20220408/16493860281500.wav"
        },
        {
          "text": "划星野，破紫冥！",
          "link": "//game.gtimg.cn/images/yxzj/zlkdatasys/audios/audio/20220408/16493860493114.wav"
        },
        {
          "text": "既然你的歌声已经响起，那我就开始表演了~！",
          "link": "//game.gtimg.cn/images/yxzj/zlkdatasys/audios/audio/20220408/16493860837926.wav"
        },
        {
          "text": "不要总是一副天下第一的自大模样",
          "link": "//game.gtimg.cn/images/yxzj/zlkdatasys/audios/audio/20220408/16493861039239.wav"
        },
        {
          "text": "我们无路可退，因为身后就是故乡",
          "link": "//game.gtimg.cn/images/yxzj/zlkdatasys/audios/audio/20220408/16493861175294.wav"
        },
        {
          "text": "看在曾经并肩战斗的份上，鲲，暂且寄存在你那",
          "link": "//game.gtimg.cn/images/yxzj/zlkdatasys/audios/audio/20220428/16511308979884.mp3"
        }
      ],
      "name": "飞衡"
    },
    {
      "voice": [
        {
          "text": "主啊，请怜悯世人！",
          "link": "//game.gtimg.cn/images/yxzj/zlkdatasys/audios/audio/20220408/16493862261222.wav"
        },
        {
          "text": "吸血鬼们，末日到了！",
          "link": "//game.gtimg.cn/images/yxzj/zlkdatasys/audios/audio/20220408/16493862408227.wav"
        },
        {
          "text": "重申，我既不吃大蒜也没有口臭！",
          "link": "//game.gtimg.cn/images/yxzj/zlkdatasys/audios/audio/20220408/16493862539816.wav"
        },
        {
          "text": "到达胜利之前，无法回头。",
          "link": "//game.gtimg.cn/images/yxzj/zlkdatasys/audios/audio/20220408/16493862925570.wav"
        },
        {
          "text": "怀抱杀意刺破黎明。",
          "link": "//game.gtimg.cn/images/yxzj/zlkdatasys/audios/audio/20220408/16493863123516.wav"
        },
        {
          "text": "时刻为你祈祷~！",
          "link": "//game.gtimg.cn/images/yxzj/zlkdatasys/audios/audio/20220408/16493863263889.wav"
        },
        {
          "text": "与你同往地狱，吸血鬼！",
          "link": "//game.gtimg.cn/images/yxzj/zlkdatasys/audios/audio/20220408/16493863387476.wav"
        },
        {
          "text": "对面的孩子们， too young too simple",
          "link": "//game.gtimg.cn/images/yxzj/zlkdatasys/audios/audio/20220408/16493863524713.wav"
        },
        {
          "text": "生来就是魔鬼的克星",
          "link": "//game.gtimg.cn/images/yxzj/zlkdatasys/audios/audio/20220408/16493863656260.wav"
        },
        {
          "text": "上帝保佑……",
          "link": "//game.gtimg.cn/images/yxzj/zlkdatasys/audios/audio/20220408/16493863901521.wav"
        },
        {
          "text": "忏悔吧！",
          "link": "//game.gtimg.cn/images/yxzj/zlkdatasys/audios/audio/20220408/16493864083154.wav"
        },
        {
          "text": "回头，还不晚！",
          "link": "//game.gtimg.cn/images/yxzj/zlkdatasys/audios/audio/20220408/16493864231334.wav"
        },
        {
          "text": "用生命赎罪！",
          "link": "//game.gtimg.cn/images/yxzj/zlkdatasys/audios/audio/20220408/16493864366826.wav"
        },
        {
          "text": "神圣洗礼！",
          "link": "//game.gtimg.cn/images/yxzj/zlkdatasys/audios/audio/20220408/16493864487053.wav"
        },
        {
          "text": "先生，让我们畏惧一下吧",
          "link": "//game.gtimg.cn/images/yxzj/zlkdatasys/audios/audio/20220408/16493866976641.wav"
        },
        {
          "text": "我期盼指引",
          "link": "//game.gtimg.cn/images/yxzj/zlkdatasys/audios/audio/20220408/16493867165647.wav"
        },
        {
          "text": "魔鬼啊，回到你的居所.",
          "link": "//game.gtimg.cn/images/yxzj/zlkdatasys/audios/audio/20220408/16493867308864.wav"
        },
        {
          "text": "我看见一些美丽的东西，重新显现在苍穹",
          "link": "//game.gtimg.cn/images/yxzj/zlkdatasys/audios/audio/20220408/16493867422870.wav"
        },
        {
          "text": "我发誓，神也会为你鼓掌的",
          "link": "//game.gtimg.cn/images/yxzj/zlkdatasys/audios/audio/20220408/16493867552721.wav"
        },
        {
          "text": "以教廷的名义",
          "link": "//game.gtimg.cn/images/yxzj/zlkdatasys/audios/audio/20220408/16493867764672.wav"
        },
        {
          "text": "它今天不来了",
          "link": "//game.gtimg.cn/images/yxzj/zlkdatasys/audios/audio/20220408/16493867876624.wav"
        },
        {
          "text": "来啊，未来的鬼魂们",
          "link": "//game.gtimg.cn/images/yxzj/zlkdatasys/audios/audio/20220408/16493868017840.wav"
        },
        {
          "text": "谁也主宰不了我的灵魂，除了信仰",
          "link": "//game.gtimg.cn/images/yxzj/zlkdatasys/audios/audio/20220408/16493868175292.wav"
        },
        {
          "text": "跳个舞，可不是什么罪孽",
          "link": "//game.gtimg.cn/images/yxzj/zlkdatasys/audios/audio/20220408/16493868354360.wav"
        },
        {
          "text": "永生的窄门，路是小的，人是少的。尔等必定挤不进去的。",
          "link": "//game.gtimg.cn/images/yxzj/zlkdatasys/audios/audio/20220408/16493868527184.wav"
        }
      ],
      "name": "教廷特使"
    },
    {
      "voice": [
        {
          "text": "此际梅下小睡，竟如百年梦破。",
          "link": "//game.gtimg.cn/images/yxzj/zlkdatasys/audios/audio/20220414/16499211972711.mp3"
        },
        {
          "text": "我敬明月与寒梅。",
          "link": "//game.gtimg.cn/images/yxzj/zlkdatasys/audios/audio/20220414/16499212119042.mp3"
        },
        {
          "text": "浮花过眼～功名虚幻。",
          "link": "//game.gtimg.cn/images/yxzj/zlkdatasys/audios/audio/20220414/16499212265367.mp3"
        },
        {
          "text": "吾胸有数万甲兵，名存天地之间，何憾之有？",
          "link": "//game.gtimg.cn/images/yxzj/zlkdatasys/audios/audio/20220408/16493877771814.wav"
        },
        {
          "text": "何来真英雄，唯一穷豪杰在此。",
          "link": "//game.gtimg.cn/images/yxzj/zlkdatasys/audios/audio/20220408/16493877953410.wav"
        },
        {
          "text": "飞鸟尽，良弓藏，狡兔死，走狗烹……",
          "link": "//game.gtimg.cn/images/yxzj/zlkdatasys/audios/audio/20220408/16493878103793.wav"
        },
        {
          "text": "与其一世供人闲话，不若半生任我逍遥～",
          "link": "//game.gtimg.cn/images/yxzj/zlkdatasys/audios/audio/20220408/16493878263868.wav"
        },
        {
          "text": "吾欲行天地～指青霄作阵，列星野为军！",
          "link": "//game.gtimg.cn/images/yxzj/zlkdatasys/audios/audio/20220408/16493878398561.wav"
        },
        {
          "text": "功如何？过如何？天地俯仰皆任我。",
          "link": "//game.gtimg.cn/images/yxzj/zlkdatasys/audios/audio/20220408/16493878513332.wav"
        },
        {
          "text": "管他世情冷眼，无向此间低眉。",
          "link": "//game.gtimg.cn/images/yxzj/zlkdatasys/audios/audio/20220408/16493878669508.wav"
        },
        {
          "text": "天下已定，我固当烹......",
          "link": "//game.gtimg.cn/images/yxzj/zlkdatasys/audios/audio/20220408/16493878961752.wav"
        },
        {
          "text": "功易得，命难改。",
          "link": "//game.gtimg.cn/images/yxzj/zlkdatasys/audios/audio/20220408/16493879217828.wav"
        },
        {
          "text": "声东击西而已～",
          "link": "//game.gtimg.cn/images/yxzj/zlkdatasys/audios/audio/20220408/16493879362785.wav"
        },
        {
          "text": "退而方能进！",
          "link": "//game.gtimg.cn/images/yxzj/zlkdatasys/audios/audio/20220408/16493879518544.wav"
        },
        {
          "text": "背水一战！",
          "link": "//game.gtimg.cn/images/yxzj/zlkdatasys/audios/audio/20220408/16493879667193.wav"
        },
        {
          "text": "凌险必夷！",
          "link": "//game.gtimg.cn/images/yxzj/zlkdatasys/audios/audio/20220408/16493879805200.wav"
        },
        {
          "text": "处变之际，决胜之间！",
          "link": "//game.gtimg.cn/images/yxzj/zlkdatasys/audios/audio/20220408/16493879951935.wav"
        },
        {
          "text": "枪雄万敌！",
          "link": "//game.gtimg.cn/images/yxzj/zlkdatasys/audios/audio/20220408/16493880141811.wav"
        },
        {
          "text": "神枪知我！",
          "link": "//game.gtimg.cn/images/yxzj/zlkdatasys/audios/audio/20220408/16493880286071.wav"
        },
        {
          "text": "无敌天下！",
          "link": "//game.gtimg.cn/images/yxzj/zlkdatasys/audios/audio/20220415/16499891739652.mp3"
        },
        {
          "text": "战必胜，攻必取！",
          "link": "//game.gtimg.cn/images/yxzj/zlkdatasys/audios/audio/20220408/16493880833613.wav"
        },
        {
          "text": "游四海，荡千山！",
          "link": "//game.gtimg.cn/images/yxzj/zlkdatasys/audios/audio/20220408/16493881126670.wav"
        },
        {
          "text": "来～和这梅花山雪，与我作个闲伴。",
          "link": "//game.gtimg.cn/images/yxzj/zlkdatasys/audios/audio/20220408/16493881301276.wav"
        },
        {
          "text": "哈哈哈哈哈哈，阁下武功甚是精妙~",
          "link": "//game.gtimg.cn/images/yxzj/zlkdatasys/audios/audio/20220408/16493881463487.wav"
        },
        {
          "text": "嗯~荣枯得丧，天意安排～",
          "link": "//game.gtimg.cn/images/yxzj/zlkdatasys/audios/audio/20220408/16493881689258.wav"
        },
        {
          "text": "位极人臣，已是封无再封。",
          "link": "//game.gtimg.cn/images/yxzj/zlkdatasys/audios/audio/20220408/16493881879499.wav"
        },
        {
          "text": "欲加之罪，何患无辞！",
          "link": "//game.gtimg.cn/images/yxzj/zlkdatasys/audios/audio/20220408/16493882031444.wav"
        },
        {
          "text": "与君一别，恐无再见之时……",
          "link": "//game.gtimg.cn/images/yxzj/zlkdatasys/audios/audio/20220408/16493882185752.wav"
        },
        {
          "text": "非我之志，非我之志啊~",
          "link": "//game.gtimg.cn/images/yxzj/zlkdatasys/audios/audio/20220415/16499891503720.mp3"
        },
        {
          "text": "今日少年明日老......",
          "link": "//game.gtimg.cn/images/yxzj/zlkdatasys/audios/audio/20220408/16493882577337.wav"
        },
        {
          "text": "哈哈哈哈，君可为吾四海之友！",
          "link": "//game.gtimg.cn/images/yxzj/zlkdatasys/audios/audio/20220428/16511347425415.wav"
        }
      ],
      "name": "傲雪梅枪"
    },
    {
      "voice": [
        {
          "text": "妖枪现世，得之为王。……把握时机的人，把握命运。",
          "link": "//game.gtimg.cn/images/yxzj/zlkdatasys/audios/audio/20230630/16881087963181.mp3"
        },
        {
          "text": "生死一线，也是命运的转机。……所承所受，必将奉还！",
          "link": "//game.gtimg.cn/images/yxzj/zlkdatasys/audios/audio/20230630/16881088914199.mp3"
        },
        {
          "text": "都市倒悬妖界，欲望照进人心。……这就是妖王的滋味吗？真不错。",
          "link": "//game.gtimg.cn/images/yxzj/zlkdatasys/audios/audio/20230630/16881089441198.mp3"
        },
        {
          "text": "世界不同情弱者，机会遵从于欲望。",
          "link": "//game.gtimg.cn/images/yxzj/zlkdatasys/audios/audio/20230629/16880347583954.mp3"
        },
        {
          "text": "握住枪的那一刻，也握住了命运。",
          "link": "//game.gtimg.cn/images/yxzj/zlkdatasys/audios/audio/20230629/16880347971778.mp3"
        },
        {
          "text": "如果弱肉强食是妖界真理，将尔等踩在脚下就是本王的法则。",
          "link": "//game.gtimg.cn/images/yxzj/zlkdatasys/audios/audio/20230629/16880348442524.mp3"
        },
        {
          "text": "是谁给了你们仰视本王的资格？",
          "link": "//game.gtimg.cn/images/yxzj/zlkdatasys/audios/audio/20230629/16880348848179.mp3"
        },
        {
          "text": "蛰伏是强者的伪装，傻妖怪们。",
          "link": "//game.gtimg.cn/images/yxzj/zlkdatasys/audios/audio/20230629/16880349139305.mp3"
        },
        {
          "text": "是时候结算一下，过去的账单。",
          "link": "//game.gtimg.cn/images/yxzj/zlkdatasys/audios/audio/20230630/16880923049139.mp3"
        },
        {
          "text": "每个人心里都住着一只妖怪，而强者将它攥在手里。",
          "link": "//game.gtimg.cn/images/yxzj/zlkdatasys/audios/audio/20230630/16880923331248.mp3"
        },
        {
          "text": "妖怪们，开始求饶吧。",
          "link": "//game.gtimg.cn/images/yxzj/zlkdatasys/audios/audio/20230630/16880924664109.mp3"
        },
        {
          "text": "感受到历代妖王的传承，正在苏醒。",
          "link": "//game.gtimg.cn/images/yxzj/zlkdatasys/audios/audio/20230630/16880926299282.mp3"
        },
        {
          "text": "需要更多的妖气，浇灌更鲜艳的枪锋。",
          "link": "//game.gtimg.cn/images/yxzj/zlkdatasys/audios/audio/20230630/16880927527682.mp3"
        },
        {
          "text": "这就是，凌驾于世间的力量！",
          "link": "//game.gtimg.cn/images/yxzj/zlkdatasys/audios/audio/20230630/16880927949349.mp3"
        },
        {
          "text": "空有欲望，胆量不足。",
          "link": "//game.gtimg.cn/images/yxzj/zlkdatasys/audios/audio/20230630/16880932422407.mp3"
        },
        {
          "text": "与本王为敌，你也配？",
          "link": "//game.gtimg.cn/images/yxzj/zlkdatasys/audios/audio/20230630/16880932773285.mp3"
        },
        {
          "text": "连消遣都算不上。",
          "link": "//game.gtimg.cn/images/yxzj/zlkdatasys/audios/audio/20230630/16880933034551.mp3"
        },
        {
          "text": "太弱了。",
          "link": "//game.gtimg.cn/images/yxzj/zlkdatasys/audios/audio/20230630/16880933314934.mp3"
        },
        {
          "text": "无谓的反抗，终会臣服。",
          "link": "//game.gtimg.cn/images/yxzj/zlkdatasys/audios/audio/20230630/16880933586786.mp3"
        },
        {
          "text": "妖枪饮宴，浴血而生。",
          "link": "//game.gtimg.cn/images/yxzj/zlkdatasys/audios/audio/20230630/16880934053944.mp3"
        },
        {
          "text": "不是强大就会胜利，而是胜利者必然强大。",
          "link": "//game.gtimg.cn/images/yxzj/zlkdatasys/audios/audio/20230630/16880934549462.mp3"
        },
        {
          "text": "下一次，我是笑到最后的王。",
          "link": "//game.gtimg.cn/images/yxzj/zlkdatasys/audios/audio/20230630/16880934938379.mp3"
        },
        {
          "text": "短暂的蛰伏，是为了更大的野心。",
          "link": "//game.gtimg.cn/images/yxzj/zlkdatasys/audios/audio/20230630/16880935836978.mp3"
        },
        {
          "text": "命运无常，刚好赶上。",
          "link": "//game.gtimg.cn/images/yxzj/zlkdatasys/audios/audio/20230630/16880936539753.mp3"
        },
        {
          "text": "将世界抛在身后。",
          "link": "//game.gtimg.cn/images/yxzj/zlkdatasys/audios/audio/20230630/16880952828296.mp3"
        },
        {
          "text": "恰当的时机，便是缘分。",
          "link": "//game.gtimg.cn/images/yxzj/zlkdatasys/audios/audio/20230630/16880953128231.mp3"
        },
        {
          "text": "吾乃万妖之王！",
          "link": "//game.gtimg.cn/images/yxzj/zlkdatasys/audios/audio/20230630/16880953407302.mp3"
        },
        {
          "text": "要么死，要么赢！",
          "link": "//game.gtimg.cn/images/yxzj/zlkdatasys/audios/audio/20230630/16880953693907.mp3"
        },
        {
          "text": "两界之中，无人能敌！",
          "link": "//game.gtimg.cn/images/yxzj/zlkdatasys/audios/audio/20230630/16880953986805.mp3"
        },
        {
          "text": "妖枪横扫，不生寸草。",
          "link": "//game.gtimg.cn/images/yxzj/zlkdatasys/audios/audio/20230630/16880954284931.mp3"
        },
        {
          "text": "若太放纵那把枪，它就会踩到你的头上。",
          "link": "//game.gtimg.cn/images/yxzj/zlkdatasys/audios/audio/20230630/16880954694446.mp3"
        },
        {
          "text": "这把枪曾想找一个傀儡，却获得了一个主人。",
          "link": "//game.gtimg.cn/images/yxzj/zlkdatasys/audios/audio/20230630/16880955281483.mp3"
        },
        {
          "text": "对强大极致的渴望，叫做野心。",
          "link": "//game.gtimg.cn/images/yxzj/zlkdatasys/audios/audio/20230630/16880955542773.mp3"
        },
        {
          "text": "哈哈哈哈哈哈，身份逆转，颤抖吧妖怪。",
          "link": "//game.gtimg.cn/images/yxzj/zlkdatasys/audios/audio/20230630/16880955821766.mp3"
        },
        {
          "text": "不错的实力，可惜遇上了本王。",
          "link": "//game.gtimg.cn/images/yxzj/zlkdatasys/audios/audio/20230630/16880956115885.mp3"
        },
        {
          "text": "都市的霓虹灯太吵闹了。",
          "link": "//game.gtimg.cn/images/yxzj/zlkdatasys/audios/audio/20230630/16880956417667.mp3"
        },
        {
          "text": "为你的无礼，付出代价。",
          "link": "//game.gtimg.cn/images/yxzj/zlkdatasys/audios/audio/20230630/16880956703668.mp3"
        },
        {
          "text": "流泪的，必然不是本王。",
          "link": "//game.gtimg.cn/images/yxzj/zlkdatasys/audios/audio/20230630/16880957303760.mp3"
        },
        {
          "text": "随着霓虹的律动，偶尔放松。",
          "link": "//game.gtimg.cn/images/yxzj/zlkdatasys/audios/audio/20230630/16880957588640.mp3"
        },
        {
          "text": "这妖怪怎么长得这么丑……",
          "link": "//game.gtimg.cn/images/yxzj/zlkdatasys/audios/audio/20230630/16880958325255.mp3"
        }
      ],
      "name": "弑枪猎影"
    }
  ]
}