{
  "data": [
    {
      "voice": [
        {
          "text": "苏醒了，猎杀时刻！",
          "link": "//game.gtimg.cn/images/yxzj/zlkdatasys/audios/audio/20220412/16497412526354.wav"
        },
        {
          "text": "我，最后的太阳！",
          "link": "//game.gtimg.cn/images/yxzj/zlkdatasys/audios/audio/20220412/16497412643564.wav"
        },
        {
          "text": "周日被我射熄火了，所以，今天是周一！",
          "link": "//game.gtimg.cn/images/yxzj/zlkdatasys/audios/audio/20220412/16497412768735.wav"
        },
        {
          "text": "我的猎场！",
          "link": "//game.gtimg.cn/images/yxzj/zlkdatasys/audios/audio/20220412/16497412923193.wav"
        },
        {
          "text": "最光明，最黑暗。",
          "link": "//game.gtimg.cn/images/yxzj/zlkdatasys/audios/audio/20220412/16497413047083.wav"
        },
        {
          "text": "呵，要变天了。",
          "link": "//game.gtimg.cn/images/yxzj/zlkdatasys/audios/audio/20220412/16497413174218.wav"
        },
        {
          "text": "发光的，一个就够了",
          "link": "//game.gtimg.cn/images/yxzj/zlkdatasys/audios/audio/20220412/16497413302574.wav"
        },
        {
          "text": "光明，制造瞎子。",
          "link": "//game.gtimg.cn/images/yxzj/zlkdatasys/audios/audio/20220412/16497413449457.wav"
        },
        {
          "text": "别了，太阳。",
          "link": "//game.gtimg.cn/images/yxzj/zlkdatasys/audios/audio/20220412/16497413647110.wav"
        },
        {
          "text": "日蚀！",
          "link": "//game.gtimg.cn/images/yxzj/zlkdatasys/audios/audio/20220412/16497413864640.wav"
        },
        {
          "text": "闪瞎！",
          "link": "//game.gtimg.cn/images/yxzj/zlkdatasys/audios/audio/20220412/16497413998150.wav"
        },
        {
          "text": "射啊！",
          "link": "//game.gtimg.cn/images/yxzj/zlkdatasys/audios/audio/20220412/16497414142516.wav"
        },
        {
          "text": "逃不掉的！",
          "link": "//game.gtimg.cn/images/yxzj/zlkdatasys/audios/audio/20220412/16497414272393.wav"
        },
        {
          "text": "赞美太阳！",
          "link": "//game.gtimg.cn/images/yxzj/zlkdatasys/audios/audio/20220412/16497414423398.wav"
        },
        {
          "text": "贯穿！",
          "link": "//game.gtimg.cn/images/yxzj/zlkdatasys/audios/audio/20220412/16497414573946.wav"
        },
        {
          "text": "太阳落山了。",
          "link": "//game.gtimg.cn/images/yxzj/zlkdatasys/audios/audio/20220412/16497414798207.wav"
        },
        {
          "text": "开黑的你们，凑齐一队睁眼瞎。",
          "link": "//game.gtimg.cn/images/yxzj/zlkdatasys/audios/audio/20220412/16497414962027.wav"
        },
        {
          "text": "去掉一点强光，对所有生灵都是一种善举",
          "link": "//game.gtimg.cn/images/yxzj/zlkdatasys/audios/audio/20220412/16497415139158.mp3"
        },
        {
          "text": "你在找什么……",
          "link": "//game.gtimg.cn/images/yxzj/zlkdatasys/audios/audio/20220428/16511337178838.mp3"
        },
        {
          "text": "神造的弓箭太沉重……",
          "link": "//game.gtimg.cn/images/yxzj/zlkdatasys/audios/audio/20220428/16511337452718.mp3"
        },
        {
          "text": "……有时候，也会失手。",
          "link": "//game.gtimg.cn/images/yxzj/zlkdatasys/audios/audio/20220428/16511337638732.mp3"
        },
        {
          "text": "我们不过是神的工具，比起凡人，高明不了多少",
          "link": "//game.gtimg.cn/images/yxzj/zlkdatasys/audios/audio/20221109/16679867581499.mp3"
        }
      ],
      "name": "原皮"
    },
    {
      "voice": [
        {
          "text": "此生不相见，动如参与商",
          "link": "//game.gtimg.cn/images/yxzj/zlkdatasys/audios/audio/20220412/16497416286718.mp3"
        },
        {
          "text": "射穿虚伪的箭，有着光明的去向",
          "link": "//game.gtimg.cn/images/yxzj/zlkdatasys/audios/audio/20220412/16497416478302.mp3"
        },
        {
          "text": "还不闪开？你以为我是丘比特？",
          "link": "//game.gtimg.cn/images/yxzj/zlkdatasys/audios/audio/20220412/16497416648427.wav"
        },
        {
          "text": "最了解你的往往是对手",
          "link": "//game.gtimg.cn/images/yxzj/zlkdatasys/audios/audio/20220412/16497416801244.wav"
        },
        {
          "text": "人间虽远，你我都在其中",
          "link": "//game.gtimg.cn/images/yxzj/zlkdatasys/audios/audio/20220412/16497417002103.mp3"
        },
        {
          "text": "需要，才是存在的理由",
          "link": "//game.gtimg.cn/images/yxzj/zlkdatasys/audios/audio/20220412/16497417137333.wav"
        },
        {
          "text": "一个人有了欲望，便能看到他的终点",
          "link": "//game.gtimg.cn/images/yxzj/zlkdatasys/audios/audio/20220412/16497417352719.mp3"
        },
        {
          "text": "比起多长只眼，不如多长点心。",
          "link": "//game.gtimg.cn/images/yxzj/zlkdatasys/audios/audio/20220412/16497417592563.mp3"
        },
        {
          "text": "万里挑一的失败……",
          "link": "//game.gtimg.cn/images/yxzj/zlkdatasys/audios/audio/20220412/16497417742086.wav"
        },
        {
          "text": "你无法直视的光芒。",
          "link": "//game.gtimg.cn/images/yxzj/zlkdatasys/audios/audio/20220412/16497417909891.wav"
        },
        {
          "text": "逐日之争！",
          "link": "//game.gtimg.cn/images/yxzj/zlkdatasys/audios/audio/20220412/16497418042147.wav"
        },
        {
          "text": "向明天的太阳告别吧！",
          "link": "//game.gtimg.cn/images/yxzj/zlkdatasys/audios/audio/20220412/16497418208924.wav"
        },
        {
          "text": "我只接受自己败在强者手里，很可惜，不是你",
          "link": "//game.gtimg.cn/images/yxzj/zlkdatasys/audios/audio/20220412/16497418419402.mp3"
        }
      ],
      "name": "辉光之辰"
    },
    {
      "voice": [
        {
          "text": "黄金圣斗士的意志，坚不可摧！",
          "link": "//game.gtimg.cn/images/yxzj/zlkdatasys/audios/audio/20220412/16497419579555.wav"
        },
        {
          "text": "即便燃尽生命，也不会放下手中的弓",
          "link": "//game.gtimg.cn/images/yxzj/zlkdatasys/audios/audio/20220412/16497419753160.mp3"
        },
        {
          "text": "少年，你是值得我托付的人么？",
          "link": "//game.gtimg.cn/images/yxzj/zlkdatasys/audios/audio/20220412/16497419936257.mp3"
        },
        {
          "text": "光明之火永不熄灭！",
          "link": "//game.gtimg.cn/images/yxzj/zlkdatasys/audios/audio/20220412/16497420175990.wav"
        },
        {
          "text": "我们还有希望！",
          "link": "//game.gtimg.cn/images/yxzj/zlkdatasys/audios/audio/20220412/16497420308105.wav"
        },
        {
          "text": "为了大地的爱与和平",
          "link": "//game.gtimg.cn/images/yxzj/zlkdatasys/audios/audio/20220412/16497420437908.wav"
        },
        {
          "text": "同样的招式对圣斗士只能使用一次",
          "link": "//game.gtimg.cn/images/yxzj/zlkdatasys/audios/audio/20220412/16497420604433.wav"
        },
        {
          "text": "小宇宙是圣斗士力量的来源",
          "link": "//game.gtimg.cn/images/yxzj/zlkdatasys/audios/audio/20220412/16497420762203.wav"
        },
        {
          "text": "保护…女神",
          "link": "//game.gtimg.cn/images/yxzj/zlkdatasys/audios/audio/20220412/16497420915812.wav"
        },
        {
          "text": "燃烧吧！小宇宙！",
          "link": "//game.gtimg.cn/images/yxzj/zlkdatasys/audios/audio/20220412/16497421109220.wav"
        },
        {
          "text": "让星辰带给我力量！",
          "link": "//game.gtimg.cn/images/yxzj/zlkdatasys/audios/audio/20220412/16497421224627.wav"
        },
        {
          "text": "射手座最强的奥义！",
          "link": "//game.gtimg.cn/images/yxzj/zlkdatasys/audios/audio/20220412/16497421368095.wav"
        },
        {
          "text": "我不会有丝毫犹豫！",
          "link": "//game.gtimg.cn/images/yxzj/zlkdatasys/audios/audio/20220412/16497421529748.wav"
        },
        {
          "text": "给这黑暗的世界，缔造一线光明",
          "link": "//game.gtimg.cn/images/yxzj/zlkdatasys/audios/audio/20220412/16497422559611.wav"
        },
        {
          "text": "你终于是为正义而战的圣斗士了",
          "link": "//game.gtimg.cn/images/yxzj/zlkdatasys/audios/audio/20220412/16497422691281.wav"
        },
        {
          "text": "想切身体会一下绽放黄金箭的滋味吗？",
          "link": "//game.gtimg.cn/images/yxzj/zlkdatasys/audios/audio/20220412/16497422914928.mp3"
        }
      ],
      "name": "黄金射手座"
    },
    {
      "voice": [
        {
          "text": "故事说，喜鹊在云上架桥，命定之人会从桥的那头奔向你……",
          "link": "//game.gtimg.cn/images/yxzj/zlkdatasys/audios/audio/20220415/16500030285454.mp3"
        },
        {
          "text": "就是此刻？",
          "link": "//game.gtimg.cn/images/yxzj/zlkdatasys/audios/audio/20220414/16499332407971.mp3"
        },
        {
          "text": "梦到的故事太长……",
          "link": "//game.gtimg.cn/images/yxzj/zlkdatasys/audios/audio/20220414/16499332575041.mp3"
        },
        {
          "text": "我在听。",
          "link": "//game.gtimg.cn/images/yxzj/zlkdatasys/audios/audio/20220412/16497426131467.wav"
        },
        {
          "text": "人间万古。",
          "link": "//game.gtimg.cn/images/yxzj/zlkdatasys/audios/audio/20220412/16497426282105.wav"
        },
        {
          "text": "若前生未果，便重争来世！",
          "link": "//game.gtimg.cn/images/yxzj/zlkdatasys/audios/audio/20220412/16497426471024.wav"
        },
        {
          "text": "天地之间，无处不是野草般的生命。",
          "link": "//game.gtimg.cn/images/yxzj/zlkdatasys/audios/audio/20220412/16497426637455.wav"
        },
        {
          "text": "遗失的记忆，会以梦的方式重现。",
          "link": "//game.gtimg.cn/images/yxzj/zlkdatasys/audios/audio/20220412/16497426801507.wav"
        },
        {
          "text": "咫尺天涯……",
          "link": "//game.gtimg.cn/images/yxzj/zlkdatasys/audios/audio/20220412/16497426984695.wav"
        },
        {
          "text": "咫尺，天涯……",
          "link": "//game.gtimg.cn/images/yxzj/zlkdatasys/audios/audio/20220412/16497427383248.wav"
        },
        {
          "text": "天涯咫尺！",
          "link": "//game.gtimg.cn/images/yxzj/zlkdatasys/audios/audio/20220412/16497427572039.wav"
        },
        {
          "text": "看啊，重逢的预示！",
          "link": "//game.gtimg.cn/images/yxzj/zlkdatasys/audios/audio/20220412/16497427728457.wav"
        },
        {
          "text": "找到你了！",
          "link": "//game.gtimg.cn/images/yxzj/zlkdatasys/audios/audio/20220412/16497427868713.wav"
        },
        {
          "text": "天意如此",
          "link": "//game.gtimg.cn/images/yxzj/zlkdatasys/audios/audio/20220412/16497428069518.wav"
        },
        {
          "text": "我们天作之合，也轮到你这妖怪反对？",
          "link": "//game.gtimg.cn/images/yxzj/zlkdatasys/audios/audio/20220412/16497428293148.wav"
        },
        {
          "text": "天上人间，岁岁年年。",
          "link": "//game.gtimg.cn/images/yxzj/zlkdatasys/audios/audio/20220412/16497428479597.wav"
        },
        {
          "text": "有什么，被忘记了吗……",
          "link": "//game.gtimg.cn/images/yxzj/zlkdatasys/audios/audio/20220414/16499334078892.mp3"
        },
        {
          "text": "这就是，全部的过往？",
          "link": "//game.gtimg.cn/images/yxzj/zlkdatasys/audios/audio/20220414/16499333929663.mp3"
        },
        {
          "text": "想象第一个黎明，和最后一个太阳。",
          "link": "//game.gtimg.cn/images/yxzj/zlkdatasys/audios/audio/20220415/16500030996278.mp3"
        }
      ],
      "name": "如梦令"
    },
    {
      "voice": [
        {
          "text": "我是太阳时代的人类战士，银河时代的苍穹防线。",
          "link": "//game.gtimg.cn/images/yxzj/zlkdatasys/audios/audio/20220706/16570899573416.wav"
        },
        {
          "text": "眺望星海，人类渺不足道，但这个生物勇敢，年轻，充满希望。",
          "link": "//game.gtimg.cn/images/yxzj/zlkdatasys/audios/audio/20220706/16570899901399.wav"
        },
        {
          "text": "步履，永无终结，在宇宙的尺度，我们将再胜利一次。",
          "link": "//game.gtimg.cn/images/yxzj/zlkdatasys/audios/audio/20220706/16570900126762.wav"
        },
        {
          "text": "亿万星光早已死去，我们被宇宙的往事所包裹。",
          "link": "//game.gtimg.cn/images/yxzj/zlkdatasys/audios/audio/20220706/16570900623236.wav"
        },
        {
          "text": "作为人类的记忆，终结于元星历3228年。",
          "link": "//game.gtimg.cn/images/yxzj/zlkdatasys/audios/audio/20220706/16570900923451.wav"
        },
        {
          "text": "银河历元年，人类踏出母星，走向太空。",
          "link": "//game.gtimg.cn/images/yxzj/zlkdatasys/audios/audio/20220706/16570901157986.wav"
        },
        {
          "text": "我们的世界，才刚刚拉开序幕。",
          "link": "//game.gtimg.cn/images/yxzj/zlkdatasys/audios/audio/20220706/16570901316649.wav"
        },
        {
          "text": "星辰的产物在思索繁星，人类的造物在思考人类。",
          "link": "//game.gtimg.cn/images/yxzj/zlkdatasys/audios/audio/20220706/16570901542341.wav"
        },
        {
          "text": "原来钢铁之心，也会梦见冬日的炉火。",
          "link": "//game.gtimg.cn/images/yxzj/zlkdatasys/audios/audio/20220706/16570901704426.wav"
        },
        {
          "text": "方寸之间，无尽，深渊。",
          "link": "//game.gtimg.cn/images/yxzj/zlkdatasys/audios/audio/20220706/16570901861009.wav"
        },
        {
          "text": "过去，我们距离湮灭不过咫尺。",
          "link": "//game.gtimg.cn/images/yxzj/zlkdatasys/audios/audio/20220706/16570901986034.wav"
        },
        {
          "text": "时空寂静，怀疑永生。",
          "link": "//game.gtimg.cn/images/yxzj/zlkdatasys/audios/audio/20220706/16570902153548.wav"
        },
        {
          "text": "黎明，坠落……",
          "link": "//game.gtimg.cn/images/yxzj/zlkdatasys/audios/audio/20220706/16570902336095.wav"
        },
        {
          "text": "在灰烬中，寻找归途……",
          "link": "//game.gtimg.cn/images/yxzj/zlkdatasys/audios/audio/20220706/16570902555794.wav"
        },
        {
          "text": "有人成为英雄，哼，有人陨落于尘埃。",
          "link": "//game.gtimg.cn/images/yxzj/zlkdatasys/audios/audio/20220706/16570903023087.wav"
        },
        {
          "text": "人类，永垂不朽！",
          "link": "//game.gtimg.cn/images/yxzj/zlkdatasys/audios/audio/20220706/16570903204563.wav"
        },
        {
          "text": "听，宇宙的叹息",
          "link": "//game.gtimg.cn/images/yxzj/zlkdatasys/audios/audio/20220706/16570903309696.wav"
        },
        {
          "text": "我们正在书写宇宙的历史！",
          "link": "//game.gtimg.cn/images/yxzj/zlkdatasys/audios/audio/20220706/16570903417991.wav"
        },
        {
          "text": "破势",
          "link": "//game.gtimg.cn/images/yxzj/zlkdatasys/audios/audio/20220706/16570903538784.wav"
        },
        {
          "text": "光渊",
          "link": "//game.gtimg.cn/images/yxzj/zlkdatasys/audios/audio/20220706/16570903644860.wav"
        },
        {
          "text": "无尽风暴",
          "link": "//game.gtimg.cn/images/yxzj/zlkdatasys/audios/audio/20220706/16570903763009.wav"
        },
        {
          "text": "永恒已至",
          "link": "//game.gtimg.cn/images/yxzj/zlkdatasys/audios/audio/20220706/16570903854872.wav"
        },
        {
          "text": "群星闪耀",
          "link": "//game.gtimg.cn/images/yxzj/zlkdatasys/audios/audio/20220706/16570903979865.wav"
        },
        {
          "text": "终极命运！",
          "link": "//game.gtimg.cn/images/yxzj/zlkdatasys/audios/audio/20220706/16570904061664.wav"
        },
        {
          "text": "新纪元，开启！",
          "link": "//game.gtimg.cn/images/yxzj/zlkdatasys/audios/audio/20220706/16570904213989.wav"
        },
        {
          "text": "宇宙的尽头，不是真理，而是我们赤忱的爱。",
          "link": "//game.gtimg.cn/images/yxzj/zlkdatasys/audios/audio/20220706/16570904404098.wav"
        },
        {
          "text": "智械诞生，人类的定义，被重新扩写。",
          "link": "//game.gtimg.cn/images/yxzj/zlkdatasys/audios/audio/20220706/16570904605902.wav"
        },
        {
          "text": "回忆遁走缝隙，黑暗无尽荒年。",
          "link": "//game.gtimg.cn/images/yxzj/zlkdatasys/audios/audio/20220706/16570904822930.wav"
        },
        {
          "text": "过往的记忆，化作数据浮现，但我已读不懂其中的情绪。",
          "link": "//game.gtimg.cn/images/yxzj/zlkdatasys/audios/audio/20220706/16570905059854.wav"
        },
        {
          "text": "人类，总是在重复同一种错误。",
          "link": "//game.gtimg.cn/images/yxzj/zlkdatasys/audios/audio/20220706/16570905174226.wav"
        }
      ],
      "name": "无尽星芒"
    }
  ]
}