{
  "data": [
    {
      "voice": [
        {
          "text": "姐可是传说！",
          "link": "//game.gtimg.cn/images/yxzj/zlkdatasys/audios/audio/20220411/16496608319617.wav"
        },
        {
          "text": "谁说女子不如男",
          "link": "//game.gtimg.cn/images/yxzj/zlkdatasys/audios/audio/20220411/16496608582485.wav"
        },
        {
          "text": "姐来展示下高端操作！",
          "link": "//game.gtimg.cn/images/yxzj/zlkdatasys/audios/audio/20220411/16496609245940.wav"
        },
        {
          "text": "离家太远会忘记故乡，杀人太多会忘掉自己。",
          "link": "//game.gtimg.cn/images/yxzj/zlkdatasys/audios/audio/20220411/16496609458572.wav"
        },
        {
          "text": "逃避解决不了战争，只会解决你自己。",
          "link": "//game.gtimg.cn/images/yxzj/zlkdatasys/audios/audio/20220411/16496611016608.wav"
        },
        {
          "text": "想活命吗？紧跟着我！",
          "link": "//game.gtimg.cn/images/yxzj/zlkdatasys/audios/audio/20220411/16496611324982.wav"
        },
        {
          "text": "抱歉，刚见面就得说再见！",
          "link": "//game.gtimg.cn/images/yxzj/zlkdatasys/audios/audio/20220411/16496611578486.wav"
        },
        {
          "text": "永不放弃！",
          "link": "//game.gtimg.cn/images/yxzj/zlkdatasys/audios/audio/20220411/16496611779886.wav"
        },
        {
          "text": "不会认输！",
          "link": "//game.gtimg.cn/images/yxzj/zlkdatasys/audios/audio/20220411/16496612004460.wav"
        },
        {
          "text": "静如影，疾如风！",
          "link": "//game.gtimg.cn/images/yxzj/zlkdatasys/audios/audio/20220411/16496612238419.wav"
        },
        {
          "text": "高手的示范！",
          "link": "//game.gtimg.cn/images/yxzj/zlkdatasys/audios/audio/20220411/16496615976061.wav"
        },
        {
          "text": "不动如山，迅烈如火！",
          "link": "//game.gtimg.cn/images/yxzj/zlkdatasys/audios/audio/20220411/16496616334862.wav"
        },
        {
          "text": "压倒性胜利！",
          "link": "//game.gtimg.cn/images/yxzj/zlkdatasys/audios/audio/20220411/16496616581597.wav"
        },
        {
          "text": "干嘛这么想不开，要在脸上贴个输字？",
          "link": "//game.gtimg.cn/images/yxzj/zlkdatasys/audios/audio/20220411/16496616837618.wav"
        },
        {
          "text": "回西边做你的贵族少爷吧",
          "link": "//game.gtimg.cn/images/yxzj/zlkdatasys/audios/audio/20220411/16496617179863.wav"
        },
        {
          "text": "漂亮的双枪，可惜在战争面前一无是处.",
          "link": "//game.gtimg.cn/images/yxzj/zlkdatasys/audios/audio/20220411/16496617391481.wav"
        },
        {
          "text": "不必惋惜，反正失去的东西从未属于你，这次也不会。",
          "link": "//game.gtimg.cn/images/yxzj/zlkdatasys/audios/audio/20220411/16496617658495.wav"
        },
        {
          "text": "长城小队三大任务，找到敌人，找到自己，还有，找到钥匙。",
          "link": "//game.gtimg.cn/images/yxzj/zlkdatasys/audios/audio/20220411/16496622864067.mp3"
        },
        {
          "text": "打起精神来，现在我们可不是单打独斗了。",
          "link": "//game.gtimg.cn/images/yxzj/zlkdatasys/audios/audio/20220411/16496623331041.mp3"
        },
        {
          "text": "手中之剑越锋利，越不敢忘却执剑的初心",
          "link": "//game.gtimg.cn/images/yxzj/zlkdatasys/audios/audio/20220428/16511338695386.mp3"
        },
        {
          "text": "为何容忍魔铠",
          "link": "//game.gtimg.cn/images/yxzj/zlkdatasys/audios/audio/20220428/16511339076717.mp3"
        }
      ],
      "name": "原皮"
    },
    {
      "voice": [
        {
          "text": "美貌和智慧并重，健康与活力的化身！",
          "link": "//game.gtimg.cn/images/yxzj/zlkdatasys/audios/audio/20220411/16496624861772.mp3"
        },
        {
          "text": "想和棒球一起放飞自我吗",
          "link": "//game.gtimg.cn/images/yxzj/zlkdatasys/audios/audio/20220411/16496625588065.wav"
        },
        {
          "text": "赛季在变，击球手的精准永远不变",
          "link": "//game.gtimg.cn/images/yxzj/zlkdatasys/audios/audio/20220411/16496625808400.wav"
        },
        {
          "text": "女孩儿的心，正如棒球轨迹一样，你猜不透",
          "link": "//game.gtimg.cn/images/yxzj/zlkdatasys/audios/audio/20220411/16496626057876.wav"
        },
        {
          "text": "欢呼声太小了，姐听不见",
          "link": "//game.gtimg.cn/images/yxzj/zlkdatasys/audios/audio/20220411/16496626289268.wav"
        },
        {
          "text": "青春就是挥汗如雨的练习！",
          "link": "//game.gtimg.cn/images/yxzj/zlkdatasys/audios/audio/20220411/16496626539946.wav"
        },
        {
          "text": "轻松挥舞球棒，魅力撬动全场",
          "link": "//game.gtimg.cn/images/yxzj/zlkdatasys/audios/audio/20220411/16496626761737.wav"
        },
        {
          "text": "毫无悬念的碾压，不如球逢对手的痛快。",
          "link": "//game.gtimg.cn/images/yxzj/zlkdatasys/audios/audio/20220411/16496627114254.mp3"
        },
        {
          "text": "三振……出局……",
          "link": "//game.gtimg.cn/images/yxzj/zlkdatasys/audios/audio/20220411/16496628024855.wav"
        },
        {
          "text": "大满贯！",
          "link": "//game.gtimg.cn/images/yxzj/zlkdatasys/audios/audio/20220411/16496628289935.wav"
        },
        {
          "text": "完美的转身一击！",
          "link": "//game.gtimg.cn/images/yxzj/zlkdatasys/audios/audio/20220411/16496628477328.wav"
        },
        {
          "text": "你打球的姿势，哈哈哈哈",
          "link": "//game.gtimg.cn/images/yxzj/zlkdatasys/audios/audio/20220411/16496628768101.wav"
        },
        {
          "text": "哦？这场面好可怕~",
          "link": "//game.gtimg.cn/images/yxzj/zlkdatasys/audios/audio/20220411/16496629001848.wav"
        },
        {
          "text": "这运动精神太感人了",
          "link": "//game.gtimg.cn/images/yxzj/zlkdatasys/audios/audio/20220411/16496629211937.wav"
        },
        {
          "text": "可恶！姐支持的球队怎么会输！",
          "link": "//game.gtimg.cn/images/yxzj/zlkdatasys/audios/audio/20220411/16496629472545.wav"
        },
        {
          "text": "赢了！耶！",
          "link": "//game.gtimg.cn/images/yxzj/zlkdatasys/audios/audio/20220411/16496629705055.wav"
        },
        {
          "text": "这个球，漂亮！",
          "link": "//game.gtimg.cn/images/yxzj/zlkdatasys/audios/audio/20220411/16496629885005.wav"
        },
        {
          "text": "嘿，往这儿打",
          "link": "//game.gtimg.cn/images/yxzj/zlkdatasys/audios/audio/20220411/16496630127432.wav"
        },
        {
          "text": "不不不，别着急要签名",
          "link": "//game.gtimg.cn/images/yxzj/zlkdatasys/audios/audio/20220411/16496630317725.wav"
        },
        {
          "text": "你也能来个全垒打吗",
          "link": "//game.gtimg.cn/images/yxzj/zlkdatasys/audios/audio/20220411/16496630549478.wav"
        },
        {
          "text": "球棒的新玩法~",
          "link": "//game.gtimg.cn/images/yxzj/zlkdatasys/audios/audio/20220411/16496632746158.wav"
        },
        {
          "text": "别看姐是球手，还能跳啦啦舞",
          "link": "//game.gtimg.cn/images/yxzj/zlkdatasys/audios/audio/20220411/16496632975259.wav"
        },
        {
          "text": "常规操作~淡定！",
          "link": "//game.gtimg.cn/images/yxzj/zlkdatasys/audios/audio/20220411/16496633321096.wav"
        },
        {
          "text": "准备好迎接姐的强力打击了吗！",
          "link": "//game.gtimg.cn/images/yxzj/zlkdatasys/audios/audio/20220411/16496633541611.wav"
        }
      ],
      "name": "青春决赛季"
    },
    {
      "voice": [
        {
          "text": "生而无畏，战至终章！",
          "link": "//game.gtimg.cn/images/yxzj/zlkdatasys/audios/audio/20220411/16496635147038.wav"
        },
        {
          "text": "执长缨，死生同，征罢黄尘话封侯！",
          "link": "//game.gtimg.cn/images/yxzj/zlkdatasys/audios/audio/20220411/16496635489389.mp3"
        },
        {
          "text": "我无敌，你随意~",
          "link": "//game.gtimg.cn/images/yxzj/zlkdatasys/audios/audio/20220411/16496635776076.wav"
        },
        {
          "text": "北望雄关万里，壮哉浩荡长风。",
          "link": "//game.gtimg.cn/images/yxzj/zlkdatasys/audios/audio/20220411/16496636062780.wav"
        },
        {
          "text": "守卫吾土之战，本将军义不容辞。",
          "link": "//game.gtimg.cn/images/yxzj/zlkdatasys/audios/audio/20220411/16496636355697.wav"
        },
        {
          "text": "你们带线，我来团！",
          "link": "//game.gtimg.cn/images/yxzj/zlkdatasys/audios/audio/20220411/16496716554630.wav"
        },
        {
          "text": "但使龙城飞将在！",
          "link": "//game.gtimg.cn/images/yxzj/zlkdatasys/audios/audio/20220411/16496637953713.wav"
        },
        {
          "text": "战心未已……",
          "link": "//game.gtimg.cn/images/yxzj/zlkdatasys/audios/audio/20220411/16496638232412.wav"
        },
        {
          "text": "列阵！",
          "link": "//game.gtimg.cn/images/yxzj/zlkdatasys/audios/audio/20220411/16496638566556.wav"
        },
        {
          "text": "以我长剑，荡尽九野！",
          "link": "//game.gtimg.cn/images/yxzj/zlkdatasys/audios/audio/20220411/16496638776353.wav"
        },
        {
          "text": "战无不克！",
          "link": "//game.gtimg.cn/images/yxzj/zlkdatasys/audios/audio/20220411/16496638963823.wav"
        },
        {
          "text": "我已经无敌了！",
          "link": "//game.gtimg.cn/images/yxzj/zlkdatasys/audios/audio/20220411/16496639258808.wav"
        },
        {
          "text": "别逼我睁开眼睛跟你打~",
          "link": "//game.gtimg.cn/images/yxzj/zlkdatasys/audios/audio/20220411/16496639469590.wav"
        },
        {
          "text": "没有我们征服不了的战场！",
          "link": "//game.gtimg.cn/images/yxzj/zlkdatasys/audios/audio/20220411/16496639678000.wav"
        }
      ],
      "name": "冠军飞将"
    },
    {
      "voice": [
        {
          "text": "极致燃烧的狩魂，挥舞屠龙之刃！",
          "link": "//game.gtimg.cn/images/yxzj/zlkdatasys/audios/audio/20220411/16496644059268.mp3"
        },
        {
          "text": "本行三件事：猎龙，驯龙，调教龙",
          "link": "//game.gtimg.cn/images/yxzj/zlkdatasys/audios/audio/20220411/16496644414494.mp3"
        },
        {
          "text": "水晶啊，让我的掉宝率高些再高些吧！",
          "link": "//game.gtimg.cn/images/yxzj/zlkdatasys/audios/audio/20220411/16496644778568.mp3"
        },
        {
          "text": "最成功的龙骑士，只刷掉率最低的那条龙！",
          "link": "//game.gtimg.cn/images/yxzj/zlkdatasys/audios/audio/20220411/16496645097203.mp3"
        },
        {
          "text": "猫车来得太快，就像龙卷风",
          "link": "//game.gtimg.cn/images/yxzj/zlkdatasys/audios/audio/20220411/16496645378876.wav"
        },
        {
          "text": "大龙保护计划，让峡谷永远只有一条大龙",
          "link": "//game.gtimg.cn/images/yxzj/zlkdatasys/audios/audio/20220411/16496645784605.wav"
        },
        {
          "text": "小白龙，别躲在战争迷雾里玩捉迷藏了，乖乖做姐的新宠物吧",
          "link": "//game.gtimg.cn/images/yxzj/zlkdatasys/audios/audio/20220411/16496646177806.mp3"
        },
        {
          "text": "大剑停龙车，乃我等调戏巨龙的祖传绝技。",
          "link": "//game.gtimg.cn/images/yxzj/zlkdatasys/audios/audio/20220411/16496646651566.mp3"
        },
        {
          "text": "猫车说到就到~",
          "link": "//game.gtimg.cn/images/yxzj/zlkdatasys/audios/audio/20220411/16496646922802.wav"
        },
        {
          "text": "自尊心破坏专用！",
          "link": "//game.gtimg.cn/images/yxzj/zlkdatasys/audios/audio/20220411/16496647217949.wav"
        },
        {
          "text": "龙灭斩~",
          "link": "//game.gtimg.cn/images/yxzj/zlkdatasys/audios/audio/20220411/16496647579804.wav"
        },
        {
          "text": "看我断尾神技！",
          "link": "//game.gtimg.cn/images/yxzj/zlkdatasys/audios/audio/20220411/16496647978020.wav"
        },
        {
          "text": "神速推倒！",
          "link": "//game.gtimg.cn/images/yxzj/zlkdatasys/audios/audio/20220411/16496648181534.wav"
        },
        {
          "text": "斩味上升！",
          "link": "//game.gtimg.cn/images/yxzj/zlkdatasys/audios/audio/20220411/16496648478673.wav"
        },
        {
          "text": "奥义：猛龙过不了江",
          "link": "//game.gtimg.cn/images/yxzj/zlkdatasys/audios/audio/20220411/16496648659312.wav"
        },
        {
          "text": "你眼中的自己是条猛龙。我眼中的你是欠缺调教的蚯蚓宝宝。",
          "link": "//game.gtimg.cn/images/yxzj/zlkdatasys/audios/audio/20220411/16496648945503.mp3"
        }
      ],
      "name": "水晶猎龙者"
    },
    {
      "voice": [
        {
          "text": "就是控制不住要选人家，对吗？",
          "link": "//game.gtimg.cn/images/yxzj/zlkdatasys/audios/audio/20220411/16496650169282.wav"
        },
        {
          "text": "有时候是看板娘，有时候是封面女郎。",
          "link": "//game.gtimg.cn/images/yxzj/zlkdatasys/audios/audio/20220411/16496650577550.wav"
        },
        {
          "text": "没错，我在诱惑你",
          "link": "//game.gtimg.cn/images/yxzj/zlkdatasys/audios/audio/20220411/16496651075452.wav"
        },
        {
          "text": "从来下限是路人，啊，说对面呢！",
          "link": "//game.gtimg.cn/images/yxzj/zlkdatasys/audios/audio/20220411/16496651313298.wav"
        },
        {
          "text": "也很百变，也很善变~",
          "link": "//game.gtimg.cn/images/yxzj/zlkdatasys/audios/audio/20220411/16496651573198.wav"
        },
        {
          "text": "你们的心不够纯洁，怪我咯。",
          "link": "//game.gtimg.cn/images/yxzj/zlkdatasys/audios/audio/20220411/16496652081162.wav"
        },
        {
          "text": "有我在，对面没有机会集中精力！",
          "link": "//game.gtimg.cn/images/yxzj/zlkdatasys/audios/audio/20220411/16496652589148.wav"
        },
        {
          "text": "一点都不可爱！",
          "link": "//game.gtimg.cn/images/yxzj/zlkdatasys/audios/audio/20220411/16496652802693.wav"
        },
        {
          "text": "喂，看哪儿呢！",
          "link": "//game.gtimg.cn/images/yxzj/zlkdatasys/audios/audio/20220411/16496653178233.wav"
        },
        {
          "text": "太糟糕的搭讪！",
          "link": "//game.gtimg.cn/images/yxzj/zlkdatasys/audios/audio/20220411/16496654342099.wav"
        },
        {
          "text": "火辣的一击！",
          "link": "//game.gtimg.cn/images/yxzj/zlkdatasys/audios/audio/20220411/16496654639265.wav"
        },
        {
          "text": "服务要热情",
          "link": "//game.gtimg.cn/images/yxzj/zlkdatasys/audios/audio/20220411/16496654872506.wav"
        },
        {
          "text": "欢迎光临",
          "link": "//game.gtimg.cn/images/yxzj/zlkdatasys/audios/audio/20220411/16496655088740.wav"
        },
        {
          "text": "对面的走位，哈哈哈哈哈",
          "link": "//game.gtimg.cn/images/yxzj/zlkdatasys/audios/audio/20220411/16496655476315.mp3"
        },
        {
          "text": "这操作，真令人害怕",
          "link": "//game.gtimg.cn/images/yxzj/zlkdatasys/audios/audio/20220411/16496655742119.wav"
        },
        {
          "text": "感人的电影情节",
          "link": "//game.gtimg.cn/images/yxzj/zlkdatasys/audios/audio/20220411/16496656107718.mp3"
        },
        {
          "text": "以为人家好欺负吗",
          "link": "//game.gtimg.cn/images/yxzj/zlkdatasys/audios/audio/20220411/16496656453297.wav"
        },
        {
          "text": "打的不错嘛。",
          "link": "//game.gtimg.cn/images/yxzj/zlkdatasys/audios/audio/20220411/16496656726396.wav"
        },
        {
          "text": "嘿，看这，看这！",
          "link": "//game.gtimg.cn/images/yxzj/zlkdatasys/audios/audio/20220411/16496656929053.wav"
        },
        {
          "text": "啊，啊，拒绝签名合影。",
          "link": "//game.gtimg.cn/images/yxzj/zlkdatasys/audios/audio/20220411/16496657132372.wav"
        },
        {
          "text": "怎么？想挑战我。",
          "link": "//game.gtimg.cn/images/yxzj/zlkdatasys/audios/audio/20220411/16496657341582.wav"
        },
        {
          "text": "其实我的特长是杂技，啊。",
          "link": "//game.gtimg.cn/images/yxzj/zlkdatasys/audios/audio/20220411/16496657781713.mp3"
        },
        {
          "text": "舞蹈风格，绝不是软绵绵的。",
          "link": "//game.gtimg.cn/images/yxzj/zlkdatasys/audios/audio/20220411/16496658074634.wav"
        },
        {
          "text": "该付小费罗！",
          "link": "//game.gtimg.cn/images/yxzj/zlkdatasys/audios/audio/20220411/16496658446544.wav"
        },
        {
          "text": "这长长的账单，都是各位欠的小费哟~~",
          "link": "//game.gtimg.cn/images/yxzj/zlkdatasys/audios/audio/20220411/16496658746538.wav"
        }
      ],
      "name": "兔女郎"
    },
    {
      "voice": [
        {
          "text": "麒麟踏祥云，人间百难消！",
          "link": "//game.gtimg.cn/images/yxzj/zlkdatasys/audios/audio/20220411/16496677425651.mp3"
        },
        {
          "text": "临兵斗者皆阵列前行！",
          "link": "//game.gtimg.cn/images/yxzj/zlkdatasys/audios/audio/20220411/16496677681483.wav"
        },
        {
          "text": "人都到齐了么？",
          "link": "//game.gtimg.cn/images/yxzj/zlkdatasys/audios/audio/20220411/16496677955798.wav"
        },
        {
          "text": "屈服于我，建立契约",
          "link": "//game.gtimg.cn/images/yxzj/zlkdatasys/audios/audio/20220411/16496678179688.wav"
        },
        {
          "text": "野孩子收留爱好者",
          "link": "//game.gtimg.cn/images/yxzj/zlkdatasys/audios/audio/20220411/16496678496242.wav"
        },
        {
          "text": "点兵点将！都给我站好！",
          "link": "//game.gtimg.cn/images/yxzj/zlkdatasys/audios/audio/20220411/16496678743545.wav"
        },
        {
          "text": "时势造英雄~英雄亦造时势。",
          "link": "//game.gtimg.cn/images/yxzj/zlkdatasys/audios/audio/20220411/16496679105073.mp3"
        },
        {
          "text": "云彩是神圣之物。",
          "link": "//game.gtimg.cn/images/yxzj/zlkdatasys/audios/audio/20220411/16496679384564.wav"
        },
        {
          "text": "别哭……我会再次降临。",
          "link": "//game.gtimg.cn/images/yxzj/zlkdatasys/audios/audio/20220411/16496679832095.mp3"
        },
        {
          "text": "神兽不发威，当我是锦鲤？",
          "link": "//game.gtimg.cn/images/yxzj/zlkdatasys/audios/audio/20220411/16496680233161.wav"
        },
        {
          "text": "鬼魅降服！",
          "link": "//game.gtimg.cn/images/yxzj/zlkdatasys/audios/audio/20220411/16496680465887.wav"
        },
        {
          "text": "太平无忧！",
          "link": "//game.gtimg.cn/images/yxzj/zlkdatasys/audios/audio/20220411/16496680654681.wav"
        },
        {
          "text": "没有我们征服不了的战场！",
          "link": "//game.gtimg.cn/images/yxzj/zlkdatasys/audios/audio/20220411/16496680861284.wav"
        },
        {
          "text": "无人可见，无人能敌！",
          "link": "//game.gtimg.cn/images/yxzj/zlkdatasys/audios/audio/20220411/16496681171000.wav"
        },
        {
          "text": "你有麒麟臂，我有麒麟力。",
          "link": "//game.gtimg.cn/images/yxzj/zlkdatasys/audios/audio/20220411/16496681387301.wav"
        }
      ],
      "name": "瑞麟志"
    },
    {
      "voice": [
        {
          "text": "玫瑰行动的结局？就是你看到的这样~",
          "link": "//game.gtimg.cn/images/yxzj/zlkdatasys/audios/audio/20220414/16499337347709.mp3"
        },
        {
          "text": "不敢露出真容的人，可没资格成为我的对手。",
          "link": "//game.gtimg.cn/images/yxzj/zlkdatasys/audios/audio/20220414/16499337203967.mp3"
        },
        {
          "text": "唯有星河，辉映夜色。",
          "link": "//game.gtimg.cn/images/yxzj/zlkdatasys/audios/audio/20220414/16499337628388.mp3"
        },
        {
          "text": "曾经的传奇？现在又怎么样。",
          "link": "//game.gtimg.cn/images/yxzj/zlkdatasys/audios/audio/20220411/16496684596282.wav"
        },
        {
          "text": "别多想，对你的调查只是任务前提。",
          "link": "//game.gtimg.cn/images/yxzj/zlkdatasys/audios/audio/20220411/16496684884952.mp3"
        },
        {
          "text": "没有碍事的家伙，这次任务会很容易~",
          "link": "//game.gtimg.cn/images/yxzj/zlkdatasys/audios/audio/20220411/16496685092833.wav"
        },
        {
          "text": "奉献你的心，但不要让我保管。",
          "link": "//game.gtimg.cn/images/yxzj/zlkdatasys/audios/audio/20220411/16496685335160.wav"
        },
        {
          "text": "不是没有距离，只是偶尔默契。",
          "link": "//game.gtimg.cn/images/yxzj/zlkdatasys/audios/audio/20220411/16496685723737.wav"
        },
        {
          "text": "玫瑰隐含的信息，看起来没有答案。",
          "link": "//game.gtimg.cn/images/yxzj/zlkdatasys/audios/audio/20220411/16496686234283.wav"
        },
        {
          "text": "喂，你挡路了。",
          "link": "//game.gtimg.cn/images/yxzj/zlkdatasys/audios/audio/20220411/16496686536526.wav"
        },
        {
          "text": "行动方案，万无一失。",
          "link": "//game.gtimg.cn/images/yxzj/zlkdatasys/audios/audio/20220411/16496687239574.wav"
        },
        {
          "text": "永远都有B计划。",
          "link": "//game.gtimg.cn/images/yxzj/zlkdatasys/audios/audio/20220411/16496687685670.wav"
        },
        {
          "text": "行动，失败……",
          "link": "//game.gtimg.cn/images/yxzj/zlkdatasys/audios/audio/20220411/16496687943597.wav"
        },
        {
          "text": "这画面太感人了！",
          "link": "//game.gtimg.cn/images/yxzj/zlkdatasys/audios/audio/20220411/16496688285854.wav"
        },
        {
          "text": "哟~想跟我比试比试？",
          "link": "//game.gtimg.cn/images/yxzj/zlkdatasys/audios/audio/20220411/16496688479033.wav"
        },
        {
          "text": "居然敢抢我的任务目标！",
          "link": "//game.gtimg.cn/images/yxzj/zlkdatasys/audios/audio/20220411/16496688666224.wav"
        },
        {
          "text": "给你展示一下高端操作~",
          "link": "//game.gtimg.cn/images/yxzj/zlkdatasys/audios/audio/20220411/16496688834924.wav"
        },
        {
          "text": "好！训练得不错",
          "link": "//game.gtimg.cn/images/yxzj/zlkdatasys/audios/audio/20220411/16496689153474.wav"
        },
        {
          "text": "快把黑暗料理拿走",
          "link": "//game.gtimg.cn/images/yxzj/zlkdatasys/audios/audio/20220411/16496689346500.wav"
        },
        {
          "text": "对面的身手，哼呵",
          "link": "//game.gtimg.cn/images/yxzj/zlkdatasys/audios/audio/20220411/16496689527836.wav"
        },
        {
          "text": "这操作......真令人害怕",
          "link": "//game.gtimg.cn/images/yxzj/zlkdatasys/audios/audio/20220411/16496689759606.wav"
        },
        {
          "text": "嗯，我可是无人能敌的！",
          "link": "//game.gtimg.cn/images/yxzj/zlkdatasys/audios/audio/20220411/16496689944863.wav"
        },
        {
          "text": "来吧，认识一下",
          "link": "//game.gtimg.cn/images/yxzj/zlkdatasys/audios/audio/20220411/16496693427769.wav"
        },
        {
          "text": "就算在舞会，我也是c位",
          "link": "//game.gtimg.cn/images/yxzj/zlkdatasys/audios/audio/20220411/16496693611688.wav"
        },
        {
          "text": "任务目标，确认击败！",
          "link": "//game.gtimg.cn/images/yxzj/zlkdatasys/audios/audio/20220411/16496693892165.wav"
        },
        {
          "text": "你在教我做事。",
          "link": "//game.gtimg.cn/images/yxzj/zlkdatasys/audios/audio/20220411/16496694173149.wav"
        },
        {
          "text": "我很强这件事，与输赢无关。",
          "link": "//game.gtimg.cn/images/yxzj/zlkdatasys/audios/audio/20220411/16496694567990.wav"
        },
        {
          "text": "再不快点，就永远追不上咯~",
          "link": "//game.gtimg.cn/images/yxzj/zlkdatasys/audios/audio/20220414/16499337847570.mp3"
        }
      ],
      "name": "默契交锋"
    },
    {
      "voice": [
        {
          "text": "天命玄鸟，灵泽八方！",
          "link": "//game.gtimg.cn/images/yxzj/zlkdatasys/audios/audio/20220627/16563254406946.wav"
        },
        {
          "text": "尽销九州兵甲，铸作天地明光！",
          "link": "//game.gtimg.cn/images/yxzj/zlkdatasys/audios/audio/20220627/16563254624084.wav"
        },
        {
          "text": "止戈为武，四海承平。神辉所至，福佑生人。",
          "link": "//game.gtimg.cn/images/yxzj/zlkdatasys/audios/audio/20220627/16563254864475.wav"
        },
        {
          "text": "剑出破混沌，剑落定乾坤",
          "link": "//game.gtimg.cn/images/yxzj/zlkdatasys/audios/audio/20220627/16563255675352.wav"
        },
        {
          "text": "一问为天命，二问为苍生",
          "link": "//game.gtimg.cn/images/yxzj/zlkdatasys/audios/audio/20220627/16563256036157.wav"
        },
        {
          "text": "但见沙场功勋，转瞬化做尘与土",
          "link": "//game.gtimg.cn/images/yxzj/zlkdatasys/audios/audio/20220627/16563256281681.wav"
        },
        {
          "text": "历数兵家胜负，不过逐水东流去",
          "link": "//game.gtimg.cn/images/yxzj/zlkdatasys/audios/audio/20220627/16563256518872.wav"
        },
        {
          "text": "日月经天，河海带地",
          "link": "//game.gtimg.cn/images/yxzj/zlkdatasys/audios/audio/20220627/16563256867851.wav"
        },
        {
          "text": "人心和气，天地莫及",
          "link": "//game.gtimg.cn/images/yxzj/zlkdatasys/audios/audio/20220627/16563257115547.wav"
        },
        {
          "text": "宁焚此心，以耀千秋之义",
          "link": "//game.gtimg.cn/images/yxzj/zlkdatasys/audios/audio/20220627/16563257322102.wav"
        },
        {
          "text": "愿舍此身，镇守万岁太平",
          "link": "//game.gtimg.cn/images/yxzj/zlkdatasys/audios/audio/20220627/16563257496166.wav"
        },
        {
          "text": "于诸般私念之外，立人间正道",
          "link": "//game.gtimg.cn/images/yxzj/zlkdatasys/audios/audio/20220627/16563257664195.wav"
        },
        {
          "text": "悬寂寂长夜之中，渡征人归途",
          "link": "//game.gtimg.cn/images/yxzj/zlkdatasys/audios/audio/20220627/16563257852444.wav"
        },
        {
          "text": "天理有知……",
          "link": "//game.gtimg.cn/images/yxzj/zlkdatasys/audios/audio/20220627/16563258154388.wav"
        },
        {
          "text": "众生何辜……",
          "link": "//game.gtimg.cn/images/yxzj/zlkdatasys/audios/audio/20220627/16563258348426.wav"
        },
        {
          "text": "金羽 焚火！",
          "link": "//game.gtimg.cn/images/yxzj/zlkdatasys/audios/audio/20220628/16563847098941.wav"
        },
        {
          "text": "裂空！",
          "link": "//game.gtimg.cn/images/yxzj/zlkdatasys/audios/audio/20220627/16563259751069.wav"
        },
        {
          "text": "神辉 普照！",
          "link": "//game.gtimg.cn/images/yxzj/zlkdatasys/audios/audio/20220628/16563847246181.wav"
        },
        {
          "text": "碧翎跃波！",
          "link": "//game.gtimg.cn/images/yxzj/zlkdatasys/audios/audio/20220627/16563260195988.wav"
        },
        {
          "text": "诸邪退避！",
          "link": "//game.gtimg.cn/images/yxzj/zlkdatasys/audios/audio/20220627/16563260359830.wav"
        },
        {
          "text": "玄鸟来吟！",
          "link": "//game.gtimg.cn/images/yxzj/zlkdatasys/audios/audio/20220627/16563260544771.wav"
        },
        {
          "text": "剑指——所向无前！",
          "link": "//game.gtimg.cn/images/yxzj/zlkdatasys/audios/audio/20220627/16563260914701.wav"
        },
        {
          "text": "月落九幽！",
          "link": "//game.gtimg.cn/images/yxzj/zlkdatasys/audios/audio/20220627/16563261195458.wav"
        },
        {
          "text": "皓皓，如朗月之华！",
          "link": "//game.gtimg.cn/images/yxzj/zlkdatasys/audios/audio/20220627/16563261392355.wav"
        },
        {
          "text": "昭昭，若炽日之晖！",
          "link": "//game.gtimg.cn/images/yxzj/zlkdatasys/audios/audio/20220627/16563261626362.wav"
        },
        {
          "text": "执日月！",
          "link": "//game.gtimg.cn/images/yxzj/zlkdatasys/audios/audio/20220627/16563261916022.wav"
        },
        {
          "text": "掌苍冥！",
          "link": "//game.gtimg.cn/images/yxzj/zlkdatasys/audios/audio/20220627/16563262102411.wav"
        },
        {
          "text": "荡八方烽火！",
          "link": "//game.gtimg.cn/images/yxzj/zlkdatasys/audios/audio/20220627/16563262394508.wav"
        },
        {
          "text": "退四海狼烟！",
          "link": "//game.gtimg.cn/images/yxzj/zlkdatasys/audios/audio/20220627/16563262552487.wav"
        },
        {
          "text": "何人，胆敢大动干戈？",
          "link": "//game.gtimg.cn/images/yxzj/zlkdatasys/audios/audio/20220627/16563262701222.wav"
        },
        {
          "text": "尔等，当执玉帛再相见！",
          "link": "//game.gtimg.cn/images/yxzj/zlkdatasys/audios/audio/20220627/16563262901555.wav"
        },
        {
          "text": "晨昏轮转，焰光不减！",
          "link": "//game.gtimg.cn/images/yxzj/zlkdatasys/audios/audio/20220627/16563263323328.wav"
        },
        {
          "text": "一尺寒月碎铁衣！",
          "link": "//game.gtimg.cn/images/yxzj/zlkdatasys/audios/audio/20220627/16563263517304.wav"
        },
        {
          "text": "日光所及，皆尊我号令！",
          "link": "//game.gtimg.cn/images/yxzj/zlkdatasys/audios/audio/20220627/16563263716656.wav"
        },
        {
          "text": "今日鸣金，再无战事！",
          "link": "//game.gtimg.cn/images/yxzj/zlkdatasys/audios/audio/20220627/16563263988529.wav"
        },
        {
          "text": "此夜罢鼓，大可安眠~",
          "link": "//game.gtimg.cn/images/yxzj/zlkdatasys/audios/audio/20220627/16563264156060.wav"
        },
        {
          "text": "非不能战，实不应为",
          "link": "//game.gtimg.cn/images/yxzj/zlkdatasys/audios/audio/20220627/16563265005541.wav"
        },
        {
          "text": "犹记人间阵前舞",
          "link": "//game.gtimg.cn/images/yxzj/zlkdatasys/audios/audio/20220627/16563265382726.wav"
        },
        {
          "text": "神兵要诀，不可强求！",
          "link": "//game.gtimg.cn/images/yxzj/zlkdatasys/audios/audio/20220627/16563265759876.wav"
        },
        {
          "text": "匹夫之勇！",
          "link": "//game.gtimg.cn/images/yxzj/zlkdatasys/audios/audio/20220628/16563847682756.wav"
        },
        {
          "text": "既有兵戈未止，当思虑不息",
          "link": "//game.gtimg.cn/images/yxzj/zlkdatasys/audios/audio/20220627/16563266193279.wav"
        },
        {
          "text": "水深激激，薄苇冥冥",
          "link": "//game.gtimg.cn/images/yxzj/zlkdatasys/audios/audio/20220627/16563266398551.wav"
        },
        {
          "text": "悠悠羌笛岂忍闻？",
          "link": "//game.gtimg.cn/images/yxzj/zlkdatasys/audios/audio/20220627/16563266573073.wav"
        },
        {
          "text": "休兵按甲，天地同愿",
          "link": "//game.gtimg.cn/images/yxzj/zlkdatasys/audios/audio/20220627/16563266748861.wav"
        },
        {
          "text": "平衡之法，亦如日升月落",
          "link": "//game.gtimg.cn/images/yxzj/zlkdatasys/audios/audio/20220627/16563266889227.wav"
        },
        {
          "text": "人间百年，诸事皆安？",
          "link": "//game.gtimg.cn/images/yxzj/zlkdatasys/audios/audio/20220627/16563267749763.wav"
        },
        {
          "text": "百川归海，时和岁丰",
          "link": "//game.gtimg.cn/images/yxzj/zlkdatasys/audios/audio/20220627/16563267948001.wav"
        },
        {
          "text": "俯察休明之盛世！",
          "link": "//game.gtimg.cn/images/yxzj/zlkdatasys/audios/audio/20220627/16563268098271.wav"
        },
        {
          "text": "双剑凌云，重剑独绝",
          "link": "//game.gtimg.cn/images/yxzj/zlkdatasys/audios/audio/20220627/16563268256099.wav"
        }
      ],
      "name": "九霄神辉"
    },
    {
      "voice": [
        {
          "text": "冲破命运桎梏，唱响宇宙强音！",
          "link": "//game.gtimg.cn/images/yxzj/zlkdatasys/audios/audio/20230321/16793681142946.mp3"
        },
        {
          "text": "音浪所至，星辰再起。",
          "link": "//game.gtimg.cn/images/yxzj/zlkdatasys/audios/audio/20230321/16793681302462.mp3"
        },
        {
          "text": "用歌声点燃天穹，以星尘重续梦想。",
          "link": "//game.gtimg.cn/images/yxzj/zlkdatasys/audios/audio/20230321/16793681406957.mp3"
        },
        {
          "text": "传奇落幕？但歌声不会因此结束。",
          "link": "//game.gtimg.cn/images/yxzj/zlkdatasys/audios/audio/20230321/16793647793719.mp3"
        },
        {
          "text": "把失去的，用另一种方式找回。",
          "link": "//game.gtimg.cn/images/yxzj/zlkdatasys/audios/audio/20230321/16793648002289.mp3"
        },
        {
          "text": "看见那颗红巨星了吗？越是接近毁灭，越是燃得明亮。",
          "link": "//game.gtimg.cn/images/yxzj/zlkdatasys/audios/audio/20230321/16793648259846.mp3"
        },
        {
          "text": "曾见过黑洞吞噬所有，唯独勇气熠熠生光。",
          "link": "//game.gtimg.cn/images/yxzj/zlkdatasys/audios/audio/20230321/16793648501504.mp3"
        },
        {
          "text": "逆境无声，更要唱得响亮。",
          "link": "//game.gtimg.cn/images/yxzj/zlkdatasys/audios/audio/20230321/16793648723366.mp3"
        },
        {
          "text": "命运是个欺软怕硬的家伙，要扼住它的咽喉向前。",
          "link": "//game.gtimg.cn/images/yxzj/zlkdatasys/audios/audio/20230321/16793648992725.mp3"
        },
        {
          "text": "音乐，让我是我。",
          "link": "//game.gtimg.cn/images/yxzj/zlkdatasys/audios/audio/20230321/16793649214942.mp3"
        },
        {
          "text": "毁灭，即新生。",
          "link": "//game.gtimg.cn/images/yxzj/zlkdatasys/audios/audio/20230321/16793649507688.mp3"
        },
        {
          "text": "跃向无限",
          "link": "//game.gtimg.cn/images/yxzj/zlkdatasys/audios/audio/20230321/16793649838376.mp3"
        },
        {
          "text": "推出太空专辑",
          "link": "//game.gtimg.cn/images/yxzj/zlkdatasys/audios/audio/20230321/16793650246876.mp3"
        },
        {
          "text": "记住我的声音",
          "link": "//game.gtimg.cn/images/yxzj/zlkdatasys/audios/audio/20230321/16793650468266.mp3"
        },
        {
          "text": "浩瀚四重奏",
          "link": "//game.gtimg.cn/images/yxzj/zlkdatasys/audios/audio/20230321/16793650702690.mp3"
        },
        {
          "text": "自成一方宇宙",
          "link": "//game.gtimg.cn/images/yxzj/zlkdatasys/audios/audio/20230321/16793651069003.mp3"
        },
        {
          "text": "光弦成谱",
          "link": "//game.gtimg.cn/images/yxzj/zlkdatasys/audios/audio/20230321/16793651234082.mp3"
        },
        {
          "text": "再聚星云，闪耀舞台",
          "link": "//game.gtimg.cn/images/yxzj/zlkdatasys/audios/audio/20230321/16793651571788.mp3"
        },
        {
          "text": "这里可是我的主场！",
          "link": "//game.gtimg.cn/images/yxzj/zlkdatasys/audios/audio/20230321/16793651832198.mp3"
        },
        {
          "text": "沉默，也是一种修养。",
          "link": "//game.gtimg.cn/images/yxzj/zlkdatasys/audios/audio/20230321/16793652121001.mp3"
        },
        {
          "text": "无法左右命运，可就只能被命运左右~",
          "link": "//game.gtimg.cn/images/yxzj/zlkdatasys/audios/audio/20230321/16793652349025.mp3"
        },
        {
          "text": "请遵守音乐会的基本礼仪。",
          "link": "//game.gtimg.cn/images/yxzj/zlkdatasys/audios/audio/20230321/16793652579646.mp3"
        },
        {
          "text": "放弃的人不会知道，他们本可以同样耀眼。",
          "link": "//game.gtimg.cn/images/yxzj/zlkdatasys/audios/audio/20230321/16793652726462.mp3"
        },
        {
          "text": "你很自信嘛~",
          "link": "//game.gtimg.cn/images/yxzj/zlkdatasys/audios/audio/20230321/16793652893910.mp3"
        },
        {
          "text": "不是所有舞步都叫太空步~",
          "link": "//game.gtimg.cn/images/yxzj/zlkdatasys/audios/audio/20230321/16793653064105.mp3"
        },
        {
          "text": "面对它，直到战胜它。",
          "link": "//game.gtimg.cn/images/yxzj/zlkdatasys/audios/audio/20230321/16793653348204.mp3"
        },
        {
          "text": "你的目标太大，全宇宙都装不下。",
          "link": "//game.gtimg.cn/images/yxzj/zlkdatasys/audios/audio/20230321/16793653529930.mp3"
        },
        {
          "text": "人生无需重来。",
          "link": "//game.gtimg.cn/images/yxzj/zlkdatasys/audios/audio/20230321/16793653706244.mp3"
        },
        {
          "text": "一起共赏星河~",
          "link": "//game.gtimg.cn/images/yxzj/zlkdatasys/audios/audio/20230321/16793653852852.mp3"
        },
        {
          "text": "节奏不赖。",
          "link": "//game.gtimg.cn/images/yxzj/zlkdatasys/audios/audio/20230321/16793654011490.mp3"
        },
        {
          "text": "再续新章！",
          "link": "//game.gtimg.cn/images/yxzj/zlkdatasys/audios/audio/20230321/16793654235531.mp3"
        },
        {
          "text": "你的眼中，也有初心闪耀的光。",
          "link": "//game.gtimg.cn/images/yxzj/zlkdatasys/audios/audio/20230321/16793654685558.mp3"
        },
        {
          "text": "相似的灵魂，注定相遇。",
          "link": "//game.gtimg.cn/images/yxzj/zlkdatasys/audios/audio/20230321/16793654905430.mp3"
        },
        {
          "text": "强者，无惧在太空风暴中起舞。",
          "link": "//game.gtimg.cn/images/yxzj/zlkdatasys/audios/audio/20230321/16793655831704.mp3"
        }
      ],
      "name": "燃星之曲"
    }
  ]
}