{
  "data": [
    {
      "voice": [
        {
          "text": "是时候来发炸裂的开场了！",
          "link": "//game.gtimg.cn/images/yxzj/zlkdatasys/audios/audio/20220412/16497667561960.wav"
        },
        {
          "text": "强者恒强！",
          "link": "//game.gtimg.cn/images/yxzj/zlkdatasys/audios/audio/20220412/16497668066301.wav"
        },
        {
          "text": "一把年纪，都活在了拆迁对面这件事上。",
          "link": "//game.gtimg.cn/images/yxzj/zlkdatasys/audios/audio/20220412/16497668168148.wav"
        },
        {
          "text": "彪悍的人生不需要解释。",
          "link": "//game.gtimg.cn/images/yxzj/zlkdatasys/audios/audio/20220412/16497668436079.wav"
        },
        {
          "text": "来自长者的慈爱关怀已进了炮膛，好好感受下温暖！",
          "link": "//game.gtimg.cn/images/yxzj/zlkdatasys/audios/audio/20220412/16497668545643.wav"
        },
        {
          "text": "老兵不死，只会逐渐凋零",
          "link": "//game.gtimg.cn/images/yxzj/zlkdatasys/audios/audio/20220412/16497669068272.wav"
        },
        {
          "text": "优秀的机关，值得以优秀的炮灰擦拭",
          "link": "//game.gtimg.cn/images/yxzj/zlkdatasys/audios/audio/20220412/16497669164473.wav"
        },
        {
          "text": "正义或许会迟到，但绝不会忘记砸到你的头顶",
          "link": "//game.gtimg.cn/images/yxzj/zlkdatasys/audios/audio/20220412/16497669317778.wav"
        },
        {
          "text": "不服老……",
          "link": "//game.gtimg.cn/images/yxzj/zlkdatasys/audios/audio/20220412/16497670689291.wav"
        },
        {
          "text": "摧枯拉朽的力量！",
          "link": "//game.gtimg.cn/images/yxzj/zlkdatasys/audios/audio/20220412/16497670869006.wav"
        },
        {
          "text": "一击入魂！",
          "link": "//game.gtimg.cn/images/yxzj/zlkdatasys/audios/audio/20220412/16497670972674.wav"
        },
        {
          "text": "来吧，互相伤害吧！",
          "link": "//game.gtimg.cn/images/yxzj/zlkdatasys/audios/audio/20220412/16497671112434.wav"
        },
        {
          "text": "将你轰成渣！",
          "link": "//game.gtimg.cn/images/yxzj/zlkdatasys/audios/audio/20220412/16497672006260.wav"
        },
        {
          "text": "看我的大炮不顺眼吗？抱歉，它对你的感受也是如此",
          "link": "//game.gtimg.cn/images/yxzj/zlkdatasys/audios/audio/20220412/16497672175763.wav"
        },
        {
          "text": "在驯兽方面也有着丰富心得",
          "link": "//game.gtimg.cn/images/yxzj/zlkdatasys/audios/audio/20220412/16497672306206.wav"
        },
        {
          "text": "所谓霸道，不就是非法占道吗！看我用炮弹开路！",
          "link": "//game.gtimg.cn/images/yxzj/zlkdatasys/audios/audio/20220412/16497672414191.wav"
        },
        {
          "text": "年龄一点都不重要，关键看生命还剩多长进度条",
          "link": "//game.gtimg.cn/images/yxzj/zlkdatasys/audios/audio/20220412/16497672523148.wav"
        },
        {
          "text": "防水炮台，那可不是吹的！",
          "link": "//game.gtimg.cn/images/yxzj/zlkdatasys/audios/audio/20220412/16497672682439.wav"
        },
        {
          "text": "血肉对炮塔？就喜欢这种不公平的决斗",
          "link": "//game.gtimg.cn/images/yxzj/zlkdatasys/audios/audio/20220412/16497672787980.wav"
        }
      ],
      "name": "原皮"
    },
    {
      "voice": [
        {
          "text": "喜欢这个发色吗？",
          "link": "//game.gtimg.cn/images/yxzj/zlkdatasys/audios/audio/20220412/16497673805751.wav"
        },
        {
          "text": "千锤百炼，这就是老炮！",
          "link": "//game.gtimg.cn/images/yxzj/zlkdatasys/audios/audio/20220412/16497673938257.wav"
        },
        {
          "text": "像几百年前一样年轻！",
          "link": "//game.gtimg.cn/images/yxzj/zlkdatasys/audios/audio/20220412/16497674035718.wav"
        },
        {
          "text": "无论现在是哪个世纪，都是我的世纪。",
          "link": "//game.gtimg.cn/images/yxzj/zlkdatasys/audios/audio/20220412/16497675146663.wav"
        },
        {
          "text": "管它什么设定！",
          "link": "//game.gtimg.cn/images/yxzj/zlkdatasys/audios/audio/20220412/16497675507666.wav"
        },
        {
          "text": "大陆上一半的战火，来自这条右臂。",
          "link": "//game.gtimg.cn/images/yxzj/zlkdatasys/audios/audio/20220412/16497675656834.wav"
        },
        {
          "text": "没有太阳的日子，人靠硝烟取暖。",
          "link": "//game.gtimg.cn/images/yxzj/zlkdatasys/audios/audio/20220412/16497675782628.wav"
        },
        {
          "text": "只有跟兄弟们一块干，才能得到第三套衣服。",
          "link": "//game.gtimg.cn/images/yxzj/zlkdatasys/audios/audio/20220412/16497675878469.wav"
        },
        {
          "text": "永别了，武器。",
          "link": "//game.gtimg.cn/images/yxzj/zlkdatasys/audios/audio/20220412/16497678354960.wav"
        },
        {
          "text": "让你过过瘾！",
          "link": "//game.gtimg.cn/images/yxzj/zlkdatasys/audios/audio/20220418/16502740371744.wav"
        },
        {
          "text": "燃爆了！",
          "link": "//game.gtimg.cn/images/yxzj/zlkdatasys/audios/audio/20220418/16502740668040.wav"
        },
        {
          "text": "这个射程可不远。",
          "link": "//game.gtimg.cn/images/yxzj/zlkdatasys/audios/audio/20220418/16502741036533.wav"
        },
        {
          "text": "除了横扫千军，老夫还能做什么呢？",
          "link": "//game.gtimg.cn/images/yxzj/zlkdatasys/audios/audio/20220418/16502741787564.wav"
        },
        {
          "text": "你说谁跳老年迪斯科？",
          "link": "//game.gtimg.cn/images/yxzj/zlkdatasys/audios/audio/20220418/16502742039525.wav"
        }
      ],
      "name": "烈魂"
    },
    {
      "voice": [
        {
          "text": "钢铁与蒸汽，一种高级的魔法",
          "link": "//game.gtimg.cn/images/yxzj/zlkdatasys/audios/audio/20220415/16499851351887.mp3"
        },
        {
          "text": "干大事前，先饮杯下午茶~",
          "link": "//game.gtimg.cn/images/yxzj/zlkdatasys/audios/audio/20220415/16499851488515.mp3"
        },
        {
          "text": "帽子，有助于随时保持优雅",
          "link": "//game.gtimg.cn/images/yxzj/zlkdatasys/audios/audio/20220415/16499851601220.mp3"
        },
        {
          "text": "爱护淑女，是绅士的品格。",
          "link": "//game.gtimg.cn/images/yxzj/zlkdatasys/audios/audio/20220412/16497684496193.wav"
        },
        {
          "text": "玫瑰与火炮，永不过时的浪漫。",
          "link": "//game.gtimg.cn/images/yxzj/zlkdatasys/audios/audio/20220412/16497684761754.wav"
        },
        {
          "text": "阴暗的角落，需要炮火来照亮。",
          "link": "//game.gtimg.cn/images/yxzj/zlkdatasys/audios/audio/20220412/16497685026861.wav"
        },
        {
          "text": "血液还在流动，斗志便永不停歇！",
          "link": "//game.gtimg.cn/images/yxzj/zlkdatasys/audios/audio/20220412/16497685572427.wav"
        },
        {
          "text": "来场有风度的对决吧~",
          "link": "//game.gtimg.cn/images/yxzj/zlkdatasys/audios/audio/20220412/16497685708570.wav"
        },
        {
          "text": "女士们先生们，火炮交响开始了~",
          "link": "//game.gtimg.cn/images/yxzj/zlkdatasys/audios/audio/20220412/16497686119503.wav"
        },
        {
          "text": "不要……踩到……我的礼帽……",
          "link": "//game.gtimg.cn/images/yxzj/zlkdatasys/audios/audio/20220412/16497686245413.wav"
        },
        {
          "text": "无知带来的粗暴无礼，这点我可以原谅。",
          "link": "//game.gtimg.cn/images/yxzj/zlkdatasys/audios/audio/20220412/16497687189928.wav"
        },
        {
          "text": "谢谢您的贡献。",
          "link": "//game.gtimg.cn/images/yxzj/zlkdatasys/audios/audio/20220412/16497687395652.wav"
        },
        {
          "text": "荣誉高于一切！",
          "link": "//game.gtimg.cn/images/yxzj/zlkdatasys/audios/audio/20220412/16497687616899.wav"
        },
        {
          "text": "保持风度。",
          "link": "//game.gtimg.cn/images/yxzj/zlkdatasys/audios/audio/20220412/16497687764501.wav"
        },
        {
          "text": "简装上阵。",
          "link": "//game.gtimg.cn/images/yxzj/zlkdatasys/audios/audio/20220412/16497687898738.wav"
        },
        {
          "text": "当心雷区。",
          "link": "//game.gtimg.cn/images/yxzj/zlkdatasys/audios/audio/20220412/16497688187360.wav"
        },
        {
          "text": "注意脚下。",
          "link": "//game.gtimg.cn/images/yxzj/zlkdatasys/audios/audio/20220412/16497688458432.wav"
        },
        {
          "text": "表演一首宏大的轰鸣曲！",
          "link": "//game.gtimg.cn/images/yxzj/zlkdatasys/audios/audio/20220412/16497688594156.wav"
        },
        {
          "text": "坚守绅士的立场！",
          "link": "//game.gtimg.cn/images/yxzj/zlkdatasys/audios/audio/20220412/16497688843014.wav"
        },
        {
          "text": "尝尝复古新风潮！",
          "link": "//game.gtimg.cn/images/yxzj/zlkdatasys/audios/audio/20220412/16497689018079.wav"
        }
      ],
      "name": "火炮绅士"
    }
  ]
}