{
  "data": [
    {
      "voice": [
        {
          "text": "黑色，光明的预演。",
          "link": "//game.gtimg.cn/images/yxzj/zlkdatasys/audios/audio/20220413/16498497391563.mp3"
        },
        {
          "text": "自我之象，犹在镜中。",
          "link": "//game.gtimg.cn/images/yxzj/zlkdatasys/audios/audio/20220413/16498497533785.mp3"
        },
        {
          "text": "阻拦在眼前的，统统打碎就行了。",
          "link": "//game.gtimg.cn/images/yxzj/zlkdatasys/audios/audio/20220408/16494062233740.wav"
        },
        {
          "text": "与世界的搏斗，就是与边界的搏斗。",
          "link": "//game.gtimg.cn/images/yxzj/zlkdatasys/audios/audio/20220408/16494062393273.wav"
        },
        {
          "text": "第一个和最后一个敌人，都是自己。",
          "link": "//game.gtimg.cn/images/yxzj/zlkdatasys/audios/audio/20220408/16494062626881.wav"
        },
        {
          "text": "亿万片碎裂的镜子，亿万个辉煌的太阳。",
          "link": "//game.gtimg.cn/images/yxzj/zlkdatasys/audios/audio/20220408/16494062959127.wav"
        },
        {
          "text": "见血的事情，交给黑暗里的人就够了。",
          "link": "//game.gtimg.cn/images/yxzj/zlkdatasys/audios/audio/20220408/16494063175071.wav"
        },
        {
          "text": "选择，真是奢侈。",
          "link": "//game.gtimg.cn/images/yxzj/zlkdatasys/audios/audio/20220408/16494063335936.wav"
        },
        {
          "text": "珍惜痛苦吧，它表示你还活着。",
          "link": "//game.gtimg.cn/images/yxzj/zlkdatasys/audios/audio/20220408/16494063597706.wav"
        },
        {
          "text": "朝高处看。",
          "link": "//game.gtimg.cn/images/yxzj/zlkdatasys/audios/audio/20220408/16494063784135.wav"
        },
        {
          "text": "行动。",
          "link": "//game.gtimg.cn/images/yxzj/zlkdatasys/audios/audio/20220408/16494066556767.wav"
        },
        {
          "text": "我们上！",
          "link": "//game.gtimg.cn/images/yxzj/zlkdatasys/audios/audio/20220408/16494066762417.wav"
        },
        {
          "text": "超越。",
          "link": "//game.gtimg.cn/images/yxzj/zlkdatasys/audios/audio/20220408/16494066918979.wav"
        },
        {
          "text": "碎裂万千",
          "link": "//game.gtimg.cn/images/yxzj/zlkdatasys/audios/audio/20220408/16494067071473.wav"
        },
        {
          "text": "永在彼处",
          "link": "//game.gtimg.cn/images/yxzj/zlkdatasys/audios/audio/20220408/16494067264190.wav"
        },
        {
          "text": "粉碎他们！",
          "link": "//game.gtimg.cn/images/yxzj/zlkdatasys/audios/audio/20220408/16494067362557.wav"
        },
        {
          "text": "双重割裂！",
          "link": "//game.gtimg.cn/images/yxzj/zlkdatasys/audios/audio/20220408/16494067679798.wav"
        },
        {
          "text": "不堪一击。",
          "link": "//game.gtimg.cn/images/yxzj/zlkdatasys/audios/audio/20220408/16494067847239.wav"
        },
        {
          "text": "溺死在幻想中吧。",
          "link": "//game.gtimg.cn/images/yxzj/zlkdatasys/audios/audio/20220408/16494068006518.wav"
        },
        {
          "text": "永别了！",
          "link": "//game.gtimg.cn/images/yxzj/zlkdatasys/audios/audio/20220408/16494068202813.wav"
        },
        {
          "text": "他们死得很不简单。",
          "link": "//game.gtimg.cn/images/yxzj/zlkdatasys/audios/audio/20220408/16494068527808.wav"
        },
        {
          "text": "你在镜子里看到自己的死期了吗",
          "link": "//game.gtimg.cn/images/yxzj/zlkdatasys/audios/audio/20220408/16494068734312.wav"
        },
        {
          "text": "花里胡哨。",
          "link": "//game.gtimg.cn/images/yxzj/zlkdatasys/audios/audio/20220408/16494068907815.wav"
        },
        {
          "text": "打败我之前，你哪儿也去不了。",
          "link": "//game.gtimg.cn/images/yxzj/zlkdatasys/audios/audio/20220408/16494069071534.wav"
        },
        {
          "text": "我们殊途同归。",
          "link": "//game.gtimg.cn/images/yxzj/zlkdatasys/audios/audio/20220408/16494069286957.wav"
        },
        {
          "text": "到此为止了吗",
          "link": "//game.gtimg.cn/images/yxzj/zlkdatasys/audios/audio/20220408/16494069469973.wav"
        },
        {
          "text": "哼，你还差得远。",
          "link": "//game.gtimg.cn/images/yxzj/zlkdatasys/audios/audio/20220408/16494069629626.wav"
        },
        {
          "text": "静听微风",
          "link": "//game.gtimg.cn/images/yxzj/zlkdatasys/audios/audio/20220408/16494124882267.wav"
        },
        {
          "text": "他们比镜子还脆",
          "link": "//game.gtimg.cn/images/yxzj/zlkdatasys/audios/audio/20220408/16494071971543.wav"
        },
        {
          "text": "我们上！",
          "link": "//game.gtimg.cn/images/yxzj/zlkdatasys/audios/audio/20220408/16494072141691.wav"
        }
      ],
      "name": "原皮"
    },
    {
      "voice": [
        {
          "text": "荣耀加冕 追梦不休！",
          "link": "//game.gtimg.cn/images/yxzj/zlkdatasys/audios/audio/20220415/16500160906122.mp3"
        },
        {
          "text": "在我的领域里，不只是奇迹。",
          "link": "//game.gtimg.cn/images/yxzj/zlkdatasys/audios/audio/20220415/16500161012784.mp3"
        },
        {
          "text": "雾开三象，日月恒长！",
          "link": "//game.gtimg.cn/images/yxzj/zlkdatasys/audios/audio/20220415/16500161179079.mp3"
        },
        {
          "text": "在这个世界，有一束光就能给任何人照亮。",
          "link": "//game.gtimg.cn/images/yxzj/zlkdatasys/audios/audio/20220408/16494080155702.wav"
        },
        {
          "text": "你看到的，正是你所寻求的。",
          "link": "//game.gtimg.cn/images/yxzj/zlkdatasys/audios/audio/20220408/16494082634448.wav"
        },
        {
          "text": "太阳之下，诸世皆影。",
          "link": "//game.gtimg.cn/images/yxzj/zlkdatasys/audios/audio/20220408/16494082814951.wav"
        },
        {
          "text": "无形有声，谓之妖鼓；无云而雨，谓之天泣。",
          "link": "//game.gtimg.cn/images/yxzj/zlkdatasys/audios/audio/20220408/16494088316897.wav"
        },
        {
          "text": "以无止之神，行有止之境。",
          "link": "//game.gtimg.cn/images/yxzj/zlkdatasys/audios/audio/20220408/16494088464376.wav"
        },
        {
          "text": "我们习惯用自己的力量，来把握将至的命运。",
          "link": "//game.gtimg.cn/images/yxzj/zlkdatasys/audios/audio/20220408/16494088603991.wav"
        },
        {
          "text": "我们习惯用力量来决定自己的命运。",
          "link": "//game.gtimg.cn/images/yxzj/zlkdatasys/audios/audio/20220408/16494088761476.wav"
        },
        {
          "text": "勇者抽刃向强者。",
          "link": "//game.gtimg.cn/images/yxzj/zlkdatasys/audios/audio/20220408/16494089375660.wav"
        },
        {
          "text": "迷途即离别。",
          "link": "//game.gtimg.cn/images/yxzj/zlkdatasys/audios/audio/20220408/16494089947612.wav"
        },
        {
          "text": "哼，就这？",
          "link": "//game.gtimg.cn/images/yxzj/zlkdatasys/audios/audio/20220408/16494090386851.wav"
        },
        {
          "text": "人世悲苦，莫再萦怀。",
          "link": "//game.gtimg.cn/images/yxzj/zlkdatasys/audios/audio/20220408/16494091388226.wav"
        },
        {
          "text": "来吧，选一条向死之外的路。",
          "link": "//game.gtimg.cn/images/yxzj/zlkdatasys/audios/audio/20220408/16494091569069.wav"
        },
        {
          "text": "去信仰引领的世界，决胜一切！",
          "link": "//game.gtimg.cn/images/yxzj/zlkdatasys/audios/audio/20220408/16494091749262.wav"
        },
        {
          "text": "不过如此。",
          "link": "//game.gtimg.cn/images/yxzj/zlkdatasys/audios/audio/20220408/16494092613244.wav"
        },
        {
          "text": "相逢在，共同命运的尽头。",
          "link": "//game.gtimg.cn/images/yxzj/zlkdatasys/audios/audio/20220408/16494092799671.wav"
        },
        {
          "text": "破命。",
          "link": "//game.gtimg.cn/images/yxzj/zlkdatasys/audios/audio/20220408/16494093003485.wav"
        },
        {
          "text": "神启。",
          "link": "//game.gtimg.cn/images/yxzj/zlkdatasys/audios/audio/20220408/16494093246243.wav"
        },
        {
          "text": "东方既明！",
          "link": "//game.gtimg.cn/images/yxzj/zlkdatasys/audios/audio/20220408/16494095081606.wav"
        },
        {
          "text": "怀八荒，入九重！",
          "link": "//game.gtimg.cn/images/yxzj/zlkdatasys/audios/audio/20220408/16494095224456.wav"
        },
        {
          "text": "日月安属！",
          "link": "//game.gtimg.cn/images/yxzj/zlkdatasys/audios/audio/20220408/16494096352337.wav"
        },
        {
          "text": "列星安陈！",
          "link": "//game.gtimg.cn/images/yxzj/zlkdatasys/audios/audio/20220408/16494096479894.wav"
        },
        {
          "text": "行天地令！",
          "link": "//game.gtimg.cn/images/yxzj/zlkdatasys/audios/audio/20220408/16494096619341.wav"
        },
        {
          "text": "日月安属！",
          "link": "//game.gtimg.cn/images/yxzj/zlkdatasys/audios/audio/20220408/16494096824445.wav"
        },
        {
          "text": "列星安陈！",
          "link": "//game.gtimg.cn/images/yxzj/zlkdatasys/audios/audio/20220408/16494096952682.wav"
        },
        {
          "text": "怀八荒，入九重！",
          "link": "//game.gtimg.cn/images/yxzj/zlkdatasys/audios/audio/20220408/16494097127020.wav"
        }
      ],
      "name": "炽阳神光"
    },
    {
      "voice": [
        {
          "text": "任务编号501，情报已获取。(执行者，代号蝶)",
          "link": "//game.gtimg.cn/images/yxzj/zlkdatasys/audios/audio/20220415/16500179116485.mp3"
        },
        {
          "text": "（始于黑夜 ） 归于黑夜",
          "link": "//game.gtimg.cn/images/yxzj/zlkdatasys/audios/audio/20220415/16500178951123.mp3"
        },
        {
          "text": "（消失，或让别人消失。）你只能选择一个答案。",
          "link": "//game.gtimg.cn/images/yxzj/zlkdatasys/audios/audio/20220415/16500179268517.mp3"
        },
        {
          "text": "任务目标，名为Z的武器线索。",
          "link": "//game.gtimg.cn/images/yxzj/zlkdatasys/audios/audio/20220413/16498415708684.wav"
        },
        {
          "text": "有人寄望于遥远的信仰，有人只相信眼前的力量。",
          "link": "//game.gtimg.cn/images/yxzj/zlkdatasys/audios/audio/20220413/16498415864022.wav"
        },
        {
          "text": "再出色的猎手，总有成为猎物的一天。",
          "link": "//game.gtimg.cn/images/yxzj/zlkdatasys/audios/audio/20220413/16498416019974.wav"
        },
        {
          "text": "越是边缘，越是锋利。",
          "link": "//game.gtimg.cn/images/yxzj/zlkdatasys/audios/audio/20220413/16498416148398.wav"
        },
        {
          "text": "光，也有它的影子。",
          "link": "//game.gtimg.cn/images/yxzj/zlkdatasys/audios/audio/20220413/16498416534688.wav"
        },
        {
          "text": "接纳自己，有时比接纳他人更难。",
          "link": "//game.gtimg.cn/images/yxzj/zlkdatasys/audios/audio/20220413/16498416683712.wav"
        },
        {
          "text": "直到替换掉哪个部分，我就不再是我。",
          "link": "//game.gtimg.cn/images/yxzj/zlkdatasys/audios/audio/20220413/16498416825302.wav"
        },
        {
          "text": "计划暂停。",
          "link": "//game.gtimg.cn/images/yxzj/zlkdatasys/audios/audio/20220413/16498416979576.wav"
        },
        {
          "text": "迅速！",
          "link": "//game.gtimg.cn/images/yxzj/zlkdatasys/audios/audio/20220413/16498417127725.wav"
        },
        {
          "text": "（精准）",
          "link": "//game.gtimg.cn/images/yxzj/zlkdatasys/audios/audio/20220413/16498417671644.wav"
        },
        {
          "text": "目标确定！",
          "link": "//game.gtimg.cn/images/yxzj/zlkdatasys/audios/audio/20220413/16498417855248.wav"
        },
        {
          "text": "破茧！",
          "link": "//game.gtimg.cn/images/yxzj/zlkdatasys/audios/audio/20220413/16498417975145.wav"
        },
        {
          "text": "（双生）",
          "link": "//game.gtimg.cn/images/yxzj/zlkdatasys/audios/audio/20220413/16498418135934.wav"
        },
        {
          "text": "我既是我！",
          "link": "//game.gtimg.cn/images/yxzj/zlkdatasys/audios/audio/20220413/16498418308811.wav"
        },
        {
          "text": "击穿虚妄！",
          "link": "//game.gtimg.cn/images/yxzj/zlkdatasys/audios/audio/20220413/16498418443636.wav"
        },
        {
          "text": "无需搭档！",
          "link": "//game.gtimg.cn/images/yxzj/zlkdatasys/audios/audio/20220413/16498418641898.wav"
        },
        {
          "text": "（破碎真实）",
          "link": "//game.gtimg.cn/images/yxzj/zlkdatasys/audios/audio/20220413/16498418808397.wav"
        },
        {
          "text": "（我们就是搭档）",
          "link": "//game.gtimg.cn/images/yxzj/zlkdatasys/audios/audio/20220413/16498418953487.wav"
        },
        {
          "text": "（以蝶之名！）",
          "link": "//game.gtimg.cn/images/yxzj/zlkdatasys/audios/audio/20220413/16498419099995.wav"
        },
        {
          "text": "（瞬光蝶影！）",
          "link": "//game.gtimg.cn/images/yxzj/zlkdatasys/audios/audio/20220413/16498419265760.wav"
        },
        {
          "text": "让开，我不会重复第二遍。",
          "link": "//game.gtimg.cn/images/yxzj/zlkdatasys/audios/audio/20220413/16498422515445.wav"
        },
        {
          "text": "人应当学会和自己告别。",
          "link": "//game.gtimg.cn/images/yxzj/zlkdatasys/audios/audio/20220413/16498422687515.wav"
        },
        {
          "text": "哼，又一个！（继续）",
          "link": "//game.gtimg.cn/images/yxzj/zlkdatasys/audios/audio/20220413/16498422825172.wav"
        },
        {
          "text": "哼，真正的对决（是与自我作战）",
          "link": "//game.gtimg.cn/images/yxzj/zlkdatasys/audios/audio/20220413/16498423002403.wav"
        },
        {
          "text": "没有一种未来是从想象中诞生的（她的意思是，你最好立刻行动）",
          "link": "//game.gtimg.cn/images/yxzj/zlkdatasys/audios/audio/20220413/16498423394834.wav"
        },
        {
          "text": "即刻执行",
          "link": "//game.gtimg.cn/images/yxzj/zlkdatasys/audios/audio/20220413/16498423787810.wav"
        },
        {
          "text": "我亦非我",
          "link": "//game.gtimg.cn/images/yxzj/zlkdatasys/audios/audio/20220413/16498423911117.wav"
        },
        {
          "text": "这几个人的实力，还算可靠（嗯，值得结盟的队友）",
          "link": "//game.gtimg.cn/images/yxzj/zlkdatasys/audios/audio/20220415/16500167197989.wav"
        }
      ],
      "name": "匿光追影者"
    },
    {
      "voice": [
        {
          "text": "迷雾将会覆盖世界……；刺破伪装，窥见真相！",
          "link": "//game.gtimg.cn/images/yxzj/zlkdatasys/audios/audio/20230418/16818131081288.mp3"
        },
        {
          "text": "美丽通常和危险相伴，神秘往往与黑暗共舞。",
          "link": "//game.gtimg.cn/images/yxzj/zlkdatasys/audios/audio/20230418/16818131193755.mp3"
        },
        {
          "text": "你所接触的，只是冰山一角……；畏惧与逃避从不是我的信条。",
          "link": "//game.gtimg.cn/images/yxzj/zlkdatasys/audios/audio/20230418/16818131322982.mp3"
        },
        {
          "text": "世上没有完美的谎言，凡是犯罪必留痕迹。",
          "link": "//game.gtimg.cn/images/yxzj/zlkdatasys/audios/audio/20230418/16818013313992.mp3"
        },
        {
          "text": "平凡只是一座仁慈的孤岛，未知与疯狂才是这个世界的底色。",
          "link": "//game.gtimg.cn/images/yxzj/zlkdatasys/audios/audio/20230418/16818013447984.mp3"
        },
        {
          "text": "玫瑰之心，未被记录在册的异常物品。",
          "link": "//game.gtimg.cn/images/yxzj/zlkdatasys/audios/audio/20230418/16818013618878.mp3"
        },
        {
          "text": "永远对一切存在保持警惕。",
          "link": "//game.gtimg.cn/images/yxzj/zlkdatasys/audios/audio/20230418/16818013746747.mp3"
        },
        {
          "text": "表象不为真，眼见不为实。",
          "link": "//game.gtimg.cn/images/yxzj/zlkdatasys/audios/audio/20230418/16818013882068.mp3"
        },
        {
          "text": "更多危险，通常意味着更多的秘密。",
          "link": "//game.gtimg.cn/images/yxzj/zlkdatasys/audios/audio/20230418/16818014034547.mp3"
        },
        {
          "text": "越是复杂，越有破绽；越不起眼，越发关键。",
          "link": "//game.gtimg.cn/images/yxzj/zlkdatasys/audios/audio/20230418/16818014286383.mp3"
        },
        {
          "text": "躯体可被复制，但心不尽相同。",
          "link": "//game.gtimg.cn/images/yxzj/zlkdatasys/audios/audio/20230418/16818014432087.mp3"
        },
        {
          "text": "不会就此停止……",
          "link": "//game.gtimg.cn/images/yxzj/zlkdatasys/audios/audio/20230418/16818014682227.mp3"
        },
        {
          "text": "去妄",
          "link": "//game.gtimg.cn/images/yxzj/zlkdatasys/audios/audio/20230418/16818014986285.mp3"
        },
        {
          "text": "求真",
          "link": "//game.gtimg.cn/images/yxzj/zlkdatasys/audios/audio/20230418/16818019247359.mp3"
        },
        {
          "text": "破开迷雾",
          "link": "//game.gtimg.cn/images/yxzj/zlkdatasys/audios/audio/20230418/16818015885073.mp3"
        },
        {
          "text": "探异闻",
          "link": "//game.gtimg.cn/images/yxzj/zlkdatasys/audios/audio/20230418/16818016088972.mp3"
        },
        {
          "text": "窥诡秘",
          "link": "//game.gtimg.cn/images/yxzj/zlkdatasys/audios/audio/20230418/16818019653914.mp3"
        },
        {
          "text": "玫瑰不语",
          "link": "//game.gtimg.cn/images/yxzj/zlkdatasys/audios/audio/20230418/16818016562622.mp3"
        },
        {
          "text": "秘密隐藏",
          "link": "//game.gtimg.cn/images/yxzj/zlkdatasys/audios/audio/20230418/16818016969105.mp3"
        },
        {
          "text": "线索易得",
          "link": "//game.gtimg.cn/images/yxzj/zlkdatasys/audios/audio/20230418/16818017431373.mp3"
        },
        {
          "text": "人心难测",
          "link": "//game.gtimg.cn/images/yxzj/zlkdatasys/audios/audio/20230418/16818017588141.mp3"
        },
        {
          "text": "超自然领域",
          "link": "//game.gtimg.cn/images/yxzj/zlkdatasys/audios/audio/20230418/16818017808764.mp3"
        },
        {
          "text": "闲人退场",
          "link": "//game.gtimg.cn/images/yxzj/zlkdatasys/audios/audio/20230418/16818018017133.mp3"
        },
        {
          "text": "我会记住你的遗言。",
          "link": "//game.gtimg.cn/images/yxzj/zlkdatasys/audios/audio/20230418/16818018469530.mp3"
        },
        {
          "text": "无知也是种幸运。",
          "link": "//game.gtimg.cn/images/yxzj/zlkdatasys/audios/audio/20230418/16818018766382.mp3"
        },
        {
          "text": "值得详细记述的是逻辑，而非罪行。",
          "link": "//game.gtimg.cn/images/yxzj/zlkdatasys/audios/audio/20230418/16818018998693.mp3"
        }
      ],
      "name": "玫瑰异探"
    },
    {
      "voice": [
        {
          "text": "律动想象，真我释放",
          "link": "//game.gtimg.cn/images/yxzj/zlkdatasys/audios/audio/20230814/16920037793132.mp3"
        },
        {
          "text": "开辟无人之境 ，唤醒万人之声",
          "link": "//game.gtimg.cn/images/yxzj/zlkdatasys/audios/audio/20230814/16920038062069.mp3"
        },
        {
          "text": "挑战自我，同时创造新的自我",
          "link": "//game.gtimg.cn/images/yxzj/zlkdatasys/audios/audio/20230814/16920038321148.mp3"
        },
        {
          "text": "在没有音乐的昨日，所有明日都是今日",
          "link": "//game.gtimg.cn/images/yxzj/zlkdatasys/audios/audio/20230814/16919986191258.mp3"
        },
        {
          "text": "在束缚中缄默的，必将在缄默中高歌",
          "link": "//game.gtimg.cn/images/yxzj/zlkdatasys/audios/audio/20230814/16919986376464.mp3"
        },
        {
          "text": "欢迎来到“异类”的派对，我的同类们",
          "link": "//game.gtimg.cn/images/yxzj/zlkdatasys/audios/audio/20230814/16919986578704.mp3"
        },
        {
          "text": "未知预告未来，无限诞生极限",
          "link": "//game.gtimg.cn/images/yxzj/zlkdatasys/audios/audio/20230814/16919986746730.mp3"
        },
        {
          "text": "不存在永远前卫的曲风，但存在永无止境的挑战",
          "link": "//game.gtimg.cn/images/yxzj/zlkdatasys/audios/audio/20230814/16919986931792.mp3"
        },
        {
          "text": "最完美的，永远是下一首",
          "link": "//game.gtimg.cn/images/yxzj/zlkdatasys/audios/audio/20230814/16919987122056.mp3"
        },
        {
          "text": "暂停工作，播放生活",
          "link": "//game.gtimg.cn/images/yxzj/zlkdatasys/audios/audio/20230814/16919987294217.mp3"
        },
        {
          "text": "合拍的搭档，两个就够了",
          "link": "//game.gtimg.cn/images/yxzj/zlkdatasys/audios/audio/20230814/16919987478459.mp3"
        },
        {
          "text": "中场休息",
          "link": "//game.gtimg.cn/images/yxzj/zlkdatasys/audios/audio/20230814/16919987758225.mp3"
        },
        {
          "text": "毫无难度的一曲",
          "link": "//game.gtimg.cn/images/yxzj/zlkdatasys/audios/audio/20230814/16919987925582.mp3"
        },
        {
          "text": "欣赏你的勇气，但舞台要靠实力",
          "link": "//game.gtimg.cn/images/yxzj/zlkdatasys/audios/audio/20230814/16919988117481.mp3"
        },
        {
          "text": "变调！",
          "link": "//game.gtimg.cn/images/yxzj/zlkdatasys/audios/audio/20230814/16919988328242.mp3"
        },
        {
          "text": "和声！",
          "link": "//game.gtimg.cn/images/yxzj/zlkdatasys/audios/audio/20230814/16919988483950.mp3"
        },
        {
          "text": "寻真我！",
          "link": "//game.gtimg.cn/images/yxzj/zlkdatasys/audios/audio/20230814/16919988694160.mp3"
        },
        {
          "text": "超现实！",
          "link": "//game.gtimg.cn/images/yxzj/zlkdatasys/audios/audio/20230814/16919988863365.mp3"
        },
        {
          "text": "突破音域！无限新声！",
          "link": "//game.gtimg.cn/images/yxzj/zlkdatasys/audios/audio/20230814/16919989054669.mp3"
        },
        {
          "text": "终结枷锁！重返自我！",
          "link": "//game.gtimg.cn/images/yxzj/zlkdatasys/audios/audio/20230814/16919989283135.mp3"
        },
        {
          "text": "灵魂共振！与我同歌！",
          "link": "//game.gtimg.cn/images/yxzj/zlkdatasys/audios/audio/20230814/16919989451912.mp3"
        },
        {
          "text": "跟上节拍，享受此刻",
          "link": "//game.gtimg.cn/images/yxzj/zlkdatasys/audios/audio/20230814/16919989669418.mp3"
        },
        {
          "text": "嗯，起码没有再哭鼻子了",
          "link": "//game.gtimg.cn/images/yxzj/zlkdatasys/audios/audio/20230814/16919989877043.mp3"
        },
        {
          "text": "粉色的小鹿吗？……好，可爱",
          "link": "//game.gtimg.cn/images/yxzj/zlkdatasys/audios/audio/20230814/16919990067400.mp3"
        },
        {
          "text": "和她的兴奋程度相比，紧张可以忽略不计",
          "link": "//game.gtimg.cn/images/yxzj/zlkdatasys/audios/audio/20230814/16919990255431.mp3"
        },
        {
          "text": "最后一遍，练完就来。",
          "link": "//game.gtimg.cn/images/yxzj/zlkdatasys/audios/audio/20230814/16919990438558.mp3"
        }
      ],
      "name": "真我赫兹"
    }
  ]
}