{
  "data": [
    {
      "voice": [
        {
          "text": "不屈的灵魂，不灭的斗志，不老的心。",
          "link": "//game.gtimg.cn/images/yxzj/zlkdatasys/audios/audio/20220413/16498497613921.mp3"
        },
        {
          "text": "我可是重量级的。",
          "link": "//game.gtimg.cn/images/yxzj/zlkdatasys/audios/audio/20220413/16498497739351.mp3"
        },
        {
          "text": "看我无敌铁拳。",
          "link": "//game.gtimg.cn/images/yxzj/zlkdatasys/audios/audio/20220413/16498497854274.mp3"
        },
        {
          "text": "一次不行，那就再来十次。",
          "link": "//game.gtimg.cn/images/yxzj/zlkdatasys/audios/audio/20220412/16497453586974.wav"
        },
        {
          "text": "我的字典里没有老这个字。",
          "link": "//game.gtimg.cn/images/yxzj/zlkdatasys/audios/audio/20220412/16497453746913.wav"
        },
        {
          "text": "心不老，身不灭。",
          "link": "//game.gtimg.cn/images/yxzj/zlkdatasys/audios/audio/20220412/16497454533292.wav"
        },
        {
          "text": "敢小瞧我，不如来打一架。",
          "link": "//game.gtimg.cn/images/yxzj/zlkdatasys/audios/audio/20220412/16497454703775.wav"
        },
        {
          "text": "要硬上吗？正合我意！",
          "link": "//game.gtimg.cn/images/yxzj/zlkdatasys/audios/audio/20220412/16497454853687.wav"
        },
        {
          "text": "不服就干！",
          "link": "//game.gtimg.cn/images/yxzj/zlkdatasys/audios/audio/20220412/16497455012401.wav"
        },
        {
          "text": "要干大事吗，算我一个。",
          "link": "//game.gtimg.cn/images/yxzj/zlkdatasys/audios/audio/20220412/16497455172432.wav"
        },
        {
          "text": "吾未老，尚能战！",
          "link": "//game.gtimg.cn/images/yxzj/zlkdatasys/audios/audio/20220412/16497455321751.wav"
        },
        {
          "text": "伤痕，是岁月，是成长，是力量。",
          "link": "//game.gtimg.cn/images/yxzj/zlkdatasys/audios/audio/20220412/16497455477210.wav"
        },
        {
          "text": "斗志，衡阳不灭...",
          "link": "//game.gtimg.cn/images/yxzj/zlkdatasys/audios/audio/20220412/16497455731674.wav"
        },
        {
          "text": "吾……尚善饭……",
          "link": "//game.gtimg.cn/images/yxzj/zlkdatasys/audios/audio/20220412/16497455912706.wav"
        },
        {
          "text": "这算是轰轰烈烈吗……",
          "link": "//game.gtimg.cn/images/yxzj/zlkdatasys/audios/audio/20220412/16497456093986.wav"
        },
        {
          "text": "重拳出击！",
          "link": "//game.gtimg.cn/images/yxzj/zlkdatasys/audios/audio/20220412/16497456341713.wav"
        },
        {
          "text": "玩过铁拳吗？",
          "link": "//game.gtimg.cn/images/yxzj/zlkdatasys/audios/audio/20220412/16497456485191.wav"
        },
        {
          "text": "一拳破敌！",
          "link": "//game.gtimg.cn/images/yxzj/zlkdatasys/audios/audio/20220412/16497456643458.wav"
        },
        {
          "text": "名副其实的力量！",
          "link": "//game.gtimg.cn/images/yxzj/zlkdatasys/audios/audio/20220412/16497456848980.wav"
        },
        {
          "text": "震天撼地！",
          "link": "//game.gtimg.cn/images/yxzj/zlkdatasys/audios/audio/20220414/16499321115668.mp3"
        },
        {
          "text": "粉碎他们！",
          "link": "//game.gtimg.cn/images/yxzj/zlkdatasys/audios/audio/20220414/16499321219145.mp3"
        },
        {
          "text": "宿命之战，为吾正名。",
          "link": "//game.gtimg.cn/images/yxzj/zlkdatasys/audios/audio/20220412/16497457444329.wav"
        },
        {
          "text": "来一场酣畅淋漓地战斗。",
          "link": "//game.gtimg.cn/images/yxzj/zlkdatasys/audios/audio/20220412/16497457615801.wav"
        },
        {
          "text": "你造的拳甲，真是不赖。",
          "link": "//game.gtimg.cn/images/yxzj/zlkdatasys/audios/audio/20220412/16497457764541.wav"
        },
        {
          "text": "请老师赐教。",
          "link": "//game.gtimg.cn/images/yxzj/zlkdatasys/audios/audio/20220412/16497457922272.wav"
        },
        {
          "text": "来来来，再和我战一场。",
          "link": "//game.gtimg.cn/images/yxzj/zlkdatasys/audios/audio/20220412/16497458061066.wav"
        },
        {
          "text": "守护我想守护的一切。",
          "link": "//game.gtimg.cn/images/yxzj/zlkdatasys/audios/audio/20220412/16497458269451.wav"
        },
        {
          "text": "对面的，让我送你们团灭。",
          "link": "//game.gtimg.cn/images/yxzj/zlkdatasys/audios/audio/20220412/16497458501733.wav"
        },
        {
          "text": "还有谁。",
          "link": "//game.gtimg.cn/images/yxzj/zlkdatasys/audios/audio/20220412/16497458731405.wav"
        }
      ],
      "name": "原皮"
    },
    {
      "voice": [
        {
          "text": "来啊，看看谁打败谁！",
          "link": "//game.gtimg.cn/images/yxzj/zlkdatasys/audios/audio/20220414/16499319698147.mp3"
        },
        {
          "text": "尝尝深渊下的恶火！",
          "link": "//game.gtimg.cn/images/yxzj/zlkdatasys/audios/audio/20220414/16499319785855.mp3"
        },
        {
          "text": "向死而生！",
          "link": "//game.gtimg.cn/images/yxzj/zlkdatasys/audios/audio/20220414/16499319888203.mp3"
        },
        {
          "text": "在人间千百代的传说里，我…都只是个怪物。",
          "link": "//game.gtimg.cn/images/yxzj/zlkdatasys/audios/audio/20220412/16497462244857.wav"
        },
        {
          "text": "天底下最坏的，全都关在我们这。",
          "link": "//game.gtimg.cn/images/yxzj/zlkdatasys/audios/audio/20220412/16497462463593.wav"
        },
        {
          "text": "代价？除了这躯壳还有什么可失去的吗！",
          "link": "//game.gtimg.cn/images/yxzj/zlkdatasys/audios/audio/20220412/16497462641660.wav"
        },
        {
          "text": "你在问我……这副身躯被锻铸时的痛苦吗？",
          "link": "//game.gtimg.cn/images/yxzj/zlkdatasys/audios/audio/20220412/16497462889424.wav"
        },
        {
          "text": "隔壁烤火的猴子和我一样，也是个硬骨头。",
          "link": "//game.gtimg.cn/images/yxzj/zlkdatasys/audios/audio/20220412/16497463128935.wav"
        },
        {
          "text": "呵呵呵呵，这就去会会阎王。",
          "link": "//game.gtimg.cn/images/yxzj/zlkdatasys/audios/audio/20220412/16497463323335.wav"
        },
        {
          "text": "试试这个力道。",
          "link": "//game.gtimg.cn/images/yxzj/zlkdatasys/audios/audio/20220412/16497463528978.wav"
        },
        {
          "text": "千锤百炼！",
          "link": "//game.gtimg.cn/images/yxzj/zlkdatasys/audios/audio/20220412/16497463656941.wav"
        },
        {
          "text": "铸火为魂！",
          "link": "//game.gtimg.cn/images/yxzj/zlkdatasys/audios/audio/20220412/16497463843024.wav"
        },
        {
          "text": "来吧……来吧……",
          "link": "//game.gtimg.cn/images/yxzj/zlkdatasys/audios/audio/20220412/16497464012644.wav"
        },
        {
          "text": "烧得更猛烈些！",
          "link": "//game.gtimg.cn/images/yxzj/zlkdatasys/audios/audio/20220414/16499319993851.mp3"
        },
        {
          "text": "这是熔岩给的力量！",
          "link": "//game.gtimg.cn/images/yxzj/zlkdatasys/audios/audio/20220414/16499320119129.mp3"
        },
        {
          "text": "怕吗！烫吗！敢堂堂正正与我一战吗！",
          "link": "//game.gtimg.cn/images/yxzj/zlkdatasys/audios/audio/20220412/16497464961933.wav"
        },
        {
          "text": "想诛灭我？就凭你么！",
          "link": "//game.gtimg.cn/images/yxzj/zlkdatasys/audios/audio/20220412/16497465248295.wav"
        },
        {
          "text": "即使只剩这魂灵，也要向天地讨个结果！",
          "link": "//game.gtimg.cn/images/yxzj/zlkdatasys/audios/audio/20220412/16497465552269.wav"
        }
      ],
      "name": "地狱岩魂"
    },
    {
      "voice": [
        {
          "text": "年兽出现，猛虎也该苏醒了，同此心，共此力！",
          "link": "//game.gtimg.cn/images/yxzj/zlkdatasys/audios/audio/20220414/16499320567628.mp3"
        },
        {
          "text": "武馆传承的，不只有一招一式，还有虎神的精神。",
          "link": "//game.gtimg.cn/images/yxzj/zlkdatasys/audios/audio/20220414/16499320651320.mp3"
        },
        {
          "text": "习武不是争强，而是立一道门，护一方人。",
          "link": "//game.gtimg.cn/images/yxzj/zlkdatasys/audios/audio/20220414/16499320751871.mp3"
        },
        {
          "text": "要练拳，先练心。",
          "link": "//game.gtimg.cn/images/yxzj/zlkdatasys/audios/audio/20220412/16497469708385.wav"
        },
        {
          "text": "我的武道守则，茶泡七分好，劲发九分妙。",
          "link": "//game.gtimg.cn/images/yxzj/zlkdatasys/audios/audio/20220412/16497469893833.wav"
        },
        {
          "text": "武者虽强，但以武服人，却非真正的武道。",
          "link": "//game.gtimg.cn/images/yxzj/zlkdatasys/audios/audio/20220412/16497470115985.wav"
        },
        {
          "text": "武馆授徒，只在心诚。",
          "link": "//game.gtimg.cn/images/yxzj/zlkdatasys/audios/audio/20220412/16497470234062.wav"
        },
        {
          "text": "不管任何时候，都不可放弃必胜的信念！",
          "link": "//game.gtimg.cn/images/yxzj/zlkdatasys/audios/audio/20220412/16497470369633.wav"
        },
        {
          "text": "叫一声师父，以后这里就是你家了。",
          "link": "//game.gtimg.cn/images/yxzj/zlkdatasys/audios/audio/20220412/16497470538042.wav"
        },
        {
          "text": "英雄，不分年纪。",
          "link": "//game.gtimg.cn/images/yxzj/zlkdatasys/audios/audio/20220412/16497470677771.wav"
        },
        {
          "text": "虎神街的安宁，由我们守护。",
          "link": "//game.gtimg.cn/images/yxzj/zlkdatasys/audios/audio/20220412/16497470841451.wav"
        },
        {
          "text": "唉...这套功法，还差些火候……",
          "link": "//game.gtimg.cn/images/yxzj/zlkdatasys/audios/audio/20220412/16497471193155.wav"
        },
        {
          "text": "对练结束，下次要动真格了……",
          "link": "//game.gtimg.cn/images/yxzj/zlkdatasys/audios/audio/20220412/16497471355528.wav"
        },
        {
          "text": "哦，听说你想来踢馆？",
          "link": "//game.gtimg.cn/images/yxzj/zlkdatasys/audios/audio/20220412/16497471678953.wav"
        },
        {
          "text": "休想越过此门！",
          "link": "//game.gtimg.cn/images/yxzj/zlkdatasys/audios/audio/20220412/16497471909531.wav"
        },
        {
          "text": "以和为贵，承让承让。",
          "link": "//game.gtimg.cn/images/yxzj/zlkdatasys/audios/audio/20220412/16497472038277.wav"
        },
        {
          "text": "拳如风",
          "link": "//game.gtimg.cn/images/yxzj/zlkdatasys/audios/audio/20220412/16497472348003.wav"
        },
        {
          "text": "崩山裂",
          "link": "//game.gtimg.cn/images/yxzj/zlkdatasys/audios/audio/20220412/16497472547438.wav"
        },
        {
          "text": "气沉丹田",
          "link": "//game.gtimg.cn/images/yxzj/zlkdatasys/audios/audio/20220412/16497472795071.wav"
        },
        {
          "text": "神虎踞此！",
          "link": "//game.gtimg.cn/images/yxzj/zlkdatasys/audios/audio/20220412/16497472945628.wav"
        },
        {
          "text": "虎啸山林！",
          "link": "//game.gtimg.cn/images/yxzj/zlkdatasys/audios/audio/20220412/16497473089704.wav"
        },
        {
          "text": "扬寅虎之威！",
          "link": "//game.gtimg.cn/images/yxzj/zlkdatasys/audios/audio/20220412/16497473209104.wav"
        },
        {
          "text": "闲了大半辈子，也该活动活动筋骨了。",
          "link": "//game.gtimg.cn/images/yxzj/zlkdatasys/audios/audio/20220412/16497473411068.wav"
        },
        {
          "text": "神虎一跃，威震天地！",
          "link": "//game.gtimg.cn/images/yxzj/zlkdatasys/audios/audio/20220412/16497473583055.wav"
        },
        {
          "text": "习武三要义：神要定，眼要准，招要稳。",
          "link": "//game.gtimg.cn/images/yxzj/zlkdatasys/audios/audio/20220412/16497473774539.wav"
        },
        {
          "text": "让人飞翔的不是翅膀，而是一颗想飞的心。",
          "link": "//game.gtimg.cn/images/yxzj/zlkdatasys/audios/audio/20220412/16497473986667.wav"
        },
        {
          "text": "傻小子，武馆欢迎所有喜欢他的人。",
          "link": "//game.gtimg.cn/images/yxzj/zlkdatasys/audios/audio/20220412/16497474461146.wav"
        },
        {
          "text": "这首入阵曲，又令我想起了当年的日子。",
          "link": "//game.gtimg.cn/images/yxzj/zlkdatasys/audios/audio/20220412/16497474735192.wav"
        },
        {
          "text": "这音乐，让整个虎神街都神采奕奕。",
          "link": "//game.gtimg.cn/images/yxzj/zlkdatasys/audios/audio/20220412/16497475038293.wav"
        },
        {
          "text": "嘿嘿，小家伙活泼好动，最适合神虎腿法",
          "link": "//game.gtimg.cn/images/yxzj/zlkdatasys/audios/audio/20220426/16509689632140.mp3"
        },
        {
          "text": "我相信你，虎神大将军",
          "link": "//game.gtimg.cn/images/yxzj/zlkdatasys/audios/audio/20220426/16509689853664.mp3"
        },
        {
          "text": "呵呵，小虎正年轻，老虎也正当年！",
          "link": "//game.gtimg.cn/images/yxzj/zlkdatasys/audios/audio/20220428/16511361431371.mp3"
        },
        {
          "text": "好啊，你啊还要多多努力。",
          "link": "//game.gtimg.cn/images/yxzj/zlkdatasys/audios/audio/20220428/16511361701196.mp3"
        }
      ],
      "name": "寅虎·御盾"
    }
  ]
}