{
  "data": [
    {
      "voice": [
        {
          "text": "深刻而不深沉，平淡而不平庸",
          "link": "//game.gtimg.cn/images/yxzj/zlkdatasys/audios/audio/20220412/16497651411728.wav"
        },
        {
          "text": "出来混，最重要的是讲义气！",
          "link": "//game.gtimg.cn/images/yxzj/zlkdatasys/audios/audio/20220412/16497657452734.wav"
        },
        {
          "text": "暖男，主要看气质。",
          "link": "//game.gtimg.cn/images/yxzj/zlkdatasys/audios/audio/20220412/16497658521369.wav"
        },
        {
          "text": "命运什么的，哼，逃避的借口。",
          "link": "//game.gtimg.cn/images/yxzj/zlkdatasys/audios/audio/20220412/16497660243672.wav"
        },
        {
          "text": "比教育小孩更艰苦的，是早睡早起。",
          "link": "//game.gtimg.cn/images/yxzj/zlkdatasys/audios/audio/20220412/16497660465353.wav"
        },
        {
          "text": "战斗力也是重要的家庭教育！",
          "link": "//game.gtimg.cn/images/yxzj/zlkdatasys/audios/audio/20220412/16497661474457.wav"
        },
        {
          "text": "除暴安良是责任，行善积德是兴趣！",
          "link": "//game.gtimg.cn/images/yxzj/zlkdatasys/audios/audio/20220412/16497665181287.wav"
        },
        {
          "text": "虚伪和无能是两回事。适应时代方可生存",
          "link": "//game.gtimg.cn/images/yxzj/zlkdatasys/audios/audio/20220412/16497665553469.wav"
        },
        {
          "text": "讨厌别离",
          "link": "//game.gtimg.cn/images/yxzj/zlkdatasys/audios/audio/20220412/16497670743798.wav"
        },
        {
          "text": "好好反省！",
          "link": "//game.gtimg.cn/images/yxzj/zlkdatasys/audios/audio/20220412/16497671552200.wav"
        },
        {
          "text": "遵纪守法人人有责",
          "link": "//game.gtimg.cn/images/yxzj/zlkdatasys/audios/audio/20220412/16497672042553.wav"
        },
        {
          "text": "送你过马路！",
          "link": "//game.gtimg.cn/images/yxzj/zlkdatasys/audios/audio/20220412/16497677142003.wav"
        },
        {
          "text": "注意公德！",
          "link": "//game.gtimg.cn/images/yxzj/zlkdatasys/audios/audio/20220412/16497701544586.wav"
        },
        {
          "text": "你的尊严，就值草鞋钱！",
          "link": "//game.gtimg.cn/images/yxzj/zlkdatasys/audios/audio/20220412/16497701752473.wav"
        },
        {
          "text": "小朋友要多教育",
          "link": "//game.gtimg.cn/images/yxzj/zlkdatasys/audios/audio/20220412/16497701952650.wav"
        },
        {
          "text": "对我兄弟出手的代价",
          "link": "//game.gtimg.cn/images/yxzj/zlkdatasys/audios/audio/20220412/16497702213527.wav"
        },
        {
          "text": "不争才是争~",
          "link": "//game.gtimg.cn/images/yxzj/zlkdatasys/audios/audio/20220412/16497702474581.wav"
        },
        {
          "text": "老是勉强自己输，夭寿啦！",
          "link": "//game.gtimg.cn/images/yxzj/zlkdatasys/audios/audio/20220412/16497703094546.wav"
        }
      ],
      "name": "原皮"
    },
    {
      "voice": [
        {
          "text": "复兴汉室！",
          "link": "//game.gtimg.cn/images/yxzj/zlkdatasys/audios/audio/20220412/16497704361822.wav"
        },
        {
          "text": "二弟 荆州焉在？",
          "link": "//game.gtimg.cn/images/yxzj/zlkdatasys/audios/audio/20220412/16497708255045.wav"
        },
        {
          "text": "这样的战斗似曾相识！",
          "link": "//game.gtimg.cn/images/yxzj/zlkdatasys/audios/audio/20220412/16497708459032.wav"
        },
        {
          "text": "勿以喜为胜，勿以败为荣，",
          "link": "//game.gtimg.cn/images/yxzj/zlkdatasys/audios/audio/20220412/16497709764495.wav"
        },
        {
          "text": "胸怀大志者，随我一统九州",
          "link": "//game.gtimg.cn/images/yxzj/zlkdatasys/audios/audio/20220412/16497709951734.wav"
        },
        {
          "text": "心存敬畏  方能进退有度",
          "link": "//game.gtimg.cn/images/yxzj/zlkdatasys/audios/audio/20220412/16497710141189.wav"
        },
        {
          "text": "青梅煮酒，问英雄谁是英雄！",
          "link": "//game.gtimg.cn/images/yxzj/zlkdatasys/audios/audio/20220412/16497710306380.wav"
        },
        {
          "text": "穿上草鞋，飞一般的感觉",
          "link": "//game.gtimg.cn/images/yxzj/zlkdatasys/audios/audio/20220412/16497712528609.wav"
        },
        {
          "text": "击中要害！",
          "link": "//game.gtimg.cn/images/yxzj/zlkdatasys/audios/audio/20220412/16497712813745.wav"
        },
        {
          "text": "一震之威！",
          "link": "//game.gtimg.cn/images/yxzj/zlkdatasys/audios/audio/20220412/16497713089374.wav"
        },
        {
          "text": "无处可藏！",
          "link": "//game.gtimg.cn/images/yxzj/zlkdatasys/audios/audio/20220412/16497713282017.wav"
        },
        {
          "text": "动作要快 姿势要帅",
          "link": "//game.gtimg.cn/images/yxzj/zlkdatasys/audios/audio/20220412/16497713663328.wav"
        },
        {
          "text": "汉贼不两立！",
          "link": "//game.gtimg.cn/images/yxzj/zlkdatasys/audios/audio/20220412/16497713819629.wav"
        },
        {
          "text": "江山不相信眼泪！",
          "link": "//game.gtimg.cn/images/yxzj/zlkdatasys/audios/audio/20220412/16497714102965.wav"
        }
      ],
      "name": "汉昭烈帝"
    },
    {
      "voice": [
        {
          "text": "时间是条河流",
          "link": "//game.gtimg.cn/images/yxzj/zlkdatasys/audios/audio/20220414/16499285308084.mp3"
        },
        {
          "text": "你好吗？",
          "link": "//game.gtimg.cn/images/yxzj/zlkdatasys/audios/audio/20220413/16498497038129.mp3"
        },
        {
          "text": "在回忆的起点上等你",
          "link": "//game.gtimg.cn/images/yxzj/zlkdatasys/audios/audio/20220413/16498497139332.mp3"
        },
        {
          "text": "羽毛笔配蓝墨水，钟表封在火漆里",
          "link": "//game.gtimg.cn/images/yxzj/zlkdatasys/audios/audio/20220412/16497727779691.wav"
        },
        {
          "text": "假如可以将时间折叠……",
          "link": "//game.gtimg.cn/images/yxzj/zlkdatasys/audios/audio/20220412/16497727992629.wav"
        },
        {
          "text": "我猜，这个星期六会下雨",
          "link": "//game.gtimg.cn/images/yxzj/zlkdatasys/audios/audio/20220412/16497728181062.wav"
        },
        {
          "text": "让这个初冬 分成六瓣融化",
          "link": "//game.gtimg.cn/images/yxzj/zlkdatasys/audios/audio/20220412/16497728751495.wav"
        },
        {
          "text": "信的结尾，夜晚恋慕白昼",
          "link": "//game.gtimg.cn/images/yxzj/zlkdatasys/audios/audio/20220412/16497729584520.wav"
        },
        {
          "text": "回到未来……",
          "link": "//game.gtimg.cn/images/yxzj/zlkdatasys/audios/audio/20220412/16497729845655.wav"
        },
        {
          "text": "注意查收~",
          "link": "//game.gtimg.cn/images/yxzj/zlkdatasys/audios/audio/20220412/16497731436157.wav"
        },
        {
          "text": "有只白鸽飞了进来",
          "link": "//game.gtimg.cn/images/yxzj/zlkdatasys/audios/audio/20220412/16497731619050.wav"
        },
        {
          "text": "抱歉~你挡我的路了",
          "link": "//game.gtimg.cn/images/yxzj/zlkdatasys/audios/audio/20220412/16497731835745.wav"
        },
        {
          "text": "抱歉~你挡路了",
          "link": "//game.gtimg.cn/images/yxzj/zlkdatasys/audios/audio/20220412/16497732016632.wav"
        },
        {
          "text": "我等的可不是你~",
          "link": "//game.gtimg.cn/images/yxzj/zlkdatasys/audios/audio/20220412/16497732212157.wav"
        },
        {
          "text": "两个人眼中是同一轮月亮",
          "link": "//game.gtimg.cn/images/yxzj/zlkdatasys/audios/audio/20220414/16499285755967.mp3"
        },
        {
          "text": "雨雪阴晴，哪天更适合相遇？",
          "link": "//game.gtimg.cn/images/yxzj/zlkdatasys/audios/audio/20220414/16499285894207.mp3"
        },
        {
          "text": "我们彼此错过",
          "link": "//game.gtimg.cn/images/yxzj/zlkdatasys/audios/audio/20220414/16499286036305.mp3"
        },
        {
          "text": "梦中的画面~",
          "link": "//game.gtimg.cn/images/yxzj/zlkdatasys/audios/audio/20220412/16497733694326.wav"
        }
      ],
      "name": "时之恋人"
    },
    {
      "voice": [
        {
          "text": "我是守梦司主，我会穿过废墟与沉寂，重建守护之地",
          "link": "//game.gtimg.cn/images/yxzj/zlkdatasys/audios/audio/20230510/16837128271441.mp3"
        },
        {
          "text": "循青鸟为引，绘脸谱为形，守护信念和传承，就是守梦司",
          "link": "//game.gtimg.cn/images/yxzj/zlkdatasys/audios/audio/20230510/16837128382951.mp3"
        },
        {
          "text": "烟花短暂，却将最美的时刻，映照心间",
          "link": "//game.gtimg.cn/images/yxzj/zlkdatasys/audios/audio/20230510/16837128497342.mp3"
        },
        {
          "text": "守梦司传承千年，映照了梦境与现实",
          "link": "//game.gtimg.cn/images/yxzj/zlkdatasys/audios/audio/20230510/16837004353255.mp3"
        },
        {
          "text": "青鸟落下魂光，指引我们，望见传承之人",
          "link": "//game.gtimg.cn/images/yxzj/zlkdatasys/audios/audio/20230510/16837004521924.mp3"
        },
        {
          "text": "人间传承，本有起落，而今，正是复起之时",
          "link": "//game.gtimg.cn/images/yxzj/zlkdatasys/audios/audio/20230510/16837004941510.mp3"
        },
        {
          "text": "昨夜没睡大好，可别遇到什么太麻烦的大家伙",
          "link": "//game.gtimg.cn/images/yxzj/zlkdatasys/audios/audio/20230510/16837005119457.mp3"
        },
        {
          "text": "小的时候，每逢佳节，桃花巷处处都会升起烟花",
          "link": "//game.gtimg.cn/images/yxzj/zlkdatasys/audios/audio/20230510/16837005288471.mp3"
        },
        {
          "text": "街道川流不息，每个人，都可能是觉醒者",
          "link": "//game.gtimg.cn/images/yxzj/zlkdatasys/audios/audio/20230510/16837005456823.mp3"
        },
        {
          "text": "青鸟，就是人间掠过的千百代光阴",
          "link": "//game.gtimg.cn/images/yxzj/zlkdatasys/audios/audio/20230510/16837005648929.mp3"
        },
        {
          "text": "人间无梦，犹如山川失丘壑，该少多少乐趣",
          "link": "//game.gtimg.cn/images/yxzj/zlkdatasys/audios/audio/20230510/16837005794962.mp3"
        },
        {
          "text": "人有千百相，个个皆不同",
          "link": "//game.gtimg.cn/images/yxzj/zlkdatasys/audios/audio/20230510/16837005965422.mp3"
        },
        {
          "text": "危难当头，唤我名字便是",
          "link": "//game.gtimg.cn/images/yxzj/zlkdatasys/audios/audio/20230510/16837006127016.mp3"
        },
        {
          "text": "梦，该醒了……",
          "link": "//game.gtimg.cn/images/yxzj/zlkdatasys/audios/audio/20230510/16837006326251.mp3"
        },
        {
          "text": "你这样就放弃了，是在和谁比谦让吗？",
          "link": "//game.gtimg.cn/images/yxzj/zlkdatasys/audios/audio/20230510/16837006502710.mp3"
        },
        {
          "text": "哎，消消气——和气生财，气坏伤身。",
          "link": "//game.gtimg.cn/images/yxzj/zlkdatasys/audios/audio/20230510/16837006686909.mp3"
        },
        {
          "text": "晌午当时，不如，你也眯一会儿",
          "link": "//game.gtimg.cn/images/yxzj/zlkdatasys/audios/audio/20230510/16837006835476.mp3"
        },
        {
          "text": "烟霭散",
          "link": "//game.gtimg.cn/images/yxzj/zlkdatasys/audios/audio/20230510/16837007174860.mp3"
        },
        {
          "text": "火树银花",
          "link": "//game.gtimg.cn/images/yxzj/zlkdatasys/audios/audio/20230510/16837007342781.mp3"
        },
        {
          "text": "长空破",
          "link": "//game.gtimg.cn/images/yxzj/zlkdatasys/audios/audio/20230510/16837007505487.mp3"
        },
        {
          "text": "驱散梦魇",
          "link": "//game.gtimg.cn/images/yxzj/zlkdatasys/audios/audio/20230510/16837007669172.mp3"
        },
        {
          "text": "于风暴中，照千光",
          "link": "//game.gtimg.cn/images/yxzj/zlkdatasys/audios/audio/20230510/16837007954543.mp3"
        },
        {
          "text": "兄弟们，一起上",
          "link": "//game.gtimg.cn/images/yxzj/zlkdatasys/audios/audio/20230510/16837008149588.mp3"
        },
        {
          "text": "华焰明错",
          "link": "//game.gtimg.cn/images/yxzj/zlkdatasys/audios/audio/20230510/16837008308542.mp3"
        },
        {
          "text": "笔力点透眉心，神面绘制于身",
          "link": "//game.gtimg.cn/images/yxzj/zlkdatasys/audios/audio/20230510/16837008586116.mp3"
        },
        {
          "text": "桃源不在梦中，就在当下",
          "link": "//game.gtimg.cn/images/yxzj/zlkdatasys/audios/audio/20230510/16837008791913.mp3"
        },
        {
          "text": "桃园一拜，风雨不改",
          "link": "//game.gtimg.cn/images/yxzj/zlkdatasys/audios/audio/20230510/16837009021610.mp3"
        },
        {
          "text": "我本孤儿，是桃爷爷在大雪中救了我",
          "link": "//game.gtimg.cn/images/yxzj/zlkdatasys/audios/audio/20230510/16837009457243.mp3"
        },
        {
          "text": "守梦司推门而出，就是川流不息的闹市",
          "link": "//game.gtimg.cn/images/yxzj/zlkdatasys/audios/audio/20230510/16837009663872.mp3"
        },
        {
          "text": "得尽快找到其他传承者",
          "link": "//game.gtimg.cn/images/yxzj/zlkdatasys/audios/audio/20230510/16837009906340.mp3"
        },
        {
          "text": "夜色降临，桃源便民访就变成了守梦司",
          "link": "//game.gtimg.cn/images/yxzj/zlkdatasys/audios/audio/20230510/16837010119726.mp3"
        },
        {
          "text": "二弟，再强大的守梦人，也需要休息",
          "link": "//game.gtimg.cn/images/yxzj/zlkdatasys/audios/audio/20230510/16837010282752.mp3"
        },
        {
          "text": "所以找到他们，就需要你这双明亮的眼",
          "link": "//game.gtimg.cn/images/yxzj/zlkdatasys/audios/audio/20230510/16837010487888.mp3"
        },
        {
          "text": "只要不出去惹麻烦，就随它们去吧",
          "link": "//game.gtimg.cn/images/yxzj/zlkdatasys/audios/audio/20230510/16837010604235.mp3"
        },
        {
          "text": "你到底给大猫吃了什么，怎么越来越胖",
          "link": "//game.gtimg.cn/images/yxzj/zlkdatasys/audios/audio/20230510/16837010838355.mp3"
        }
      ],
      "name": "百相守梦"
    }
  ]
}
