{
  "data": [
    {
      "voice": [
        {
          "text": "吾持剑锋，以筑长城",
          "link": "//game.gtimg.cn/images/yxzj/zlkdatasys/audios/audio/20220411/16496465351121.wav"
        },
        {
          "text": "背负守护的誓言，必以信成",
          "link": "//game.gtimg.cn/images/yxzj/zlkdatasys/audios/audio/20220411/16496574293362.mp3"
        },
        {
          "text": "不会让长安城，将我遗忘",
          "link": "//game.gtimg.cn/images/yxzj/zlkdatasys/audios/audio/20220411/16496574536783.mp3"
        },
        {
          "text": "长城之上是千亿的星空，星空之上是不灭的守望",
          "link": "//game.gtimg.cn/images/yxzj/zlkdatasys/audios/audio/20220411/16496575861935.mp3"
        },
        {
          "text": "侯非侯，王非王，千乘万骑走北芒",
          "link": "//game.gtimg.cn/images/yxzj/zlkdatasys/audios/audio/20220411/16496576088633.mp3"
        },
        {
          "text": "随它陨落，随它沉沦，引它重返千年之盛。",
          "link": "//game.gtimg.cn/images/yxzj/zlkdatasys/audios/audio/20220411/16496576301013.mp3"
        },
        {
          "text": "这是最好的时代，这是最坏的时代。我们一无所有，我们巍然矗立",
          "link": "//game.gtimg.cn/images/yxzj/zlkdatasys/audios/audio/20220411/16496576621631.mp3"
        },
        {
          "text": "长城和长安之间，是无尽的彷徨",
          "link": "//game.gtimg.cn/images/yxzj/zlkdatasys/audios/audio/20220411/16496576846294.mp3"
        },
        {
          "text": "何处是吾乡……",
          "link": "//game.gtimg.cn/images/yxzj/zlkdatasys/audios/audio/20220411/16496578185052.wav"
        },
        {
          "text": "这里是，为我所统率的战场！",
          "link": "//game.gtimg.cn/images/yxzj/zlkdatasys/audios/audio/20220411/16496580082690.mp3"
        },
        {
          "text": "听天，不会由命",
          "link": "//game.gtimg.cn/images/yxzj/zlkdatasys/audios/audio/20220411/16496580308232.mp3"
        },
        {
          "text": "人生仅有一次的绝景",
          "link": "//game.gtimg.cn/images/yxzj/zlkdatasys/audios/audio/20220411/16496581092799.wav"
        },
        {
          "text": "无知，无用，无能，无脑，无聊加起来就是对面的无人队。",
          "link": "//game.gtimg.cn/images/yxzj/zlkdatasys/audios/audio/20220411/16496581786202.mp3"
        },
        {
          "text": "开疆易而守土难",
          "link": "//game.gtimg.cn/images/yxzj/zlkdatasys/audios/audio/20220411/16496582484630.wav"
        },
        {
          "text": "为何看不清故乡的模样？即使它就在心的中央。",
          "link": "//game.gtimg.cn/images/yxzj/zlkdatasys/audios/audio/20220411/16496583303266.mp3"
        },
        {
          "text": "不知道轮回过的灵魂，是否更懂得死亡？",
          "link": "//game.gtimg.cn/images/yxzj/zlkdatasys/audios/audio/20220411/16496588015723.mp3"
        },
        {
          "text": "异乡人，怎能容忍故土脱离自己的手掌？",
          "link": "//game.gtimg.cn/images/yxzj/zlkdatasys/audios/audio/20220411/16496589058251.mp3"
        },
        {
          "text": "至少梦里不可能存在这样的土地，这样的米饭吧。",
          "link": "//game.gtimg.cn/images/yxzj/zlkdatasys/audios/audio/20220411/16496589997206.mp3"
        },
        {
          "text": "投身天地这熔炉，总有些梦想和意志，会因此薪火相传",
          "link": "//game.gtimg.cn/images/yxzj/zlkdatasys/audios/audio/20220411/16496590937097.mp3"
        },
        {
          "text": "羌笛吹落梅，让人分不清异乡和故里",
          "link": "//game.gtimg.cn/images/yxzj/zlkdatasys/audios/audio/20220411/16496591643628.mp3"
        },
        {
          "text": "猫有九条命，那么家谱也有九倍长吧",
          "link": "//game.gtimg.cn/images/yxzj/zlkdatasys/audios/audio/20220411/16496592393840.mp3"
        },
        {
          "text": "今日的星辰辉映太古的源起，过往的注视指引明日的生死",
          "link": "//game.gtimg.cn/images/yxzj/zlkdatasys/audios/audio/20220411/16496593143862.mp3"
        },
        {
          "text": "我们的共同点，是都想做第一个看到黎明的人吧",
          "link": "//game.gtimg.cn/images/yxzj/zlkdatasys/audios/audio/20220411/16496594043697.mp3"
        },
        {
          "text": "没有领土的王，没有故乡的人",
          "link": "//game.gtimg.cn/images/yxzj/zlkdatasys/audios/audio/20220411/16496594828265.mp3"
        },
        {
          "text": "不是力量，是诅咒",
          "link": "//game.gtimg.cn/images/yxzj/zlkdatasys/audios/audio/20220411/16496595485485.wav"
        },
        {
          "text": "讨厌看到他们离我而去，因为是战友吗？",
          "link": "//game.gtimg.cn/images/yxzj/zlkdatasys/audios/audio/20220411/16496596775677.mp3"
        },
        {
          "text": "血肉之躯，燃烧一次足矣",
          "link": "//game.gtimg.cn/images/yxzj/zlkdatasys/audios/audio/20220411/16496597164385.mp3"
        },
        {
          "text": "孤独是双刃的锋芒！",
          "link": "//game.gtimg.cn/images/yxzj/zlkdatasys/audios/audio/20220411/16496597769216.wav"
        },
        {
          "text": "唯有燃烧在长城的篝火，让我放下野望。",
          "link": "//game.gtimg.cn/images/yxzj/zlkdatasys/audios/audio/20220411/16496598039236.mp3"
        },
        {
          "text": "屠魔的少年终究成魔，存活最后的魔做了救世主",
          "link": "//game.gtimg.cn/images/yxzj/zlkdatasys/audios/audio/20220411/16496598249389.mp3"
        },
        {
          "text": "人间不值得",
          "link": "//game.gtimg.cn/images/yxzj/zlkdatasys/audios/audio/20220411/16496598948709.wav"
        },
        {
          "text": "这里是，让我忘却野心的战场！",
          "link": "//game.gtimg.cn/images/yxzj/zlkdatasys/audios/audio/20220411/16496599877452.mp3"
        },
        {
          "text": "单纯为不想死而挥剑",
          "link": "//game.gtimg.cn/images/yxzj/zlkdatasys/audios/audio/20220411/16496600111525.wav"
        },
        {
          "text": "失败之前，对面不会有想太多的时间。",
          "link": "//game.gtimg.cn/images/yxzj/zlkdatasys/audios/audio/20220411/16496600786755.mp3"
        },
        {
          "text": "崩刃的剑，依旧致命。锈蚀的盾，屹立如初",
          "link": "//game.gtimg.cn/images/yxzj/zlkdatasys/audios/audio/20220411/16496601584944.mp3"
        },
        {
          "text": "能提起沉重剑刃的手，握不住飞舞飘落的花",
          "link": "//game.gtimg.cn/images/yxzj/zlkdatasys/audios/audio/20220411/16496602362461.mp3"
        },
        {
          "text": "不会为不存在的天命，去压低脊梁",
          "link": "//game.gtimg.cn/images/yxzj/zlkdatasys/audios/audio/20220411/16496603366100.mp3"
        },
        {
          "text": "双面的刃，伤人又伤己",
          "link": "//game.gtimg.cn/images/yxzj/zlkdatasys/audios/audio/20220411/16496604291927.wav"
        },
        {
          "text": "渴望靠近篝火，又恐惧被温暖灼伤",
          "link": "//game.gtimg.cn/images/yxzj/zlkdatasys/audios/audio/20220411/16496604938107.mp3"
        },
        {
          "text": "一无所有，至少能肆意如风",
          "link": "//game.gtimg.cn/images/yxzj/zlkdatasys/audios/audio/20220411/16496605705809.mp3"
        },
        {
          "text": "世上是否存在典籍，告诉我如何与自我和解",
          "link": "//game.gtimg.cn/images/yxzj/zlkdatasys/audios/audio/20220411/16496606792435.mp3"
        },
        {
          "text": "恐怕需要九倍的破坏力，才能实践独一的执着",
          "link": "//game.gtimg.cn/images/yxzj/zlkdatasys/audios/audio/20220411/16496607576673.mp3"
        },
        {
          "text": "没有欲望和执念，也无须背负欲望和执念，真好",
          "link": "//game.gtimg.cn/images/yxzj/zlkdatasys/audios/audio/20220411/16496608329839.mp3"
        },
        {
          "text": "只有在梦里，才会做梦。",
          "link": "//game.gtimg.cn/images/yxzj/zlkdatasys/audios/audio/20220411/16496608813331.wav"
        },
        {
          "text": "他人是地狱，再无法信任他人是轮回的地狱",
          "link": "//game.gtimg.cn/images/yxzj/zlkdatasys/audios/audio/20220411/16496609487776.mp3"
        },
        {
          "text": "预言无用。不知道结局的人生才会刺激。",
          "link": "//game.gtimg.cn/images/yxzj/zlkdatasys/audios/audio/20220411/16496610106829.mp3"
        }
      ],
      "name": "原皮"
    },
    {
      "voice": [
        {
          "text": "一念通天，神魔无惧！",
          "link": "//game.gtimg.cn/images/yxzj/zlkdatasys/audios/audio/20220415/16500065401782.wav"
        },
        {
          "text": "如有一味绝境，非历十方生死。",
          "link": "//game.gtimg.cn/images/yxzj/zlkdatasys/audios/audio/20220415/16500065511575.wav"
        },
        {
          "text": "雷电遽散！",
          "link": "//game.gtimg.cn/images/yxzj/zlkdatasys/audios/audio/20220415/16500065612584.wav"
        },
        {
          "text": "光明神已陨落，现在由光明引领我.",
          "link": "//game.gtimg.cn/images/yxzj/zlkdatasys/audios/audio/20220411/16496615135234.mp3"
        },
        {
          "text": "天生吾族，岂可轻弃。",
          "link": "//game.gtimg.cn/images/yxzj/zlkdatasys/audios/audio/20220411/16496615337844.mp3"
        },
        {
          "text": "无数次，在人世的焦土上，祈望太阳。",
          "link": "//game.gtimg.cn/images/yxzj/zlkdatasys/audios/audio/20220411/16496615581255.mp3"
        },
        {
          "text": "照彻，苦难的世间。",
          "link": "//game.gtimg.cn/images/yxzj/zlkdatasys/audios/audio/20220411/16496615779451.mp3"
        },
        {
          "text": "光明始于先驱者。",
          "link": "//game.gtimg.cn/images/yxzj/zlkdatasys/audios/audio/20220411/16496615992209.mp3"
        },
        {
          "text": "天地吾心，日月重光！",
          "link": "//game.gtimg.cn/images/yxzj/zlkdatasys/audios/audio/20220411/16496616928864.mp3"
        },
        {
          "text": "此剑——当斩，群魔授首！",
          "link": "//game.gtimg.cn/images/yxzj/zlkdatasys/audios/audio/20220411/16496617194620.mp3"
        },
        {
          "text": "我，就是太阳。",
          "link": "//game.gtimg.cn/images/yxzj/zlkdatasys/audios/audio/20220411/16496617437838.mp3"
        },
        {
          "text": "去哪里寻找，救诸此界的力量？！",
          "link": "//game.gtimg.cn/images/yxzj/zlkdatasys/audios/audio/20220411/16496617997861.mp3"
        },
        {
          "text": "像面对黑夜一样...面对死亡。",
          "link": "//game.gtimg.cn/images/yxzj/zlkdatasys/audios/audio/20220411/16496618896950.mp3"
        },
        {
          "text": "我与我剑斩黄泉！",
          "link": "//game.gtimg.cn/images/yxzj/zlkdatasys/audios/audio/20220411/16496619432468.mp3"
        },
        {
          "text": "化神为佑，沐临绝土",
          "link": "//game.gtimg.cn/images/yxzj/zlkdatasys/audios/audio/20220411/16496619963728.wav"
        },
        {
          "text": "此天命也。",
          "link": "//game.gtimg.cn/images/yxzj/zlkdatasys/audios/audio/20220411/16496620462275.wav"
        },
        {
          "text": "击破宿命的无常！",
          "link": "//game.gtimg.cn/images/yxzj/zlkdatasys/audios/audio/20220411/16496623512591.wav"
        },
        {
          "text": "光明始于先驱者。",
          "link": "//game.gtimg.cn/images/yxzj/zlkdatasys/audios/audio/20220411/16496623732639.wav"
        },
        {
          "text": "越是没有武器，越要变得强大。",
          "link": "//game.gtimg.cn/images/yxzj/zlkdatasys/audios/audio/20220411/16496624045097.wav"
        },
        {
          "text": "像面对黑夜一样...面对死亡。",
          "link": "//game.gtimg.cn/images/yxzj/zlkdatasys/audios/audio/20220411/16496624589029.mp3"
        },
        {
          "text": "我剑与我斩黄泉！",
          "link": "//game.gtimg.cn/images/yxzj/zlkdatasys/audios/audio/20220411/16496625912234.wav"
        },
        {
          "text": "我与我剑斩黄泉！",
          "link": "//game.gtimg.cn/images/yxzj/zlkdatasys/audios/audio/20220411/16496626424430.wav"
        },
        {
          "text": "此天命也。",
          "link": "//game.gtimg.cn/images/yxzj/zlkdatasys/audios/audio/20220411/16496627021883.wav"
        },
        {
          "text": "风刃铸就信仰，奉承暗与光.",
          "link": "//game.gtimg.cn/images/yxzj/zlkdatasys/audios/audio/20220411/16496627457800.wav"
        },
        {
          "text": "百炼之志，当我问鼎",
          "link": "//game.gtimg.cn/images/yxzj/zlkdatasys/audios/audio/20220411/16496627879882.wav"
        },
        {
          "text": "看看像我这样的凡人，都怎么诛灭神魔。",
          "link": "//game.gtimg.cn/images/yxzj/zlkdatasys/audios/audio/20220411/16496629066549.mp3"
        },
        {
          "text": "天地不仁，大道无光。",
          "link": "//game.gtimg.cn/images/yxzj/zlkdatasys/audios/audio/20220411/16496629292282.mp3"
        },
        {
          "text": "我也曾……在人世的焦土上，幻想太阳。",
          "link": "//game.gtimg.cn/images/yxzj/zlkdatasys/audios/audio/20220411/16496629545742.mp3"
        },
        {
          "text": "击破宿命的无常！",
          "link": "//game.gtimg.cn/images/yxzj/zlkdatasys/audios/audio/20220411/16496629769926.mp3"
        },
        {
          "text": "越是没有武器，越要变得强大。",
          "link": "//game.gtimg.cn/images/yxzj/zlkdatasys/audios/audio/20220411/16496629994451.mp3"
        },
        {
          "text": "我早就...无路可退了。",
          "link": "//game.gtimg.cn/images/yxzj/zlkdatasys/audios/audio/20220411/16496630204207.mp3"
        },
        {
          "text": "去哪里寻找，重造此界的力量？！",
          "link": "//game.gtimg.cn/images/yxzj/zlkdatasys/audios/audio/20220411/16496630942298.mp3"
        },
        {
          "text": "此剑——当判，诸神谢罪！",
          "link": "//game.gtimg.cn/images/yxzj/zlkdatasys/audios/audio/20220411/16496632267428.mp3"
        },
        {
          "text": "我，即是黑夜。",
          "link": "//game.gtimg.cn/images/yxzj/zlkdatasys/audios/audio/20220411/16496632486808.mp3"
        },
        {
          "text": "森罗列阵，日月转轮。",
          "link": "//game.gtimg.cn/images/yxzj/zlkdatasys/audios/audio/20220411/16496633091016.mp3"
        },
        {
          "text": "我心如冰剑如霜……",
          "link": "//game.gtimg.cn/images/yxzj/zlkdatasys/audios/audio/20220411/16496633673622.mp3"
        },
        {
          "text": "如果害怕，就跑吧。",
          "link": "//game.gtimg.cn/images/yxzj/zlkdatasys/audios/audio/20220411/16496634136844.mp3"
        },
        {
          "text": "独倚白夜，破魔为生",
          "link": "//game.gtimg.cn/images/yxzj/zlkdatasys/audios/audio/20220411/16496634691491.mp3"
        }
      ],
      "name": "一念神魔"
    },
    {
      "voice": [
        {
          "text": "凝瑞气，定山海",
          "link": "//game.gtimg.cn/images/yxzj/zlkdatasys/audios/audio/20230216/16765283221691.mp3"
        },
        {
          "text": "寒冰铸骨，热血难凉！",
          "link": "//game.gtimg.cn/images/yxzj/zlkdatasys/audios/audio/20230216/16765283479201.mp3"
        },
        {
          "text": "心火重燃！",
          "link": "//game.gtimg.cn/images/yxzj/zlkdatasys/audios/audio/20230216/16765283696112.mp3"
        },
        {
          "text": "山海有灵，天地共生",
          "link": "//game.gtimg.cn/images/yxzj/zlkdatasys/audios/audio/20230214/16763625585839.wav"
        },
        {
          "text": "素蒙山海之恩泽，必救造化于危难",
          "link": "//game.gtimg.cn/images/yxzj/zlkdatasys/audios/audio/20230214/16763627368805.mp3"
        },
        {
          "text": "火可熄而不可夺其热，士可伤却不可损其志",
          "link": "//game.gtimg.cn/images/yxzj/zlkdatasys/audios/audio/20230214/16763627705160.mp3"
        },
        {
          "text": "燎星火，照四方！",
          "link": "//game.gtimg.cn/images/yxzj/zlkdatasys/audios/audio/20230214/16763628029443.mp3"
        },
        {
          "text": "山海异界，所守同源",
          "link": "//game.gtimg.cn/images/yxzj/zlkdatasys/audios/audio/20230214/16763628229362.mp3"
        },
        {
          "text": "燃此不屈魂，铸我手中刃",
          "link": "//game.gtimg.cn/images/yxzj/zlkdatasys/audios/audio/20230214/16763628428904.mp3"
        },
        {
          "text": "当第一缕焰光亮起，黑暗亦是我们的领土",
          "link": "//game.gtimg.cn/images/yxzj/zlkdatasys/audios/audio/20230214/16763628698209.mp3"
        },
        {
          "text": "玄离，替我镇守此处……",
          "link": "//game.gtimg.cn/images/yxzj/zlkdatasys/audios/audio/20230214/16763629487492.mp3"
        },
        {
          "text": "你不曾见过火光，难怪甘于漂泊寒夜",
          "link": "//game.gtimg.cn/images/yxzj/zlkdatasys/audios/audio/20230214/16763629822658.mp3"
        },
        {
          "text": "山海之间，会有重逢",
          "link": "//game.gtimg.cn/images/yxzj/zlkdatasys/audios/audio/20230214/16763630344349.mp3"
        },
        {
          "text": "为与山海之誓约，拔剑向前！",
          "link": "//game.gtimg.cn/images/yxzj/zlkdatasys/audios/audio/20230214/16763635058037.mp3"
        },
        {
          "text": "身躯于风雪中重塑，信念在绝境中新生",
          "link": "//game.gtimg.cn/images/yxzj/zlkdatasys/audios/audio/20230214/16763637949476.mp3"
        },
        {
          "text": "拨风雪，破寒夜！",
          "link": "//game.gtimg.cn/images/yxzj/zlkdatasys/audios/audio/20230214/16763638212685.mp3"
        },
        {
          "text": "（哼）刺骨的家伙，要来硬碰硬吗？",
          "link": "//game.gtimg.cn/images/yxzj/zlkdatasys/audios/audio/20230214/16763638506695.mp3"
        },
        {
          "text": "炽心化寒剑，冰霜作铁衣",
          "link": "//game.gtimg.cn/images/yxzj/zlkdatasys/audios/audio/20230214/16763638816089.mp3"
        },
        {
          "text": "但问千山风雪，可敢应我一剑？",
          "link": "//game.gtimg.cn/images/yxzj/zlkdatasys/audios/audio/20230214/16763639085109.mp3"
        },
        {
          "text": "玄离，继续向前……",
          "link": "//game.gtimg.cn/images/yxzj/zlkdatasys/audios/audio/20230214/16763639413774.mp3"
        },
        {
          "text": "孤身徜徉的旅人，可曾惧怕迷失于冰原？",
          "link": "//game.gtimg.cn/images/yxzj/zlkdatasys/audios/audio/20230214/16763639779067.mp3"
        },
        {
          "text": "灵脉赠赤帝以炬火，祝融馈山海以希望",
          "link": "//game.gtimg.cn/images/yxzj/zlkdatasys/audios/audio/20230214/16763640216356.mp3"
        },
        {
          "text": "悬安危于一刃，系存殁于我肩。",
          "link": "//game.gtimg.cn/images/yxzj/zlkdatasys/audios/audio/20230214/16763640418069.mp3"
        },
        {
          "text": "砾石尚在，火种不绝！",
          "link": "//game.gtimg.cn/images/yxzj/zlkdatasys/audios/audio/20230214/16763640699670.mp3"
        },
        {
          "text": "我们未知拂晓何方，我们唯有彻夜前行",
          "link": "//game.gtimg.cn/images/yxzj/zlkdatasys/audios/audio/20230214/16763640928080.mp3"
        },
        {
          "text": "玄离，我并不后悔……",
          "link": "//game.gtimg.cn/images/yxzj/zlkdatasys/audios/audio/20230214/16763641192347.mp3"
        },
        {
          "text": "还未行至绝路，便要言弃吗？",
          "link": "//game.gtimg.cn/images/yxzj/zlkdatasys/audios/audio/20230214/16763641706009.mp3"
        },
        {
          "text": "令四海宇内，重燃祝融之火！",
          "link": "//game.gtimg.cn/images/yxzj/zlkdatasys/audios/audio/20230214/16763642981862.mp3"
        },
        {
          "text": "笑万仞寒山，不敌我身作剑！",
          "link": "//game.gtimg.cn/images/yxzj/zlkdatasys/audios/audio/20230214/16763643359905.mp3"
        },
        {
          "text": "且守——山海无恙",
          "link": "//game.gtimg.cn/images/yxzj/zlkdatasys/audios/audio/20230214/16763643698146.mp3"
        },
        {
          "text": "且战——天地莫挡！",
          "link": "//game.gtimg.cn/images/yxzj/zlkdatasys/audios/audio/20230214/16763643977587.mp3"
        },
        {
          "text": "浴火重生！",
          "link": "//game.gtimg.cn/images/yxzj/zlkdatasys/audios/audio/20230214/16763644272209.mp3"
        },
        {
          "text": "饮冰而行！",
          "link": "//game.gtimg.cn/images/yxzj/zlkdatasys/audios/audio/20230214/16763644588145.mp3"
        },
        {
          "text": "长夜无明（暗信），执我为炬（光信）",
          "link": "//game.gtimg.cn/images/yxzj/zlkdatasys/audios/audio/20230214/16763644896764.mp3"
        },
        {
          "text": "何惧舍身（光信），挥为利刃（暗信）",
          "link": "//game.gtimg.cn/images/yxzj/zlkdatasys/audios/audio/20230214/16763645161159.mp3"
        },
        {
          "text": "何夜无月，何处无篝火，但有吾友在侧",
          "link": "//game.gtimg.cn/images/yxzj/zlkdatasys/audios/audio/20230214/16763645842562.mp3"
        },
        {
          "text": "唤起一天明月，照你我满怀冰雪",
          "link": "//game.gtimg.cn/images/yxzj/zlkdatasys/audios/audio/20230214/16763646192549.mp3"
        },
        {
          "text": "且试篝火，待吾友归",
          "link": "//game.gtimg.cn/images/yxzj/zlkdatasys/audios/audio/20230214/16763646482104.mp3"
        },
        {
          "text": "玄离~",
          "link": "//game.gtimg.cn/images/yxzj/zlkdatasys/audios/audio/20230214/16763646791061.mp3"
        },
        {
          "text": "看好了~接住！",
          "link": "//game.gtimg.cn/images/yxzj/zlkdatasys/audios/audio/20230214/16763647096621.mp3"
        },
        {
          "text": "玄离？玄离？……早点回家",
          "link": "//game.gtimg.cn/images/yxzj/zlkdatasys/audios/audio/20230214/16763647337011.mp3"
        },
        {
          "text": "周游四海的冒险家，我亦有所耳闻。",
          "link": "//game.gtimg.cn/images/yxzj/zlkdatasys/audios/audio/20230215/16764538544143.mp3"
        },
        {
          "text": "我们用眼神和尾巴交流……难道你们不是？",
          "link": "//game.gtimg.cn/images/yxzj/zlkdatasys/audios/audio/20230215/16764540484895.mp3"
        }
      ],
      "name": "山海·炽霜斩"
    }
  ]
}
