{
  "data": [
    {
      "voice": [
        {
          "text": "秘密的密，探案的探！",
          "link": "//game.gtimg.cn/images/yxzj/zlkdatasys/audios/audio/20220414/16499308138503.mp3"
        },
        {
          "text": "做坏蛋，要有结局会悲剧的觉悟。",
          "link": "//game.gtimg.cn/images/yxzj/zlkdatasys/audios/audio/20220414/16499308254720.mp3"
        },
        {
          "text": "狄大人，下月的工资评定，请对我温柔点！",
          "link": "//game.gtimg.cn/images/yxzj/zlkdatasys/audios/audio/20220414/16499308388769.mp3"
        },
        {
          "text": "暗夜才是密探的主场",
          "link": "//game.gtimg.cn/images/yxzj/zlkdatasys/audios/audio/20220411/16496622703826.wav"
        },
        {
          "text": "在看你，一直在看着你。",
          "link": "//game.gtimg.cn/images/yxzj/zlkdatasys/audios/audio/20220411/16496622911137.wav"
        },
        {
          "text": "你有权保持沉默，但所说的都将成为呈堂证供！",
          "link": "//game.gtimg.cn/images/yxzj/zlkdatasys/audios/audio/20220411/16496623047162.wav"
        },
        {
          "text": "给予破坏者正确的绝望",
          "link": "//game.gtimg.cn/images/yxzj/zlkdatasys/audios/audio/20220411/16496623162316.wav"
        },
        {
          "text": "哎~小本本上八卦羞哒哒……人生太复杂。",
          "link": "//game.gtimg.cn/images/yxzj/zlkdatasys/audios/audio/20220411/16496623301714.wav"
        },
        {
          "text": "暂时潜伏",
          "link": "//game.gtimg.cn/images/yxzj/zlkdatasys/audios/audio/20220411/16496623496023.wav"
        },
        {
          "text": "飞刀，又见飞刀！",
          "link": "//game.gtimg.cn/images/yxzj/zlkdatasys/audios/audio/20220411/16496623686615.wav"
        },
        {
          "text": "刀刀致命！",
          "link": "//game.gtimg.cn/images/yxzj/zlkdatasys/audios/audio/20220411/16496623818305.wav"
        },
        {
          "text": "小李飞刀，例不虚发",
          "link": "//game.gtimg.cn/images/yxzj/zlkdatasys/audios/audio/20220411/16496623949557.wav"
        },
        {
          "text": "证据搜查！",
          "link": "//game.gtimg.cn/images/yxzj/zlkdatasys/audios/audio/20220411/16496624062933.wav"
        },
        {
          "text": "反抗，就爆你的料！",
          "link": "//game.gtimg.cn/images/yxzj/zlkdatasys/audios/audio/20220411/16496624184363.wav"
        },
        {
          "text": "想逃不等于能逃",
          "link": "//game.gtimg.cn/images/yxzj/zlkdatasys/audios/audio/20220411/16496624337558.wav"
        },
        {
          "text": "路过，顺手咯~",
          "link": "//game.gtimg.cn/images/yxzj/zlkdatasys/audios/audio/20220411/16496624553946.wav"
        },
        {
          "text": "略略略~叫我狗仔队的下场",
          "link": "//game.gtimg.cn/images/yxzj/zlkdatasys/audios/audio/20220411/16496624713292.wav"
        },
        {
          "text": "狄大人，我只是秉公处理不要扣我工资",
          "link": "//game.gtimg.cn/images/yxzj/zlkdatasys/audios/audio/20220411/16496624987262.mp3"
        },
        {
          "text": "小本本上，也有狄大人的小秘密哦",
          "link": "//game.gtimg.cn/images/yxzj/zlkdatasys/audios/audio/20220411/16496625462698.mp3"
        },
        {
          "text": "狄大人，就算在河道，我也不会摸鱼的哦",
          "link": "//game.gtimg.cn/images/yxzj/zlkdatasys/audios/audio/20220411/16496625653126.mp3"
        },
        {
          "text": "狄大人，今天一起加班吗？",
          "link": "//game.gtimg.cn/images/yxzj/zlkdatasys/audios/audio/20220411/16496625827128.mp3"
        },
        {
          "text": "英雄，就是守护自己能够守护的人",
          "link": "//game.gtimg.cn/images/yxzj/zlkdatasys/audios/audio/20220411/16496625991838.mp3"
        },
        {
          "text": "这个月的工资评定又完了",
          "link": "//game.gtimg.cn/images/yxzj/zlkdatasys/audios/audio/20220427/16510537852564.mp3"
        },
        {
          "text": "这句话应该是我说吧",
          "link": "//game.gtimg.cn/images/yxzj/zlkdatasys/audios/audio/20220427/16510538025218.mp3"
        },
        {
          "text": "小本本上没有姓名的男人……让我想办法挖点料！",
          "link": "//game.gtimg.cn/images/yxzj/zlkdatasys/audios/audio/20220428/16511355753070.mp3"
        },
        {
          "text": "早就说了，包打听就找我~~",
          "link": "//game.gtimg.cn/images/yxzj/zlkdatasys/audios/audio/20220428/16511356046865.mp3"
        },
        {
          "text": "好好的院门不走，你俩为何总是翻墙。",
          "link": "//game.gtimg.cn/images/yxzj/zlkdatasys/audios/audio/20221129/16697154593802.mp3"
        },
        {
          "text": "哎，以后少了个免费打手。",
          "link": "//game.gtimg.cn/images/yxzj/zlkdatasys/audios/audio/20221129/16697154803628.mp3"
        }
      ],
      "name": "原皮"
    },
    {
      "voice": [
        {
          "text": "夏天的味道？甜腻腻的……",
          "link": "//game.gtimg.cn/images/yxzj/zlkdatasys/audios/audio/20220414/16499308743919.mp3"
        },
        {
          "text": "大海和游泳圈最搭了！",
          "link": "//game.gtimg.cn/images/yxzj/zlkdatasys/audios/audio/20220414/16499308871459.mp3"
        },
        {
          "text": "我的水枪和眼睛，都在瞄准你！",
          "link": "//game.gtimg.cn/images/yxzj/zlkdatasys/audios/audio/20220414/16499309003630.mp3"
        },
        {
          "text": "你！兔子！举起手来！Biubiubiu~",
          "link": "//game.gtimg.cn/images/yxzj/zlkdatasys/audios/audio/20220411/16496627728528.wav"
        },
        {
          "text": "用沙子堆了个防御塔~",
          "link": "//game.gtimg.cn/images/yxzj/zlkdatasys/audios/audio/20220411/16496627845814.wav"
        },
        {
          "text": "这次的对手，是个偷心贼！",
          "link": "//game.gtimg.cn/images/yxzj/zlkdatasys/audios/audio/20220411/16496627964317.wav"
        },
        {
          "text": "可以永远玩扮演游戏吗？",
          "link": "//game.gtimg.cn/images/yxzj/zlkdatasys/audios/audio/20220411/16496628084057.wav"
        },
        {
          "text": "小心点儿！这片海滩都被我占领了！",
          "link": "//game.gtimg.cn/images/yxzj/zlkdatasys/audios/audio/20220411/16496628222253.wav"
        },
        {
          "text": "糟糕，子弹用光了……",
          "link": "//game.gtimg.cn/images/yxzj/zlkdatasys/audios/audio/20220411/16496628408253.wav"
        },
        {
          "text": "抗拒从严，坦白也从严~",
          "link": "//game.gtimg.cn/images/yxzj/zlkdatasys/audios/audio/20220411/16496628988915.wav"
        },
        {
          "text": "犯困了吗？清醒一下！Bong~",
          "link": "//game.gtimg.cn/images/yxzj/zlkdatasys/audios/audio/20220411/16496628878492.mp3"
        },
        {
          "text": "海风送来了你心里的小秘密~",
          "link": "//game.gtimg.cn/images/yxzj/zlkdatasys/audios/audio/20220411/16496629167190.mp3"
        },
        {
          "text": "哈哈，你输了！不要偷偷哭鼻子哦！",
          "link": "//game.gtimg.cn/images/yxzj/zlkdatasys/audios/audio/20220411/16496629328299.wav"
        },
        {
          "text": "交出冰淇淋，我可以考虑放你一马~",
          "link": "//game.gtimg.cn/images/yxzj/zlkdatasys/audios/audio/20220411/16496629478802.wav"
        }
      ],
      "name": "逐浪之夏"
    },
    {
      "voice": [
        {
          "text": "别以为上天的都叫宇航员~我，是个星探！",
          "link": "//game.gtimg.cn/images/yxzj/zlkdatasys/audios/audio/20220414/16499309372597.mp3"
        },
        {
          "text": "嘿，孤独的小行星！你是在等待我命名吗？",
          "link": "//game.gtimg.cn/images/yxzj/zlkdatasys/audios/audio/20220418/16502715037977.mp3"
        },
        {
          "text": "不明电波？...立..刻…回答...立刻~回答！立~刻~回答！",
          "link": "//game.gtimg.cn/images/yxzj/zlkdatasys/audios/audio/20220411/16496630812587.wav"
        },
        {
          "text": "1月6号，天气晴，疑似发现一只太空...喵？",
          "link": "//game.gtimg.cn/images/yxzj/zlkdatasys/audios/audio/20220411/16496630982466.wav"
        },
        {
          "text": "我见过612颗星星，第一次拥有属于自己的那颗",
          "link": "//game.gtimg.cn/images/yxzj/zlkdatasys/audios/audio/20220411/16496631118871.wav"
        },
        {
          "text": "“银河鼠”号今日正式升级——“银河猫鼠”号！",
          "link": "//game.gtimg.cn/images/yxzj/zlkdatasys/audios/audio/20220411/16496631274257.wav"
        },
        {
          "text": "在我的火箭上画只猫吧~",
          "link": "//game.gtimg.cn/images/yxzj/zlkdatasys/audios/audio/20220411/16496631477404.wav"
        },
        {
          "text": "下一站：河外星系~",
          "link": "//game.gtimg.cn/images/yxzj/zlkdatasys/audios/audio/20220411/16496631609069.wav"
        },
        {
          "text": "当你抬头仰望，我就在那里",
          "link": "//game.gtimg.cn/images/yxzj/zlkdatasys/audios/audio/20220411/16496631775154.wav"
        },
        {
          "text": "不会停止前进，更不会忘记约定",
          "link": "//game.gtimg.cn/images/yxzj/zlkdatasys/audios/audio/20220411/16496631899806.wav"
        },
        {
          "text": "还有人…在等我…",
          "link": "//game.gtimg.cn/images/yxzj/zlkdatasys/audios/audio/20220411/16496632061157.wav"
        },
        {
          "text": "太空快递~",
          "link": "//game.gtimg.cn/images/yxzj/zlkdatasys/audios/audio/20220411/16496632212390.wav"
        },
        {
          "text": "加速推进！",
          "link": "//game.gtimg.cn/images/yxzj/zlkdatasys/audios/audio/20220411/16496632349757.wav"
        },
        {
          "text": "自转启动~",
          "link": "//game.gtimg.cn/images/yxzj/zlkdatasys/audios/audio/20220411/16496632478143.wav"
        },
        {
          "text": "欢迎来到宇宙中心~",
          "link": "//game.gtimg.cn/images/yxzj/zlkdatasys/audios/audio/20220411/16496632616482.wav"
        },
        {
          "text": "又多了颗流星~许愿喽！",
          "link": "//game.gtimg.cn/images/yxzj/zlkdatasys/audios/audio/20220411/16496632825059.wav"
        },
        {
          "text": "你以为，装猫我就会怕你了吗？",
          "link": "//game.gtimg.cn/images/yxzj/zlkdatasys/audios/audio/20220411/16496632963309.wav"
        },
        {
          "text": "答案真的是42吗？… 我要自己找到！",
          "link": "//game.gtimg.cn/images/yxzj/zlkdatasys/audios/audio/20220411/16496633239743.wav"
        },
        {
          "text": "喏，我带回来的土星特产，喜欢吗？",
          "link": "//game.gtimg.cn/images/yxzj/zlkdatasys/audios/audio/20220411/16496633424625.wav"
        },
        {
          "text": "浩瀚宇宙中，某人的夜晚因你而美丽~",
          "link": "//game.gtimg.cn/images/yxzj/zlkdatasys/audios/audio/20220411/16496633559263.wav"
        }
      ],
      "name": "银河之约"
    },
    {
      "voice": [
        {
          "text": "在寻找一个被城市遗忘的春日……迎着风，就会找到它！",
          "link": "//game.gtimg.cn/images/yxzj/zlkdatasys/audios/audio/20220418/16502715276380.mp3"
        },
        {
          "text": "天空留下春意，那是风筝正在飞过~",
          "link": "//game.gtimg.cn/images/yxzj/zlkdatasys/audios/audio/20220414/16499310558199.mp3"
        },
        {
          "text": "纸鸢的尾巴，将世界裁成春天形状~",
          "link": "//game.gtimg.cn/images/yxzj/zlkdatasys/audios/audio/20220414/16499310711795.mp3"
        },
        {
          "text": "半瘦燕子耐狂飙，小小少年起得早~",
          "link": "//game.gtimg.cn/images/yxzj/zlkdatasys/audios/audio/20220411/16496635493286.mp3"
        },
        {
          "text": "陈年硬竹，扎成黄口新燕~",
          "link": "//game.gtimg.cn/images/yxzj/zlkdatasys/audios/audio/20220411/16496635631645.wav"
        },
        {
          "text": "春风从不失约，是我们忘记迎接它",
          "link": "//game.gtimg.cn/images/yxzj/zlkdatasys/audios/audio/20220411/16496635805496.mp3"
        },
        {
          "text": "生活不在别处，就在抬头看的高处~",
          "link": "//game.gtimg.cn/images/yxzj/zlkdatasys/audios/audio/20220411/16496635981568.mp3"
        },
        {
          "text": "放飞无数个春天~",
          "link": "//game.gtimg.cn/images/yxzj/zlkdatasys/audios/audio/20220411/16496636124859.wav"
        },
        {
          "text": "带上风筝，跟我去野区踏踏青~",
          "link": "//game.gtimg.cn/images/yxzj/zlkdatasys/audios/audio/20220411/16496636309318.wav"
        },
        {
          "text": "坠落…半空……",
          "link": "//game.gtimg.cn/images/yxzj/zlkdatasys/audios/audio/20220411/16496636531589.mp3"
        },
        {
          "text": "接好！",
          "link": "//game.gtimg.cn/images/yxzj/zlkdatasys/audios/audio/20220411/16496636708287.wav"
        },
        {
          "text": "四个风筝，炸！",
          "link": "//game.gtimg.cn/images/yxzj/zlkdatasys/audios/audio/20220411/16496636836949.wav"
        },
        {
          "text": "放风筝咯！",
          "link": "//game.gtimg.cn/images/yxzj/zlkdatasys/audios/audio/20220411/16496637019248.wav"
        },
        {
          "text": "卷走阴霾！",
          "link": "//game.gtimg.cn/images/yxzj/zlkdatasys/audios/audio/20220411/16496637164926.wav"
        },
        {
          "text": "送你一整片天空~",
          "link": "//game.gtimg.cn/images/yxzj/zlkdatasys/audios/audio/20220411/16496637298593.wav"
        },
        {
          "text": "别总躲在草丛里 ，出来晒太阳啦！",
          "link": "//game.gtimg.cn/images/yxzj/zlkdatasys/audios/audio/20220411/16496638535918.mp3"
        },
        {
          "text": "你也一起上天！",
          "link": "//game.gtimg.cn/images/yxzj/zlkdatasys/audios/audio/20220411/16496639234225.wav"
        },
        {
          "text": "把烦心事都~~放走~",
          "link": "//game.gtimg.cn/images/yxzj/zlkdatasys/audios/audio/20220411/16496639457125.wav"
        },
        {
          "text": "莺啼草长，正是探春好时光！",
          "link": "//game.gtimg.cn/images/yxzj/zlkdatasys/audios/audio/20220411/16496639659400.wav"
        }
      ],
      "name": "飞鸢探春"
    },
    {
      "voice": [
        {
          "text": "目标已确认，追踪行动开始！",
          "link": "//game.gtimg.cn/images/yxzj/zlkdatasys/audios/audio/20230907/16940694327748.mp3"
        },
        {
          "text": "不放过任何蛛丝马迹，从不可能中寻找可能。",
          "link": "//game.gtimg.cn/images/yxzj/zlkdatasys/audios/audio/20230907/16940694515208.mp3"
        },
        {
          "text": "指纹能被擦除，但真相永远无法被掩藏。",
          "link": "//game.gtimg.cn/images/yxzj/zlkdatasys/audios/audio/20230907/16940694652040.mp3"
        },
        {
          "text": "光，也有它的影子。",
          "link": "//game.gtimg.cn/images/yxzj/zlkdatasys/audios/audio/20230907/16940548036068.mp3"
        },
        {
          "text": "委托目标，名为Z的武器和无法无天的黑客。",
          "link": "//game.gtimg.cn/images/yxzj/zlkdatasys/audios/audio/20230907/16940548345778.mp3"
        },
        {
          "text": "缺少睡眠是侦探的常态，谁叫坏人老在夜里出没。",
          "link": "//game.gtimg.cn/images/yxzj/zlkdatasys/audios/audio/20230907/16940548637289.mp3"
        },
        {
          "text": "躺在安乐椅上可不是我的风格！",
          "link": "//game.gtimg.cn/images/yxzj/zlkdatasys/audios/audio/20230907/16940549253688.mp3"
        },
        {
          "text": "你问委托人是谁？对不起，无可奉告！",
          "link": "//game.gtimg.cn/images/yxzj/zlkdatasys/audios/audio/20230907/16940549502941.mp3"
        },
        {
          "text": "对侦探而言，头脑是最原始但也是最有效的工具。",
          "link": "//game.gtimg.cn/images/yxzj/zlkdatasys/audios/audio/20230907/16940550247924.mp3"
        },
        {
          "text": "迄今为止共完成115次委托，希望这次能更有趣些。",
          "link": "//game.gtimg.cn/images/yxzj/zlkdatasys/audios/audio/20230907/16940550491674.mp3"
        },
        {
          "text": "黑夜中的独行者，偶尔也想拥有能够共患难的队友。",
          "link": "//game.gtimg.cn/images/yxzj/zlkdatasys/audios/audio/20230907/16940551521972.mp3"
        },
        {
          "text": "在场各位都有嫌疑……",
          "link": "//game.gtimg.cn/images/yxzj/zlkdatasys/audios/audio/20230907/16940551769826.mp3"
        },
        {
          "text": "你笑不到最后……",
          "link": "//game.gtimg.cn/images/yxzj/zlkdatasys/audios/audio/20230907/16940552027127.mp3"
        },
        {
          "text": "步法追踪！",
          "link": "//game.gtimg.cn/images/yxzj/zlkdatasys/audios/audio/20230907/16940552266735.mp3"
        },
        {
          "text": "我找到你了！",
          "link": "//game.gtimg.cn/images/yxzj/zlkdatasys/audios/audio/20230907/16940552486517.mp3"
        },
        {
          "text": "电磁索敌！",
          "link": "//game.gtimg.cn/images/yxzj/zlkdatasys/audios/audio/20230907/16940552735065.mp3"
        },
        {
          "text": "无人机升空！",
          "link": "//game.gtimg.cn/images/yxzj/zlkdatasys/audios/audio/20230907/16940552986154.mp3"
        },
        {
          "text": "哨兵出动！",
          "link": "//game.gtimg.cn/images/yxzj/zlkdatasys/audios/audio/20230907/16940553217103.mp3"
        },
        {
          "text": "回旋拦击！",
          "link": "//game.gtimg.cn/images/yxzj/zlkdatasys/audios/audio/20230907/16940553595215.mp3"
        },
        {
          "text": "真相大白！",
          "link": "//game.gtimg.cn/images/yxzj/zlkdatasys/audios/audio/20230907/16940554043512.mp3"
        },
        {
          "text": "你的不在场证明不成立！",
          "link": "//game.gtimg.cn/images/yxzj/zlkdatasys/audios/audio/20230907/16940554332796.mp3"
        },
        {
          "text": "当侦探嘛，智慧必不可少……看来你没法成为我的同行了。",
          "link": "//game.gtimg.cn/images/yxzj/zlkdatasys/audios/audio/20230907/16940554746320.mp3"
        },
        {
          "text": "目标嫌疑人已锁定，请指示。",
          "link": "//game.gtimg.cn/images/yxzj/zlkdatasys/audios/audio/20230907/16940555898502.mp3"
        },
        {
          "text": "就目前的危害性而言，他的确可以被无视。",
          "link": "//game.gtimg.cn/images/yxzj/zlkdatasys/audios/audio/20230907/16940558536000.mp3"
        },
        {
          "text": "他想知道匿光会不会威胁到城市的安宁。",
          "link": "//game.gtimg.cn/images/yxzj/zlkdatasys/audios/audio/20230907/16940559176097.mp3"
        },
        {
          "text": "为了真相，我答应你的条件。",
          "link": "//game.gtimg.cn/images/yxzj/zlkdatasys/audios/audio/20230907/16940559423661.mp3"
        },
        {
          "text": "再轻悄的脚步都逃不过本侦探的耳朵！",
          "link": "//game.gtimg.cn/images/yxzj/zlkdatasys/audios/audio/20230907/16940559668098.mp3"
        },
        {
          "text": "首先你得洗清自己的嫌疑。",
          "link": "//game.gtimg.cn/images/yxzj/zlkdatasys/audios/audio/20230907/16940560013883.mp3"
        },
        {
          "text": "再说一遍，它们是无人机，不是蝙蝠！",
          "link": "//game.gtimg.cn/images/yxzj/zlkdatasys/audios/audio/20230907/16940560434966.mp3"
        },
        {
          "text": "无人机的修复与护理……我也有这本书！",
          "link": "//game.gtimg.cn/images/yxzj/zlkdatasys/audios/audio/20230907/16940560916769.mp3"
        },
        {
          "text": "不好意思，你认错人了。",
          "link": "//game.gtimg.cn/images/yxzj/zlkdatasys/audios/audio/20230907/16940561273426.mp3"
        },
        {
          "text": "他隶属于名为匿光的组织……具体情报尚待调查。",
          "link": "//game.gtimg.cn/images/yxzj/zlkdatasys/audios/audio/20230907/16940561557283.mp3"
        },
        {
          "text": "我已经以个人身份加入匿光，但答应你的委托还是会继续完成。",
          "link": "//game.gtimg.cn/images/yxzj/zlkdatasys/audios/audio/20230907/16940561794830.mp3"
        },
        {
          "text": "他让我转告你一句话，二十年前的危机并未解除。",
          "link": "//game.gtimg.cn/images/yxzj/zlkdatasys/audios/audio/20230907/16940562086376.mp3"
        },
        {
          "text": "放心吧，他已经在做准备了。",
          "link": "//game.gtimg.cn/images/yxzj/zlkdatasys/audios/audio/20230907/16940562549826.mp3"
        }
      ],
      "name": "匿光侦查者"
    }
  ]
}
