{
  "data": [
    {
      "voice": [
        {
          "text": "令则行，禁则止，无有所怠！",
          "link": "//game.gtimg.cn/images/yxzj/zlkdatasys/audios/audio/20220413/16498496061158.mp3"
        },
        {
          "text": "兵可千日而不用，不可一日而不备。",
          "link": "//game.gtimg.cn/images/yxzj/zlkdatasys/audios/audio/20220413/16498496198746.mp3"
        },
        {
          "text": "军无众寡，士无勇怯，以治则胜，以乱则负。",
          "link": "//game.gtimg.cn/images/yxzj/zlkdatasys/audios/audio/20220413/16498496322035.mp3"
        },
        {
          "text": "用兵之道，在于用阵。",
          "link": "//game.gtimg.cn/images/yxzj/zlkdatasys/audios/audio/20220412/16497330591195.wav"
        },
        {
          "text": "言多变则不信，令频改则难从。",
          "link": "//game.gtimg.cn/images/yxzj/zlkdatasys/audios/audio/20220412/16497330724048.wav"
        },
        {
          "text": "为阵之法，在于分合。",
          "link": "//game.gtimg.cn/images/yxzj/zlkdatasys/audios/audio/20220412/16497330867158.wav"
        },
        {
          "text": "护国佑民，将之大任。",
          "link": "//game.gtimg.cn/images/yxzj/zlkdatasys/audios/audio/20220412/16497330996870.wav"
        },
        {
          "text": "士以进死为荣，退生为辱。",
          "link": "//game.gtimg.cn/images/yxzj/zlkdatasys/audios/audio/20220412/16497331125466.wav"
        },
        {
          "text": "士虽破敌，但滥行杀戮，斩之。",
          "link": "//game.gtimg.cn/images/yxzj/zlkdatasys/audios/audio/20220412/16497331292472.wav"
        },
        {
          "text": "闻鼓声而进，闻金声而退。",
          "link": "//game.gtimg.cn/images/yxzj/zlkdatasys/audios/audio/20220412/16497331454992.wav"
        },
        {
          "text": "为将者，受命忘家，临敌忘身。",
          "link": "//game.gtimg.cn/images/yxzj/zlkdatasys/audios/audio/20220412/16497344057435.wav"
        },
        {
          "text": "众寡同力，则战必胜，守必固。",
          "link": "//game.gtimg.cn/images/yxzj/zlkdatasys/audios/audio/20220412/16497344403388.wav"
        },
        {
          "text": "以身许国，吾之荣也……",
          "link": "//game.gtimg.cn/images/yxzj/zlkdatasys/audios/audio/20220412/16497344602263.wav"
        },
        {
          "text": "吾志所向，虽死无悔……",
          "link": "//game.gtimg.cn/images/yxzj/zlkdatasys/audios/audio/20220412/16497344876596.wav"
        },
        {
          "text": "死战不退……",
          "link": "//game.gtimg.cn/images/yxzj/zlkdatasys/audios/audio/20220412/16497346457236.wav"
        },
        {
          "text": "兵贵神速。",
          "link": "//game.gtimg.cn/images/yxzj/zlkdatasys/audios/audio/20220412/16497346927262.wav"
        },
        {
          "text": "严阵以待。",
          "link": "//game.gtimg.cn/images/yxzj/zlkdatasys/audios/audio/20220412/16497349047061.wav"
        },
        {
          "text": "以战代守，以击解围。",
          "link": "//game.gtimg.cn/images/yxzj/zlkdatasys/audios/audio/20220412/16497349216258.wav"
        },
        {
          "text": "以逸待劳，以静制动。",
          "link": "//game.gtimg.cn/images/yxzj/zlkdatasys/audios/audio/20220412/16497350029572.wav"
        },
        {
          "text": "全军列阵。",
          "link": "//game.gtimg.cn/images/yxzj/zlkdatasys/audios/audio/20220412/16497350169241.wav"
        },
        {
          "text": "雁形之阵。",
          "link": "//game.gtimg.cn/images/yxzj/zlkdatasys/audios/audio/20220412/16497350345069.wav"
        },
        {
          "text": "方圆之阵。",
          "link": "//game.gtimg.cn/images/yxzj/zlkdatasys/audios/audio/20220412/16497350562701.wav"
        },
        {
          "text": "战场不是你该来之地，给我回去！",
          "link": "//game.gtimg.cn/images/yxzj/zlkdatasys/audios/audio/20220415/16500161732164.mp3"
        },
        {
          "text": "站好，呆在我身后！",
          "link": "//game.gtimg.cn/images/yxzj/zlkdatasys/audios/audio/20220415/16500161859155.mp3"
        },
        {
          "text": "任性妄为，兵家大忌！",
          "link": "//game.gtimg.cn/images/yxzj/zlkdatasys/audios/audio/20220415/16500161963813.mp3"
        },
        {
          "text": "一个人无法守护千万人，但规则与秩序可以。",
          "link": "//game.gtimg.cn/images/yxzj/zlkdatasys/audios/audio/20220415/16500162089539.mp3"
        },
        {
          "text": "不为不同而不同，不为标新而立异！",
          "link": "//game.gtimg.cn/images/yxzj/zlkdatasys/audios/audio/20220415/16500162202057.mp3"
        },
        {
          "text": "无拘不代表无纪，无束不代表为所欲为！",
          "link": "//game.gtimg.cn/images/yxzj/zlkdatasys/audios/audio/20220415/16500162342749.mp3"
        },
        {
          "text": "打破的不只是规则，还有最坚固的屏障！",
          "link": "//game.gtimg.cn/images/yxzj/zlkdatasys/audios/audio/20220415/16500162453730.mp3"
        },
        {
          "text": "为将者护国佑民，不容任何疏漏！",
          "link": "//game.gtimg.cn/images/yxzj/zlkdatasys/audios/audio/20220415/16500162563902.mp3"
        },
        {
          "text": "黑色，光明的预演",
          "link": "//game.gtimg.cn/images/yxzj/zlkdatasys/audios/audio/20220412/16497352546821.wav"
        },
        {
          "text": "旗开得胜。",
          "link": "//game.gtimg.cn/images/yxzj/zlkdatasys/audios/audio/20220412/16497352728695.wav"
        },
        {
          "text": "败军之将，敢入吾阵？",
          "link": "//game.gtimg.cn/images/yxzj/zlkdatasys/audios/audio/20220412/16497352881347.wav"
        },
        {
          "text": "吾等速战速决！",
          "link": "//game.gtimg.cn/images/yxzj/zlkdatasys/audios/audio/20220412/16497353265205.wav"
        },
        {
          "text": "汝之冷静，吾甚欣赏。",
          "link": "//game.gtimg.cn/images/yxzj/zlkdatasys/audios/audio/20220412/16497353388514.wav"
        },
        {
          "text": "多谢阁下照顾犬子",
          "link": "//game.gtimg.cn/images/yxzj/zlkdatasys/audios/audio/20220412/16497353533574.wav"
        },
        {
          "text": "陛下，战场可非儿戏！",
          "link": "//game.gtimg.cn/images/yxzj/zlkdatasys/audios/audio/20220412/16497353672254.wav"
        },
        {
          "text": "势如破竹，长驱直入。",
          "link": "//game.gtimg.cn/images/yxzj/zlkdatasys/audios/audio/20220412/16497353835139.wav"
        },
        {
          "text": "进！",
          "link": "//game.gtimg.cn/images/yxzj/zlkdatasys/audios/audio/20220412/16497348031679.wav"
        },
        {
          "text": "击！",
          "link": "//game.gtimg.cn/images/yxzj/zlkdatasys/audios/audio/20220412/16497348204784.wav"
        },
        {
          "text": "上！",
          "link": "//game.gtimg.cn/images/yxzj/zlkdatasys/audios/audio/20220412/16497348407896.wav"
        },
        {
          "text": "战！",
          "link": "//game.gtimg.cn/images/yxzj/zlkdatasys/audios/audio/20220412/16497348516553.wav"
        },
        {
          "text": "挡！",
          "link": "//game.gtimg.cn/images/yxzj/zlkdatasys/audios/audio/20220412/16497348661836.wav"
        },
        {
          "text": "破！",
          "link": "//game.gtimg.cn/images/yxzj/zlkdatasys/audios/audio/20220412/16497348806395.wav"
        }
      ],
      "name": "原皮"
    },
    {
      "voice": [
        {
          "text": "守备相继，誓诺不移。",
          "link": "//game.gtimg.cn/images/yxzj/zlkdatasys/audios/audio/20240109/17047934934285.mp3"
        },
        {
          "text": "此战，以守护为名！",
          "link": "//game.gtimg.cn/images/yxzj/zlkdatasys/audios/audio/20240109/17047935179106.mp3"
        },
        {
          "text": "圣光纹章，荣耀守望！",
          "link": "//game.gtimg.cn/images/yxzj/zlkdatasys/audios/audio/20240109/17047935555590.mp3"
        },
        {
          "text": "战火将至，我愿再次披甲戍守......不死不休。",
          "link": "//game.gtimg.cn/images/yxzj/zlkdatasys/audios/audio/20240109/17047905164100.mp3"
        },
        {
          "text": "传说狮鹫生而英勇，护卫无双。吾等，当以此为样。",
          "link": "//game.gtimg.cn/images/yxzj/zlkdatasys/audios/audio/20240109/17047905333766.mp3"
        },
        {
          "text": "无论过去现在，唯此心恒坚。",
          "link": "//game.gtimg.cn/images/yxzj/zlkdatasys/audios/audio/20240109/17047905503345.mp3"
        },
        {
          "text": "你此刻站立之处，便是我所守护之土。",
          "link": "//game.gtimg.cn/images/yxzj/zlkdatasys/audios/audio/20240109/17047905712329.mp3"
        },
        {
          "text": "勇士们！我们此刻的战斗，是为了更多人不再战斗！",
          "link": "//game.gtimg.cn/images/yxzj/zlkdatasys/audios/audio/20240109/17047905914371.mp3"
        },
        {
          "text": "以守卫之誓灌注的勇气，胜过世上最坚硬的盔甲。",
          "link": "//game.gtimg.cn/images/yxzj/zlkdatasys/audios/audio/20240109/17047906129374.mp3"
        },
        {
          "text": "愿和平与你同在...",
          "link": "//game.gtimg.cn/images/yxzj/zlkdatasys/audios/audio/20240109/17047906361915.mp3"
        },
        {
          "text": "入侵者注定的结局。",
          "link": "//game.gtimg.cn/images/yxzj/zlkdatasys/audios/audio/20240109/17047906557832.mp3"
        },
        {
          "text": "战争会告诉你——和平的意义。",
          "link": "//game.gtimg.cn/images/yxzj/zlkdatasys/audios/audio/20240109/17047906824782.mp3"
        },
        {
          "text": "忠于王城！",
          "link": "//game.gtimg.cn/images/yxzj/zlkdatasys/audios/audio/20240109/17047907064392.mp3"
        },
        {
          "text": "征！",
          "link": "//game.gtimg.cn/images/yxzj/zlkdatasys/audios/audio/20240109/17047907372163.mp3"
        },
        {
          "text": "攻！",
          "link": "//game.gtimg.cn/images/yxzj/zlkdatasys/audios/audio/20240109/17047907628722.mp3"
        },
        {
          "text": "护！",
          "link": "//game.gtimg.cn/images/yxzj/zlkdatasys/audios/audio/20240109/17047907858275.mp3"
        },
        {
          "text": "盾！",
          "link": "//game.gtimg.cn/images/yxzj/zlkdatasys/audios/audio/20240109/17047908096036.mp3"
        },
        {
          "text": "随时待命。",
          "link": "//game.gtimg.cn/images/yxzj/zlkdatasys/audios/audio/20240109/17047908301039.mp3"
        },
        {
          "text": "从不为战而战。",
          "link": "//game.gtimg.cn/images/yxzj/zlkdatasys/audios/audio/20240109/17047909193899.mp3"
        },
        {
          "text": "终将守至黎明。",
          "link": "//game.gtimg.cn/images/yxzj/zlkdatasys/audios/audio/20240109/17047909403298.mp3"
        },
        {
          "text": "整装备战！",
          "link": "//game.gtimg.cn/images/yxzj/zlkdatasys/audios/audio/20240109/17047909723385.mp3"
        },
        {
          "text": "昂扬守望！",
          "link": "//game.gtimg.cn/images/yxzj/zlkdatasys/audios/audio/20240109/17047910255956.mp3"
        },
        {
          "text": "临阵不退！",
          "link": "//game.gtimg.cn/images/yxzj/zlkdatasys/audios/audio/20240109/17047910455308.mp3"
        },
        {
          "text": "冲！",
          "link": "//game.gtimg.cn/images/yxzj/zlkdatasys/audios/audio/20240109/17047910677973.mp3"
        },
        {
          "text": "信仰！",
          "link": "//game.gtimg.cn/images/yxzj/zlkdatasys/audios/audio/20240109/17047910842309.mp3"
        },
        {
          "text": "荣耀凯旋！",
          "link": "//game.gtimg.cn/images/yxzj/zlkdatasys/audios/audio/20240109/17047911037963.mp3"
        }
      ],
      "name": "荣光圣徽"
    }
  ]
}
