{
  "data": [
    {
      "voice": [
        {
          "text": "情绪调配，火力翻倍！",
          "link": "//game.gtimg.cn/images/yxzj/zlkdatasys/audios/audio/20220413/16498495156345.mp3"
        },
        {
          "text": "崩坏你的，不是炮火，而是少年的无需克制！",
          "link": "//game.gtimg.cn/images/yxzj/zlkdatasys/audios/audio/20220413/16498495317006.mp3"
        },
        {
          "text": "大道理？！和我的“浑天”讲去吧！",
          "link": "//game.gtimg.cn/images/yxzj/zlkdatasys/audios/audio/20220419/16503534829460.mp3"
        },
        {
          "text": "黑白分明的，不只是我头发！",
          "link": "//game.gtimg.cn/images/yxzj/zlkdatasys/audios/audio/20220412/16497293344846.wav"
        },
        {
          "text": "言语，有时比枪炮更伤人",
          "link": "//game.gtimg.cn/images/yxzj/zlkdatasys/audios/audio/20220412/16497293572916.wav"
        },
        {
          "text": "蒙犽的犽，据说是种脾气暴躁的小野兽",
          "link": "//game.gtimg.cn/images/yxzj/zlkdatasys/audios/audio/20220412/16497293729670.wav"
        },
        {
          "text": "故乡玄雍可没有像我这样的射手！",
          "link": "//game.gtimg.cn/images/yxzj/zlkdatasys/audios/audio/20220412/16497293955676.wav"
        },
        {
          "text": "我爹唠叨的是套路，我——不吃那一套！",
          "link": "//game.gtimg.cn/images/yxzj/zlkdatasys/audios/audio/20220412/16497294124737.wav"
        },
        {
          "text": "打自己的仗，让别人去写兵书吧~",
          "link": "//game.gtimg.cn/images/yxzj/zlkdatasys/audios/audio/20220412/16497294314158.wav"
        },
        {
          "text": "见过那只白羽之鹰吗？它是我的“无拘”~",
          "link": "//game.gtimg.cn/images/yxzj/zlkdatasys/audios/audio/20220412/16497294508130.wav"
        },
        {
          "text": "管老爹看不看好，论机关枪炮，那必须是我强项！",
          "link": "//game.gtimg.cn/images/yxzj/zlkdatasys/audios/audio/20220412/16497294684655.wav"
        },
        {
          "text": "我爹那些陈旧的教条里，就容不下任何新点子么？",
          "link": "//game.gtimg.cn/images/yxzj/zlkdatasys/audios/audio/20220412/16497294829981.wav"
        },
        {
          "text": "反其道而行之，到底有什么错？",
          "link": "//game.gtimg.cn/images/yxzj/zlkdatasys/audios/audio/20220412/16497294988884.wav"
        },
        {
          "text": "拒绝成为……无趣、古板的……大……人……",
          "link": "//game.gtimg.cn/images/yxzj/zlkdatasys/audios/audio/20220412/16497295177072.wav"
        },
        {
          "text": "叛逆，是要支付代价的么？",
          "link": "//game.gtimg.cn/images/yxzj/zlkdatasys/audios/audio/20220412/16497295336316.wav"
        },
        {
          "text": "痛快而正确的作战法！",
          "link": "//game.gtimg.cn/images/yxzj/zlkdatasys/audios/audio/20220412/16497297214332.wav"
        },
        {
          "text": "少年的热血，当在战场上酣畅淋漓！",
          "link": "//game.gtimg.cn/images/yxzj/zlkdatasys/audios/audio/20220412/16497297628150.wav"
        },
        {
          "text": "炸裂吧，我的愤怒！",
          "link": "//game.gtimg.cn/images/yxzj/zlkdatasys/audios/audio/20220412/16497298101450.wav"
        },
        {
          "text": "别惹我，我的子弹会转弯！",
          "link": "//game.gtimg.cn/images/yxzj/zlkdatasys/audios/audio/20220412/16497298654520.wav"
        },
        {
          "text": "不好意思，你点燃我了！",
          "link": "//game.gtimg.cn/images/yxzj/zlkdatasys/audios/audio/20220412/16497299175152.wav"
        },
        {
          "text": "义气，适合用行动来支援！",
          "link": "//game.gtimg.cn/images/yxzj/zlkdatasys/audios/audio/20220412/16497299962150.wav"
        },
        {
          "text": "别着急，一个一个来~",
          "link": "//game.gtimg.cn/images/yxzj/zlkdatasys/audios/audio/20220412/16497300493894.wav"
        },
        {
          "text": "胆敢欺负我的伙伴？",
          "link": "//game.gtimg.cn/images/yxzj/zlkdatasys/audios/audio/20220412/16497300834635.wav"
        },
        {
          "text": "你，正在危险的边缘试探！",
          "link": "//game.gtimg.cn/images/yxzj/zlkdatasys/audios/audio/20220412/16497301539238.wav"
        },
        {
          "text": "是时候反击了",
          "link": "//game.gtimg.cn/images/yxzj/zlkdatasys/audios/audio/20220412/16497301922324.wav"
        },
        {
          "text": "梦里是否更无拘无束？",
          "link": "//game.gtimg.cn/images/yxzj/zlkdatasys/audios/audio/20220412/16497302167544.wav"
        },
        {
          "text": "老师，今天我可没毁坏公物",
          "link": "//game.gtimg.cn/images/yxzj/zlkdatasys/audios/audio/20220412/16497302356800.wav"
        },
        {
          "text": "呆在稷下，可比呆在蒙大将军府自在多了",
          "link": "//game.gtimg.cn/images/yxzj/zlkdatasys/audios/audio/20220412/16497302548484.wav"
        },
        {
          "text": "班叔，来稷下前，咱老早就打过照面了",
          "link": "//game.gtimg.cn/images/yxzj/zlkdatasys/audios/audio/20220412/16497302735486.wav"
        },
        {
          "text": "有的人话太多，需要接受炮弹的“洗礼”",
          "link": "//game.gtimg.cn/images/yxzj/zlkdatasys/audios/audio/20220412/16497302978256.wav"
        },
        {
          "text": "有伙伴的地方，也算是家",
          "link": "//game.gtimg.cn/images/yxzj/zlkdatasys/audios/audio/20220415/16499997772247.mp3"
        },
        {
          "text": "爱哭的队友，真让人头大",
          "link": "//game.gtimg.cn/images/yxzj/zlkdatasys/audios/audio/20220412/16497303381507.wav"
        },
        {
          "text": "不只一言不合而已",
          "link": "//game.gtimg.cn/images/yxzj/zlkdatasys/audios/audio/20220412/16497303755279.wav"
        },
        {
          "text": "稷下学院潜规则之一 —— 离我和我的炮远一点",
          "link": "//game.gtimg.cn/images/yxzj/zlkdatasys/audios/audio/20220412/16497303997555.wav"
        },
        {
          "text": "呵，我的枪炮不比你的士兵差。",
          "link": "//game.gtimg.cn/images/yxzj/zlkdatasys/audios/audio/20220428/16511311271054.mp3"
        },
        {
          "text": "在你眼里，我就永远只是个孩子吗",
          "link": "//game.gtimg.cn/images/yxzj/zlkdatasys/audios/audio/20220428/16511311521451.mp3"
        },
        {
          "text": "让我用蒙犽作战法，送他们致命一击",
          "link": "//game.gtimg.cn/images/yxzj/zlkdatasys/audios/audio/20220428/16511311742408.mp3"
        },
        {
          "text": "不用你那套规则，我照样能守护大家",
          "link": "//game.gtimg.cn/images/yxzj/zlkdatasys/audios/audio/20220428/16511311951960.mp3"
        },
        {
          "text": "你那些陈旧的教条，早就该改改了！",
          "link": "//game.gtimg.cn/images/yxzj/zlkdatasys/audios/audio/20220428/16511312205975.mp3"
        },
        {
          "text": "稷下无拘无束，可比大将军府自在多了",
          "link": "//game.gtimg.cn/images/yxzj/zlkdatasys/audios/audio/20220428/16511312424507.mp3"
        },
        {
          "text": "难道在你眼里，规则就不允许被打破吗！",
          "link": "//game.gtimg.cn/images/yxzj/zlkdatasys/audios/audio/20220428/16511312687817.mp3"
        },
        {
          "text": "处处都是规则，到底又有什么用！",
          "link": "//game.gtimg.cn/images/yxzj/zlkdatasys/audios/audio/20220428/16511312882210.mp3"
        }
      ],
      "name": "原皮"
    },
    {
      "voice": [
        {
          "text": "一百只里独一个，绝对的限量款。",
          "link": "//game.gtimg.cn/images/yxzj/zlkdatasys/audios/audio/20220415/16499998071117.mp3"
        },
        {
          "text": "自由，写在我词典的第一页。",
          "link": "//game.gtimg.cn/images/yxzj/zlkdatasys/audios/audio/20220415/16500060011231.mp3"
        },
        {
          "text": "玩偶的家园，比梦境更灿烂",
          "link": "//game.gtimg.cn/images/yxzj/zlkdatasys/audios/audio/20220415/16500059847646.mp3"
        },
        {
          "text": "水果硬糖...在哪里？",
          "link": "//game.gtimg.cn/images/yxzj/zlkdatasys/audios/audio/20220412/16497311044294.wav"
        },
        {
          "text": "比起扮成别人的玩偶，我还是更想让自己快乐",
          "link": "//game.gtimg.cn/images/yxzj/zlkdatasys/audios/audio/20220412/16497311174651.wav"
        },
        {
          "text": "猫会抓鱼，人爱打架，都遵从天性才是真正的理想世界。",
          "link": "//game.gtimg.cn/images/yxzj/zlkdatasys/audios/audio/20220412/16497311307580.wav"
        },
        {
          "text": "有句话叫太阳底下无新事，所以不如去夜晚看看",
          "link": "//game.gtimg.cn/images/yxzj/zlkdatasys/audios/audio/20220412/16497311489304.wav"
        },
        {
          "text": "这一对鲤鱼，是我从海洋球里捞出来的。",
          "link": "//game.gtimg.cn/images/yxzj/zlkdatasys/audios/audio/20220412/16497311628207.wav"
        },
        {
          "text": "无边无际的乐园，为幻想而存在。",
          "link": "//game.gtimg.cn/images/yxzj/zlkdatasys/audios/audio/20220412/16497311767615.wav"
        },
        {
          "text": "小睡一会儿……吧",
          "link": "//game.gtimg.cn/images/yxzj/zlkdatasys/audios/audio/20220412/16497311934910.wav"
        },
        {
          "text": "让水流带走你的烦恼",
          "link": "//game.gtimg.cn/images/yxzj/zlkdatasys/audios/audio/20220412/16497312134678.wav"
        },
        {
          "text": "减压又高效的战斗方式！",
          "link": "//game.gtimg.cn/images/yxzj/zlkdatasys/audios/audio/20220412/16497312394985.wav"
        },
        {
          "text": "接受鱼群的洗礼吧",
          "link": "//game.gtimg.cn/images/yxzj/zlkdatasys/audios/audio/20220412/16497312564018.wav"
        },
        {
          "text": "瞄准远处，有时比捷径更快。",
          "link": "//game.gtimg.cn/images/yxzj/zlkdatasys/audios/audio/20220412/16497312696115.wav"
        },
        {
          "text": "你预测不到鱼类行进的轨迹",
          "link": "//game.gtimg.cn/images/yxzj/zlkdatasys/audios/audio/20220412/16497315725295.wav"
        },
        {
          "text": "让你五步，也跑不过我的枪弹",
          "link": "//game.gtimg.cn/images/yxzj/zlkdatasys/audios/audio/20220412/16497315892264.wav"
        },
        {
          "text": "给这个世界添点新花样！",
          "link": "//game.gtimg.cn/images/yxzj/zlkdatasys/audios/audio/20220412/16497316052323.wav"
        },
        {
          "text": "这里，是我和伙伴的领地",
          "link": "//game.gtimg.cn/images/yxzj/zlkdatasys/audios/audio/20220412/16497316236033.wav"
        },
        {
          "text": "你，进入禁区啦",
          "link": "//game.gtimg.cn/images/yxzj/zlkdatasys/audios/audio/20220412/16497316387438.wav"
        },
        {
          "text": "别当我是好欺负的玩偶！",
          "link": "//game.gtimg.cn/images/yxzj/zlkdatasys/audios/audio/20220412/16497316649253.wav"
        },
        {
          "text": "你激怒了最不好惹的一只猫！",
          "link": "//game.gtimg.cn/images/yxzj/zlkdatasys/audios/audio/20220412/16497316792087.wav"
        },
        {
          "text": "也该多学点书本之外的东西。",
          "link": "//game.gtimg.cn/images/yxzj/zlkdatasys/audios/audio/20220412/16497317005912.wav"
        },
        {
          "text": "整天做一样的动作，不累吗？",
          "link": "//game.gtimg.cn/images/yxzj/zlkdatasys/audios/audio/20220412/16497317158435.wav"
        },
        {
          "text": "看来你比我更像不堪一击的布娃娃",
          "link": "//game.gtimg.cn/images/yxzj/zlkdatasys/audios/audio/20220412/16497317665866.wav"
        },
        {
          "text": "有时候我会想，他们是不是不太喜欢我",
          "link": "//game.gtimg.cn/images/yxzj/zlkdatasys/audios/audio/20220412/16497317857608.wav"
        },
        {
          "text": "自讨苦吃的倒霉蛋。",
          "link": "//game.gtimg.cn/images/yxzj/zlkdatasys/audios/audio/20220412/16497318063514.wav"
        }
      ],
      "name": "狂想玩偶喵"
    },
    {
      "voice": [
        {
          "text": "五月初五，飞龙在天！",
          "link": "//game.gtimg.cn/images/yxzj/zlkdatasys/audios/audio/20220415/16499998548257.mp3"
        },
        {
          "text": "从未废弃，从未遗忘！给老物件加点新想象~",
          "link": "//game.gtimg.cn/images/yxzj/zlkdatasys/audios/audio/20220415/16499998714706.mp3"
        },
        {
          "text": "节日之前的大工程~开动！龙舟竞渡，看我助威！",
          "link": "//game.gtimg.cn/images/yxzj/zlkdatasys/audios/audio/20220415/16499998854412.mp3"
        },
        {
          "text": "探索甜粽和咸粽之外的第三种味道。",
          "link": "//game.gtimg.cn/images/yxzj/zlkdatasys/audios/audio/20220412/16497320648064.wav"
        },
        {
          "text": "雄黄角黍过端阳！",
          "link": "//game.gtimg.cn/images/yxzj/zlkdatasys/audios/audio/20220412/16497320866621.wav"
        },
        {
          "text": "让传统跟时代来场竞渡！",
          "link": "//game.gtimg.cn/images/yxzj/zlkdatasys/audios/audio/20220412/16497321063279.wav"
        },
        {
          "text": "龙舟鼓的节拍，共振着过去和未来~",
          "link": "//game.gtimg.cn/images/yxzj/zlkdatasys/audios/audio/20220412/16497321196866.wav"
        },
        {
          "text": "最好的鼓手，要敢与浪头比勇！",
          "link": "//game.gtimg.cn/images/yxzj/zlkdatasys/audios/audio/20220412/16497321349224.wav"
        },
        {
          "text": "唤起龙船调，劈浪闹大江~",
          "link": "//game.gtimg.cn/images/yxzj/zlkdatasys/audios/audio/20220412/16497321491025.wav"
        },
        {
          "text": "节日……过得太快……",
          "link": "//game.gtimg.cn/images/yxzj/zlkdatasys/audios/audio/20220412/16497321667540.wav"
        },
        {
          "text": "节日的灵感，源源不断！",
          "link": "//game.gtimg.cn/images/yxzj/zlkdatasys/audios/audio/20220412/16497322292112.wav"
        },
        {
          "text": "尝尝这个，火药味刚刚好~",
          "link": "//game.gtimg.cn/images/yxzj/zlkdatasys/audios/audio/20220412/16497322441193.wav"
        },
        {
          "text": "为比赛助燃！",
          "link": "//game.gtimg.cn/images/yxzj/zlkdatasys/audios/audio/20220412/16497323334208.wav"
        },
        {
          "text": "吃粽子咯，见者有份~",
          "link": "//game.gtimg.cn/images/yxzj/zlkdatasys/audios/audio/20220412/16497325624746.wav"
        },
        {
          "text": "是没试过的新馅料！",
          "link": "//game.gtimg.cn/images/yxzj/zlkdatasys/audios/audio/20220412/16497325823916.wav"
        },
        {
          "text": "打响头阵！",
          "link": "//game.gtimg.cn/images/yxzj/zlkdatasys/audios/audio/20220412/16497325972323.wav"
        },
        {
          "text": "龙鼓震天！",
          "link": "//game.gtimg.cn/images/yxzj/zlkdatasys/audios/audio/20220412/16497326116947.wav"
        },
        {
          "text": "蓄积代代传承的力量！",
          "link": "//game.gtimg.cn/images/yxzj/zlkdatasys/audios/audio/20220412/16497326261970.wav"
        },
        {
          "text": "阴阳代换，辟邪消灾！",
          "link": "//game.gtimg.cn/images/yxzj/zlkdatasys/audios/audio/20220412/16497326413741.wav"
        },
        {
          "text": "我可要认真了！",
          "link": "//game.gtimg.cn/images/yxzj/zlkdatasys/audios/audio/20220412/16497326603802.wav"
        },
        {
          "text": "不听不听，老掉牙的说辞。",
          "link": "//game.gtimg.cn/images/yxzj/zlkdatasys/audios/audio/20220412/16497326778394.wav"
        },
        {
          "text": "胜负已分！",
          "link": "//game.gtimg.cn/images/yxzj/zlkdatasys/audios/audio/20220412/16497326926776.wav"
        },
        {
          "text": "棕子香，香厨房；艾叶香，香满堂~",
          "link": "//game.gtimg.cn/images/yxzj/zlkdatasys/audios/audio/20220415/16499999044989.mp3"
        }
      ],
      "name": "龙鼓争鸣"
    },
    {
      "voice": [
        {
          "text": "时来运转，福禄天降！",
          "link": "//game.gtimg.cn/images/yxzj/zlkdatasys/audios/audio/20231219/17029726708096.mp3"
        },
        {
          "text": "司禄~司禄~司福禄之职，解千愁百忧",
          "link": "//game.gtimg.cn/images/yxzj/zlkdatasys/audios/audio/20231219/17029726977094.mp3"
        },
        {
          "text": "洒下铜币叮铃咚，喜见万户逐笑颜！",
          "link": "//game.gtimg.cn/images/yxzj/zlkdatasys/audios/audio/20231219/17029727227708.mp3"
        },
        {
          "text": "万千祈愿，求的皆是世事寻常~",
          "link": "//game.gtimg.cn/images/yxzj/zlkdatasys/audios/audio/20231219/17029705375002.mp3"
        },
        {
          "text": "老神官一板一眼，不知这人间正需铛铛玉钱",
          "link": "//game.gtimg.cn/images/yxzj/zlkdatasys/audios/audio/20231219/17029705628303.mp3"
        },
        {
          "text": "王生缺盘缠，货郎没扁担，这些啊，都得看我小神官！",
          "link": "//game.gtimg.cn/images/yxzj/zlkdatasys/audios/audio/20231219/17029705842382.mp3"
        },
        {
          "text": "食无忧，行无阻，正是人间好景象！",
          "link": "//game.gtimg.cn/images/yxzj/zlkdatasys/audios/audio/20231219/17029706199630.mp3"
        },
        {
          "text": "天界冷清，不如添几盏烟火热闹热闹",
          "link": "//game.gtimg.cn/images/yxzj/zlkdatasys/audios/audio/20231219/17029706463679.mp3"
        },
        {
          "text": "谁管那天规大道理，我偏要俯身看天下熙熙~",
          "link": "//game.gtimg.cn/images/yxzj/zlkdatasys/audios/audio/20231219/17029706677650.mp3"
        },
        {
          "text": "破一破陈规旧例！",
          "link": "//game.gtimg.cn/images/yxzj/zlkdatasys/audios/audio/20231219/17029707036279.mp3"
        },
        {
          "text": "再做一回人间客",
          "link": "//game.gtimg.cn/images/yxzj/zlkdatasys/audios/audio/20231219/17029707366862.mp3"
        },
        {
          "text": "少年终将化龙凤，莫在此时欺人穷~",
          "link": "//game.gtimg.cn/images/yxzj/zlkdatasys/audios/audio/20231219/17029707668012.mp3"
        },
        {
          "text": "百禄齐聚佑四方~",
          "link": "//game.gtimg.cn/images/yxzj/zlkdatasys/audios/audio/20231219/17029707925739.mp3"
        }
      ],
      "name": "百解令"
    }
  ]
}
