{
  "data": [
    {
      "voice": [
        {
          "text": "谢谢你，玛玛哈哈",
          "link": "//game.gtimg.cn/images/yxzj/zlkdatasys/audios/audio/20220412/16497759425854.wav"
        },
        {
          "text": "来吧 站起来",
          "link": "//game.gtimg.cn/images/yxzj/zlkdatasys/audios/audio/20220412/16497759536476.wav"
        },
        {
          "text": "这是来自大自然的惩罚",
          "link": "//game.gtimg.cn/images/yxzj/zlkdatasys/audios/audio/20220412/16497759662828.wav"
        },
        {
          "text": "接受自然的报应吧",
          "link": "//game.gtimg.cn/images/yxzj/zlkdatasys/audios/audio/20220412/16497759821846.wav"
        },
        {
          "text": "我们走 玛玛哈哈",
          "link": "//game.gtimg.cn/images/yxzj/zlkdatasys/audios/audio/20220412/16497759985152.wav"
        },
        {
          "text": "这样如何呢？",
          "link": "//game.gtimg.cn/images/yxzj/zlkdatasys/audios/audio/20220412/16497760127565.wav"
        },
        {
          "text": "玛玛哈哈",
          "link": "//game.gtimg.cn/images/yxzj/zlkdatasys/audios/audio/20220412/16497760305841.wav"
        },
        {
          "text": "风之刃",
          "link": "//game.gtimg.cn/images/yxzj/zlkdatasys/audios/audio/20220412/16497760478949.wav"
        },
        {
          "text": "天空之牙",
          "link": "//game.gtimg.cn/images/yxzj/zlkdatasys/audios/audio/20220412/16497760656905.wav"
        },
        {
          "text": "感受自然的痛楚吧",
          "link": "//game.gtimg.cn/images/yxzj/zlkdatasys/audios/audio/20220412/16497760862350.wav"
        }
      ],
      "name": "原皮"
    },
    {
      "voice": [
        {
          "text": "ありがとう　ママハハ",
          "link": "//game.gtimg.cn/images/yxzj/zlkdatasys/audios/audio/20220413/16498436333176.wav"
        },
        {
          "text": "さぁ　立ちなさい",
          "link": "//game.gtimg.cn/images/yxzj/zlkdatasys/audios/audio/20220413/16498436471637.wav"
        },
        {
          "text": "この光の中から私をみつけられますか？",
          "link": "//game.gtimg.cn/images/yxzj/zlkdatasys/audios/audio/20220414/16499245826893.wav"
        },
        {
          "text": "大自然のお仕置きです",
          "link": "//game.gtimg.cn/images/yxzj/zlkdatasys/audios/audio/20220414/16499246014685.wav"
        },
        {
          "text": "自然の報いを受けなさい",
          "link": "//game.gtimg.cn/images/yxzj/zlkdatasys/audios/audio/20220413/16498436928060.wav"
        },
        {
          "text": "行こう　ママハハ",
          "link": "//game.gtimg.cn/images/yxzj/zlkdatasys/audios/audio/20220413/16498437275380.wav"
        },
        {
          "text": "これでどうですか？",
          "link": "//game.gtimg.cn/images/yxzj/zlkdatasys/audios/audio/20220413/16498437436649.wav"
        },
        {
          "text": "過ぎ去った時間は、別の形で生まれ変わります。",
          "link": "//game.gtimg.cn/images/yxzj/zlkdatasys/audios/audio/20220413/16498437575409.wav"
        },
        {
          "text": "光に近づいていく一つ一つの瞬間が大切なのです。",
          "link": "//game.gtimg.cn/images/yxzj/zlkdatasys/audios/audio/20220413/16498437724333.wav"
        },
        {
          "text": "私も星になりたい……。",
          "link": "//game.gtimg.cn/images/yxzj/zlkdatasys/audios/audio/20220413/16498437945105.wav"
        },
        {
          "text": "シクルゥ",
          "link": "//game.gtimg.cn/images/yxzj/zlkdatasys/audios/audio/20220413/16498438116749.wav"
        },
        {
          "text": "アンヌ・ムツベ",
          "link": "//game.gtimg.cn/images/yxzj/zlkdatasys/audios/audio/20220413/16498438262517.wav"
        },
        {
          "text": "レラ・ムツベ",
          "link": "//game.gtimg.cn/images/yxzj/zlkdatasys/audios/audio/20220413/16498438404239.wav"
        },
        {
          "text": "カムイ リムセ",
          "link": "//game.gtimg.cn/images/yxzj/zlkdatasys/audios/audio/20220413/16498438551887.wav"
        },
        {
          "text": "ママハハ",
          "link": "//game.gtimg.cn/images/yxzj/zlkdatasys/audios/audio/20220413/16498438694966.wav"
        },
        {
          "text": "メル シキテ",
          "link": "//game.gtimg.cn/images/yxzj/zlkdatasys/audios/audio/20220413/16498438842528.wav"
        },
        {
          "text": "カント シキテ",
          "link": "//game.gtimg.cn/images/yxzj/zlkdatasys/audios/audio/20220413/16498439013638.wav"
        },
        {
          "text": "エレルシ カムイ リムセ",
          "link": "//game.gtimg.cn/images/yxzj/zlkdatasys/audios/audio/20220413/16498439206474.wav"
        },
        {
          "text": "夜の景色をよく見てください！",
          "link": "//game.gtimg.cn/images/yxzj/zlkdatasys/audios/audio/20220413/16498439373758.wav"
        },
        {
          "text": "自然の痛みを知りなさい",
          "link": "//game.gtimg.cn/images/yxzj/zlkdatasys/audios/audio/20220413/16498440263325.wav"
        },
        {
          "text": "暗闇で自分を見失った哀れな人ですね。",
          "link": "//game.gtimg.cn/images/yxzj/zlkdatasys/audios/audio/20220413/16498440425160.wav"
        }
      ],
      "name": "晚萤"
    },
    {
      "voice": [
        {
          "text": "朗照天地祈世安，千年复千年。",
          "link": "//game.gtimg.cn/images/yxzj/zlkdatasys/audios/audio/20221011/16654598901821.mp3"
        },
        {
          "text": "又闻神鸟鸣，新声似旧声，故国却无当时影。",
          "link": "//game.gtimg.cn/images/yxzj/zlkdatasys/audios/audio/20221011/16654599288475.mp3"
        },
        {
          "text": "唯念故国不可休，旧堂新灯，归来浅浅愁。",
          "link": "//game.gtimg.cn/images/yxzj/zlkdatasys/audios/audio/20221011/16654599158763.mp3"
        },
        {
          "text": "世如朝露转瞬晞，纸墨空残迹。",
          "link": "//game.gtimg.cn/images/yxzj/zlkdatasys/audios/audio/20220920/16636689926884.mp3"
        },
        {
          "text": "日影人声今何地？风透鸟居，归来亦寻觅。",
          "link": "//game.gtimg.cn/images/yxzj/zlkdatasys/audios/audio/20220920/16636690121978.mp3"
        },
        {
          "text": "失去子民之太阳，今日起，亦是漂泊旅者。",
          "link": "//game.gtimg.cn/images/yxzj/zlkdatasys/audios/audio/20220920/16636690508935.mp3"
        },
        {
          "text": "烈阳终有不及处，人心如渊壑。",
          "link": "//game.gtimg.cn/images/yxzj/zlkdatasys/audios/audio/20220920/16636690789720.mp3"
        },
        {
          "text": "红月正当空，逢魔涤荡，归途迷雾中。",
          "link": "//game.gtimg.cn/images/yxzj/zlkdatasys/audios/audio/20220920/16636691089592.mp3"
        },
        {
          "text": "嘘~日光穿透睡蝴蝶，树影婆娑间。",
          "link": "//game.gtimg.cn/images/yxzj/zlkdatasys/audios/audio/20220920/16636691357242.mp3"
        },
        {
          "text": "听，神铃千重，故国永续传说中。",
          "link": "//game.gtimg.cn/images/yxzj/zlkdatasys/audios/audio/20220920/16636691611273.mp3"
        },
        {
          "text": "世如朝露又奈何……",
          "link": "//game.gtimg.cn/images/yxzj/zlkdatasys/audios/audio/20220920/16636691888988.mp3"
        },
        {
          "text": "破晓之曦！",
          "link": "//game.gtimg.cn/images/yxzj/zlkdatasys/audios/audio/20220920/16636692269928.mp3"
        },
        {
          "text": "燃心之焰！",
          "link": "//game.gtimg.cn/images/yxzj/zlkdatasys/audios/audio/20220920/16636692544451.mp3"
        },
        {
          "text": "日曜之羽！",
          "link": "//game.gtimg.cn/images/yxzj/zlkdatasys/audios/audio/20220920/16636692722858.mp3"
        },
        {
          "text": "出云！",
          "link": "//game.gtimg.cn/images/yxzj/zlkdatasys/audios/audio/20220920/16636693096514.mp3"
        },
        {
          "text": "神照！",
          "link": "//game.gtimg.cn/images/yxzj/zlkdatasys/audios/audio/20220920/16636693266458.mp3"
        },
        {
          "text": "玛玛哈哈！",
          "link": "//game.gtimg.cn/images/yxzj/zlkdatasys/audios/audio/20220920/16636693437362.mp3"
        },
        {
          "text": "明灭一日间！",
          "link": "//game.gtimg.cn/images/yxzj/zlkdatasys/audios/audio/20220920/16636693665525.mp3"
        },
        {
          "text": "也逢黄昏也逢晨！",
          "link": "//game.gtimg.cn/images/yxzj/zlkdatasys/audios/audio/20220920/16636693854853.mp3"
        },
        {
          "text": "日高晴暖！",
          "link": "//game.gtimg.cn/images/yxzj/zlkdatasys/audios/audio/20220920/16636694271071.mp3"
        },
        {
          "text": "庭有污秽，安睡，安睡。",
          "link": "//game.gtimg.cn/images/yxzj/zlkdatasys/audios/audio/20220920/16636694623237.mp3"
        },
        {
          "text": "点点红月光，岂敢比朝阳？",
          "link": "//game.gtimg.cn/images/yxzj/zlkdatasys/audios/audio/20220920/16636694955666.mp3"
        },
        {
          "text": "梦中依稀，故国永续。",
          "link": ""
        },
        {
          "text": "神鸟飞落一片羽！",
          "link": "//game.gtimg.cn/images/yxzj/zlkdatasys/audios/audio/20221011/16654599042101.mp3"
        },
        {
          "text": "吾见过《古今物语》中的故事，得幸有君，故国可传承。",
          "link": "//game.gtimg.cn/images/yxzj/zlkdatasys/audios/audio/20220920/16636698711145.mp3"
        },
        {
          "text": "月因情生，月之情有谁复知？",
          "link": "//game.gtimg.cn/images/yxzj/zlkdatasys/audios/audio/20220920/16636698973141.mp3"
        },
        {
          "text": "君亦失路之人？",
          "link": "//game.gtimg.cn/images/yxzj/zlkdatasys/audios/audio/20220920/16636699219596.mp3"
        }
      ],
      "name": "前尘镜"
    }
  ]
}