{
  "data": [
    {
      "voice": [
        {
          "text": "汝之造物主，在此！",
          "link": "//game.gtimg.cn/images/yxzj/zlkdatasys/audios/audio/20220412/16497330149432.mp3"
        },
        {
          "text": "我们开创文明，我们传承文明。周而复始，生生不息",
          "link": "//game.gtimg.cn/images/yxzj/zlkdatasys/audios/audio/20220412/16497330337796.mp3"
        },
        {
          "text": "当历史只剩罪恶，唯有推倒重来。",
          "link": "//game.gtimg.cn/images/yxzj/zlkdatasys/audios/audio/20220412/16497330498043.mp3"
        },
        {
          "text": "放大招的感觉，让我回忆起过去的辉煌。",
          "link": "//game.gtimg.cn/images/yxzj/zlkdatasys/audios/audio/20220412/16497331363578.mp3"
        },
        {
          "text": "活着，就是看身边的人不断离去。",
          "link": "//game.gtimg.cn/images/yxzj/zlkdatasys/audios/audio/20220412/16497331549292.mp3"
        },
        {
          "text": "自以为穿越黑暗森林，而猜疑终究坚不可摧。",
          "link": "//game.gtimg.cn/images/yxzj/zlkdatasys/audios/audio/20220412/16497331704555.mp3"
        },
        {
          "text": "渺小的虫子，也配仰望星空",
          "link": "//game.gtimg.cn/images/yxzj/zlkdatasys/audios/audio/20220412/16497331889297.mp3"
        },
        {
          "text": "毁灭你们，与你何干。",
          "link": "//game.gtimg.cn/images/yxzj/zlkdatasys/audios/audio/20220412/16497332154584.mp3"
        },
        {
          "text": "原来，新的历史……不再有我",
          "link": "//game.gtimg.cn/images/yxzj/zlkdatasys/audios/audio/20220412/16497332437522.wav"
        },
        {
          "text": "我，世界的法则！",
          "link": "//game.gtimg.cn/images/yxzj/zlkdatasys/audios/audio/20220412/16497333052478.wav"
        },
        {
          "text": "向文明低头",
          "link": "//game.gtimg.cn/images/yxzj/zlkdatasys/audios/audio/20220412/16497333311459.wav"
        },
        {
          "text": "你尽力而为了~",
          "link": "//game.gtimg.cn/images/yxzj/zlkdatasys/audios/audio/20220412/16497333785214.wav"
        },
        {
          "text": "服从你应该服从的对象。",
          "link": "//game.gtimg.cn/images/yxzj/zlkdatasys/audios/audio/20220412/16497333909232.wav"
        },
        {
          "text": "对面真是我见过的最单纯最不做作的孩子~",
          "link": "//game.gtimg.cn/images/yxzj/zlkdatasys/audios/audio/20220412/16497334287204.wav"
        },
        {
          "text": "创造一个世界，需要太阳般的威严。",
          "link": "//game.gtimg.cn/images/yxzj/zlkdatasys/audios/audio/20220412/16497334401458.wav"
        },
        {
          "text": "亿万年的生命，早已看尽无垠，不过又一朵浪花。",
          "link": "//game.gtimg.cn/images/yxzj/zlkdatasys/audios/audio/20221109/16679781306690.mp3"
        },
        {
          "text": "神会做自己该做的事。",
          "link": ""
        },
        {
          "text": "不要和我犯同一个错误 。",
          "link": "//game.gtimg.cn/images/yxzj/zlkdatasys/audios/audio/20221109/16679782907978.mp3"
        },
        {
          "text": "今赐汝封神之责，为天地众生遴选众神职者。",
          "link": "//game.gtimg.cn/images/yxzj/zlkdatasys/audios/audio/20221109/16679783102519.mp3"
        }
      ],
      "name": "原皮"
    },
    {
      "voice": [
        {
          "text": "水火二神相争，天倾地覆，凝群生之力，再定乾坤。",
          "link": "//game.gtimg.cn/images/yxzj/zlkdatasys/audios/audio/20220415/16499932859335.wav"
        },
        {
          "text": "天柱折，地维绝，炼五色石，补天缺。",
          "link": "//game.gtimg.cn/images/yxzj/zlkdatasys/audios/audio/20220415/16499932994835.wav"
        },
        {
          "text": "洪水归道，天火止熄，巍巍河山，于霞光中新生。",
          "link": "//game.gtimg.cn/images/yxzj/zlkdatasys/audios/audio/20220415/16499933138733.wav"
        },
        {
          "text": "昔红云万朵，天地清安，众仙神俱在。",
          "link": "//game.gtimg.cn/images/yxzj/zlkdatasys/audios/audio/20220412/16497384717241.mp3"
        },
        {
          "text": "今神灵皆隐，宫阙千重，无往也。",
          "link": "//game.gtimg.cn/images/yxzj/zlkdatasys/audios/audio/20220412/16497385069714.mp3"
        },
        {
          "text": "天倾西北，日月星辰移，地不满东南，水潦尘埃归",
          "link": "//game.gtimg.cn/images/yxzj/zlkdatasys/audios/audio/20220412/16497385321252.mp3"
        },
        {
          "text": "正共工与祝融不周山之过。",
          "link": "//game.gtimg.cn/images/yxzj/zlkdatasys/audios/audio/20220412/16497385533540.mp3"
        },
        {
          "text": "赐予这片土地永久的安宁。",
          "link": "//game.gtimg.cn/images/yxzj/zlkdatasys/audios/audio/20220412/16497385774476.mp3"
        },
        {
          "text": "浊骨并非凡胎，仙神亦是众生。",
          "link": "//game.gtimg.cn/images/yxzj/zlkdatasys/audios/audio/20220412/16497386036876.mp3"
        },
        {
          "text": "天地初开，山泽沉寂，拓土造人，万物化生。",
          "link": "//game.gtimg.cn/images/yxzj/zlkdatasys/audios/audio/20220412/16497393328162.mp3"
        },
        {
          "text": "与大道同行。",
          "link": "//game.gtimg.cn/images/yxzj/zlkdatasys/audios/audio/20220412/16497393494683.wav"
        },
        {
          "text": "神明终将隐去……",
          "link": "//game.gtimg.cn/images/yxzj/zlkdatasys/audios/audio/20220412/16497393641306.wav"
        },
        {
          "text": "愚夫俗子，妄议天道！",
          "link": "//game.gtimg.cn/images/yxzj/zlkdatasys/audios/audio/20220412/16497394103542.mp3"
        },
        {
          "text": "还尘世清净！",
          "link": "//game.gtimg.cn/images/yxzj/zlkdatasys/audios/audio/20220412/16497394333259.wav"
        },
        {
          "text": "万灵之终，绝非此时！",
          "link": "//game.gtimg.cn/images/yxzj/zlkdatasys/audios/audio/20220412/16497394482771.wav"
        },
        {
          "text": "凝五方",
          "link": "//game.gtimg.cn/images/yxzj/zlkdatasys/audios/audio/20220412/16497394751643.wav"
        },
        {
          "text": "五色蕴华",
          "link": "//game.gtimg.cn/images/yxzj/zlkdatasys/audios/audio/20220412/16497394924282.wav"
        },
        {
          "text": "归于尘",
          "link": "//game.gtimg.cn/images/yxzj/zlkdatasys/audios/audio/20220412/16497395105086.wav"
        },
        {
          "text": "天地永固",
          "link": "//game.gtimg.cn/images/yxzj/zlkdatasys/audios/audio/20220412/16497395262858.wav"
        },
        {
          "text": "行无常",
          "link": "//game.gtimg.cn/images/yxzj/zlkdatasys/audios/audio/20220412/16497395499482.wav"
        },
        {
          "text": "瞬息千里",
          "link": "//game.gtimg.cn/images/yxzj/zlkdatasys/audios/audio/20220412/16497395685518.wav"
        },
        {
          "text": "山河万卷",
          "link": "//game.gtimg.cn/images/yxzj/zlkdatasys/audios/audio/20220412/16497395862140.wav"
        },
        {
          "text": "百川归位",
          "link": "//game.gtimg.cn/images/yxzj/zlkdatasys/audios/audio/20220412/16497396008669.wav"
        },
        {
          "text": "黄泥削作骨，吹气以为神。",
          "link": "//game.gtimg.cn/images/yxzj/zlkdatasys/audios/audio/20220412/16497396323743.mp3"
        },
        {
          "text": "千载之后，复有人记，仙神之名。",
          "link": "//game.gtimg.cn/images/yxzj/zlkdatasys/audios/audio/20220412/16497396556806.mp3"
        },
        {
          "text": "非神作万物，乃万物假神而生也",
          "link": "//game.gtimg.cn/images/yxzj/zlkdatasys/audios/audio/20220412/16497396746862.mp3"
        }
      ],
      "name": "补天"
    }
  ]
}