{
  "data": [
    {
      "voice": [
        {
          "text": "开天辟地，万物新生！",
          "link": "//game.gtimg.cn/images/yxzj/zlkdatasys/audios/audio/20220412/16497337328954.mp3"
        },
        {
          "text": "人类啊，跟我来！",
          "link": "//game.gtimg.cn/images/yxzj/zlkdatasys/audios/audio/20220412/16497337442797.wav"
        },
        {
          "text": "神设下的桎梏，还是由神来打破！",
          "link": "//game.gtimg.cn/images/yxzj/zlkdatasys/audios/audio/20220412/16497337607389.mp3"
        },
        {
          "text": "谁制造坐井观天的文明，谁就是文明终结者。",
          "link": "//game.gtimg.cn/images/yxzj/zlkdatasys/audios/audio/20220412/16497337778161.mp3"
        },
        {
          "text": "倒悬都市……颠倒乾坤。",
          "link": "//game.gtimg.cn/images/yxzj/zlkdatasys/audios/audio/20220412/16497337927265.mp3"
        },
        {
          "text": "登上方舟前，我是名军人……",
          "link": "//game.gtimg.cn/images/yxzj/zlkdatasys/audios/audio/20220412/16497338134162.mp3"
        },
        {
          "text": "温室，它的实质是牢笼。",
          "link": "//game.gtimg.cn/images/yxzj/zlkdatasys/audios/audio/20220412/16497338304115.mp3"
        },
        {
          "text": "王者大陆，比你们想象的更广阔。",
          "link": "//game.gtimg.cn/images/yxzj/zlkdatasys/audios/audio/20220412/16497338492056.mp3"
        },
        {
          "text": "从此把握自己命运吧！别浪费了我的牺牲。",
          "link": "//game.gtimg.cn/images/yxzj/zlkdatasys/audios/audio/20220412/16497338832553.mp3"
        },
        {
          "text": "比起享乐，还是冲锋适合我！",
          "link": "//game.gtimg.cn/images/yxzj/zlkdatasys/audios/audio/20220412/16497339048720.mp3"
        },
        {
          "text": "被控制的感觉好受么？",
          "link": "//game.gtimg.cn/images/yxzj/zlkdatasys/audios/audio/20220412/16497339183594.wav"
        },
        {
          "text": "大地之殇！",
          "link": "//game.gtimg.cn/images/yxzj/zlkdatasys/audios/audio/20220412/16497339324673.wav"
        },
        {
          "text": "挡我者死！",
          "link": "//game.gtimg.cn/images/yxzj/zlkdatasys/audios/audio/20220412/16497339554534.wav"
        },
        {
          "text": "斧头还是拳头？挑一个！",
          "link": "//game.gtimg.cn/images/yxzj/zlkdatasys/audios/audio/20220412/16497339706862.wav"
        },
        {
          "text": "神与人，并无不同",
          "link": "//game.gtimg.cn/images/yxzj/zlkdatasys/audios/audio/20221109/16679865779004.wav"
        },
        {
          "text": "神眼中的世界，并无不同",
          "link": "//game.gtimg.cn/images/yxzj/zlkdatasys/audios/audio/20221109/16679865935937.mp3"
        }
      ],
      "name": "原皮"
    },
    {
      "voice": [
        {
          "text": "勇者无惧，仁者无敌！",
          "link": "//game.gtimg.cn/images/yxzj/zlkdatasys/audios/audio/20220412/16497340843616.wav"
        },
        {
          "text": "吾之领域！",
          "link": "//game.gtimg.cn/images/yxzj/zlkdatasys/audios/audio/20220412/16497340969715.wav"
        },
        {
          "text": "做好了，和一切交手的准备！",
          "link": "//game.gtimg.cn/images/yxzj/zlkdatasys/audios/audio/20220412/16497341083768.wav"
        },
        {
          "text": "最高的科技始于最高的爱。",
          "link": "//game.gtimg.cn/images/yxzj/zlkdatasys/audios/audio/20220412/16497341226943.wav"
        },
        {
          "text": "人类使用语言的历史，远超过使用武器。",
          "link": "//game.gtimg.cn/images/yxzj/zlkdatasys/audios/audio/20220412/16497341372478.mp3"
        },
        {
          "text": "勇气可以转化为搏倒一切的力量。",
          "link": "//game.gtimg.cn/images/yxzj/zlkdatasys/audios/audio/20220412/16497341558209.mp3"
        },
        {
          "text": "战争，灾难的开端。",
          "link": "//game.gtimg.cn/images/yxzj/zlkdatasys/audios/audio/20220412/16497341698885.wav"
        },
        {
          "text": "永别了，武器。",
          "link": "//game.gtimg.cn/images/yxzj/zlkdatasys/audios/audio/20220412/16497341876740.wav"
        },
        {
          "text": "扳倒罪恶的权柄！",
          "link": "//game.gtimg.cn/images/yxzj/zlkdatasys/audios/audio/20220412/16497342051520.wav"
        },
        {
          "text": "哼，亡命之徒。",
          "link": "//game.gtimg.cn/images/yxzj/zlkdatasys/audios/audio/20220412/16497342239709.wav"
        },
        {
          "text": "这是，捍卫和平的铁臂。",
          "link": "//game.gtimg.cn/images/yxzj/zlkdatasys/audios/audio/20220412/16497342388708.wav"
        },
        {
          "text": "重装出战！",
          "link": "//game.gtimg.cn/images/yxzj/zlkdatasys/audios/audio/20220412/16497342515441.wav"
        },
        {
          "text": "不会让灾难重演。",
          "link": "//game.gtimg.cn/images/yxzj/zlkdatasys/audios/audio/20220412/16497342658328.wav"
        },
        {
          "text": "万劫不复！",
          "link": "//game.gtimg.cn/images/yxzj/zlkdatasys/audios/audio/20220412/16497342785786.wav"
        },
        {
          "text": "自取灭亡！",
          "link": "//game.gtimg.cn/images/yxzj/zlkdatasys/audios/audio/20220412/16497342938214.wav"
        },
        {
          "text": "派你来的，是什么低级指挥终端？",
          "link": "//game.gtimg.cn/images/yxzj/zlkdatasys/audios/audio/20220412/16497343115659.mp3"
        }
      ],
      "name": "重装意志"
    },
    {
      "voice": [
        {
          "text": "纵使我的存在被冰霜掩埋，终结风雪的使命未曾更改。",
          "link": "//game.gtimg.cn/images/yxzj/zlkdatasys/audios/audio/20230216/16765286524975.mp3"
        },
        {
          "text": "为守护而生的意志，不会随时间消亡！",
          "link": "//game.gtimg.cn/images/yxzj/zlkdatasys/audios/audio/20230216/16765286702061.mp3"
        },
        {
          "text": "不必害怕，我将击退风雪！",
          "link": "//game.gtimg.cn/images/yxzj/zlkdatasys/audios/audio/20230216/16765287035979.mp3"
        },
        {
          "text": "神明冰封玫瑰，严寒降临极北。",
          "link": "//game.gtimg.cn/images/yxzj/zlkdatasys/audios/audio/20230214/16763692225958.mp3"
        },
        {
          "text": "渺小的生命，因伟大的意志而重生。",
          "link": "//game.gtimg.cn/images/yxzj/zlkdatasys/audios/audio/20230214/16763692387602.mp3"
        },
        {
          "text": "极北之民，是不屈之民！",
          "link": "//game.gtimg.cn/images/yxzj/zlkdatasys/audios/audio/20230214/16763692576308.mp3"
        },
        {
          "text": "绝境随永夜寒冰悄然覆盖，希望也在篝火中重新点燃。",
          "link": "//game.gtimg.cn/images/yxzj/zlkdatasys/audios/audio/20230214/16763692764757.mp3"
        },
        {
          "text": "身体困于极寒，意志永不冻结。",
          "link": "//game.gtimg.cn/images/yxzj/zlkdatasys/audios/audio/20230214/16763692978849.mp3"
        },
        {
          "text": "我将带领众人穿越凛冬！",
          "link": "//game.gtimg.cn/images/yxzj/zlkdatasys/audios/audio/20230214/16763693172693.mp3"
        },
        {
          "text": "越过我的身体，继续向前……",
          "link": "//game.gtimg.cn/images/yxzj/zlkdatasys/audios/audio/20230214/16763693502271.mp3"
        },
        {
          "text": "你阻挡不了我！",
          "link": "//game.gtimg.cn/images/yxzj/zlkdatasys/audios/audio/20230214/16763693823751.mp3"
        },
        {
          "text": "寒冰无法摧毁的意志，必将令我再次归来！",
          "link": "//game.gtimg.cn/images/yxzj/zlkdatasys/audios/audio/20230214/16763694101410.mp3"
        },
        {
          "text": "你不过是屈从于宿命的棋子。",
          "link": "//game.gtimg.cn/images/yxzj/zlkdatasys/audios/audio/20230214/16763694394197.mp3"
        },
        {
          "text": "劈开风雪！",
          "link": "//game.gtimg.cn/images/yxzj/zlkdatasys/audios/audio/20230214/16763697904117.mp3"
        },
        {
          "text": "穿越寒冬！",
          "link": "//game.gtimg.cn/images/yxzj/zlkdatasys/audios/audio/20230214/16763698136954.mp3"
        },
        {
          "text": "别怕，我来了！",
          "link": "//game.gtimg.cn/images/yxzj/zlkdatasys/audios/audio/20230214/16763698944852.mp3"
        },
        {
          "text": "冻结！",
          "link": "//game.gtimg.cn/images/yxzj/zlkdatasys/audios/audio/20230214/16763700015681.mp3"
        },
        {
          "text": "冰雪之怒！",
          "link": "//game.gtimg.cn/images/yxzj/zlkdatasys/audios/audio/20230214/16763700218879.mp3"
        },
        {
          "text": "把握命运的力量！",
          "link": "//game.gtimg.cn/images/yxzj/zlkdatasys/audios/audio/20230214/16763700414783.mp3"
        },
        {
          "text": "冰霜绽裂！",
          "link": "//game.gtimg.cn/images/yxzj/zlkdatasys/audios/audio/20230214/16763701133651.mp3"
        },
        {
          "text": "终结霜寒！",
          "link": "//game.gtimg.cn/images/yxzj/zlkdatasys/audios/audio/20230214/16763701312384.mp3"
        },
        {
          "text": "我的身后永无风雪！",
          "link": "//game.gtimg.cn/images/yxzj/zlkdatasys/audios/audio/20230214/16763701493211.mp3"
        },
        {
          "text": "战至巨斧化为晶屑！",
          "link": "//game.gtimg.cn/images/yxzj/zlkdatasys/audios/audio/20230214/16763701745939.mp3"
        },
        {
          "text": "双臂的力量因使命而存在。",
          "link": "//game.gtimg.cn/images/yxzj/zlkdatasys/audios/audio/20230214/16763702139023.mp3"
        },
        {
          "text": "追寻值得守护的东西，这一点我们一样。",
          "link": "//game.gtimg.cn/images/yxzj/zlkdatasys/audios/audio/20230214/16763702389316.mp3"
        },
        {
          "text": "神明为冰封玫瑰而降下冰雪，可曾对极北之民有丝毫怜悯？",
          "link": "//game.gtimg.cn/images/yxzj/zlkdatasys/audios/audio/20230214/16763702657717.mp3"
        },
        {
          "text": "极北之民不会屈服于任何人，我也不会。",
          "link": "//game.gtimg.cn/images/yxzj/zlkdatasys/audios/audio/20230214/16763702937858.mp3"
        },
        {
          "text": "责任与守护，是我们共同的信念。",
          "link": "//game.gtimg.cn/images/yxzj/zlkdatasys/audios/audio/20230214/16763703189715.mp3"
        }
      ],
      "name": "冰霜神碉"
    }
  ]
}
