{
  "data": [
    {
      "voice": [
        {
          "text": "震惊长安第一拳！",
          "link": "//game.gtimg.cn/images/yxzj/zlkdatasys/audios/audio/20220411/16496715808539.wav"
        },
        {
          "text": "等俺这拳头砸下去，有人可能会变废柴哦~",
          "link": "//game.gtimg.cn/images/yxzj/zlkdatasys/audios/audio/20220411/16496716043589.mp3"
        },
        {
          "text": "会牵挂的叫亲人，会回去的是故乡。",
          "link": "//game.gtimg.cn/images/yxzj/zlkdatasys/audios/audio/20220411/16496716226463.mp3"
        },
        {
          "text": "怕死，怕回不去，怕忘记长城下等着俺的兄弟",
          "link": "//game.gtimg.cn/images/yxzj/zlkdatasys/audios/audio/20220411/16496716979009.mp3"
        },
        {
          "text": "输了就得认，挨打要立正！",
          "link": "//game.gtimg.cn/images/yxzj/zlkdatasys/audios/audio/20220411/16496717114588.wav"
        },
        {
          "text": "你的骄傲不堪一击",
          "link": "//game.gtimg.cn/images/yxzj/zlkdatasys/audios/audio/20220411/16496717272144.wav"
        },
        {
          "text": "俺这样的废柴，也懂得有所为有所不为",
          "link": "//game.gtimg.cn/images/yxzj/zlkdatasys/audios/audio/20220411/16496717455050.mp3"
        },
        {
          "text": "谁建造它？谁守望它？谁在它身畔长眠？",
          "link": "//game.gtimg.cn/images/yxzj/zlkdatasys/audios/audio/20220411/16496717623390.mp3"
        },
        {
          "text": "俺……终究太无能……",
          "link": "//game.gtimg.cn/images/yxzj/zlkdatasys/audios/audio/20220411/16496718122682.wav"
        },
        {
          "text": "祖传一套",
          "link": "//game.gtimg.cn/images/yxzj/zlkdatasys/audios/audio/20220413/16498344235094.wav"
        },
        {
          "text": "超凶的！",
          "link": "//game.gtimg.cn/images/yxzj/zlkdatasys/audios/audio/20220411/16496721134633.wav"
        },
        {
          "text": "以恶制恶",
          "link": "//game.gtimg.cn/images/yxzj/zlkdatasys/audios/audio/20220411/16496721466158.wav"
        },
        {
          "text": "老虎不发威，当俺是病猫吗！",
          "link": "//game.gtimg.cn/images/yxzj/zlkdatasys/audios/audio/20220411/16496721791985.wav"
        },
        {
          "text": "同情很廉价，别用可怜的眼神瞧俺",
          "link": "//game.gtimg.cn/images/yxzj/zlkdatasys/audios/audio/20220411/16496722695793.wav"
        },
        {
          "text": "可你连做饭都不会呀……",
          "link": "//game.gtimg.cn/images/yxzj/zlkdatasys/audios/audio/20220414/16499329226873.mp3"
        },
        {
          "text": "哇，这堪比老姐的黑暗料理，拿俺试毒吗？",
          "link": "//game.gtimg.cn/images/yxzj/zlkdatasys/audios/audio/20220411/16496723112030.mp3"
        },
        {
          "text": "比你的料理更恐怖，比明的占卜更致命，比星的棋盘更惊天动地，唯有俺老姐",
          "link": "//game.gtimg.cn/images/yxzj/zlkdatasys/audios/audio/20220411/16496724719593.mp3"
        },
        {
          "text": "梦想什么的，不重要了。那里还有等着俺的兄弟！",
          "link": "//game.gtimg.cn/images/yxzj/zlkdatasys/audios/audio/20220411/16496724931588.mp3"
        },
        {
          "text": "连厨子都没有，真是个冷漠的组织",
          "link": "//game.gtimg.cn/images/yxzj/zlkdatasys/audios/audio/20220411/16496725107986.wav"
        },
        {
          "text": "胜负心强烈的家伙！",
          "link": "//game.gtimg.cn/images/yxzj/zlkdatasys/audios/audio/20220411/16496725357029.wav"
        },
        {
          "text": "眼泪，不知不觉流下来……琴声里燃烧着的，是长城的篝火",
          "link": "//game.gtimg.cn/images/yxzj/zlkdatasys/audios/audio/20220411/16496725707973.mp3"
        },
        {
          "text": "打个赌，你将后悔自己的无能，后悔无法拯救长城",
          "link": "//game.gtimg.cn/images/yxzj/zlkdatasys/audios/audio/20220411/16496726656389.mp3"
        },
        {
          "text": "打个赌，阴险的敌人永远不敢来场堂堂正正的对决",
          "link": "//game.gtimg.cn/images/yxzj/zlkdatasys/audios/audio/20220411/16496726854848.mp3"
        },
        {
          "text": "打个赌，小矮子通常都扮演领便当的龙套",
          "link": "//game.gtimg.cn/images/yxzj/zlkdatasys/audios/audio/20220411/16496727078568.mp3"
        },
        {
          "text": "打个赌，这家伙做饭贼难吃",
          "link": "//game.gtimg.cn/images/yxzj/zlkdatasys/audios/audio/20220411/16496727241720.wav"
        },
        {
          "text": "打个赌，你的人生观会被俺的拳头颠覆！",
          "link": "//game.gtimg.cn/images/yxzj/zlkdatasys/audios/audio/20220411/16496727432480.mp3"
        },
        {
          "text": "打个赌，俺们从来没见过，俺不是你认识的那个人。",
          "link": "//game.gtimg.cn/images/yxzj/zlkdatasys/audios/audio/20220411/16496727668941.mp3"
        },
        {
          "text": "有人还能理直气壮的生存，因为缺少灵魂。",
          "link": "//game.gtimg.cn/images/yxzj/zlkdatasys/audios/audio/20220411/16496727869685.mp3"
        },
        {
          "text": "哇，简直就是在违法的边缘试探嘛",
          "link": "//game.gtimg.cn/images/yxzj/zlkdatasys/audios/audio/20220411/16496728027123.wav"
        },
        {
          "text": "今天输了，明天也要卷土重来",
          "link": "//game.gtimg.cn/images/yxzj/zlkdatasys/audios/audio/20220427/16510542877657.mp3"
        },
        {
          "text": "刚出锅的包子！给你买了10个，接着",
          "link": "//game.gtimg.cn/images/yxzj/zlkdatasys/audios/audio/20220428/16511351533043.mp3"
        },
        {
          "text": "小星子！再遇到这种事，俺们男子汉可得一起承担！",
          "link": "//game.gtimg.cn/images/yxzj/zlkdatasys/audios/audio/20220428/16511352106263.mp3"
        },
        {
          "text": "哎哎，这步俺下错了，重来一次！",
          "link": "//game.gtimg.cn/images/yxzj/zlkdatasys/audios/audio/20220428/16511352359910.mp3"
        }
      ],
      "name": "原皮"
    },
    {
      "voice": [
        {
          "text": "所选之路，为足球而生。",
          "link": "//game.gtimg.cn/images/yxzj/zlkdatasys/audios/audio/20220411/16496729406544.wav"
        },
        {
          "text": "成为最好的梅西，不是任何人的影子",
          "link": "//game.gtimg.cn/images/yxzj/zlkdatasys/audios/audio/20220411/16496729577482.wav"
        },
        {
          "text": "历史对我紧追不舍，但我速度更快",
          "link": "//game.gtimg.cn/images/yxzj/zlkdatasys/audios/audio/20220411/16496729707652.wav"
        },
        {
          "text": "为球衣胸前的名字而战，人们会记住它。",
          "link": "//game.gtimg.cn/images/yxzj/zlkdatasys/audios/audio/20220411/16496729924571.mp3"
        },
        {
          "text": "这片绿茵从不缺乏天才，努力才是最终入场券",
          "link": "//game.gtimg.cn/images/yxzj/zlkdatasys/audios/audio/20220411/16496730098319.mp3"
        },
        {
          "text": "仍然记得我第一个足球的样子",
          "link": "//game.gtimg.cn/images/yxzj/zlkdatasys/audios/audio/20220411/16496730265143.wav"
        },
        {
          "text": "延续的，不止自己的足球梦",
          "link": "//game.gtimg.cn/images/yxzj/zlkdatasys/audios/audio/20220411/16496730874937.wav"
        },
        {
          "text": "踢球，可不是为了成为历史上最棒的球衣",
          "link": "//game.gtimg.cn/images/yxzj/zlkdatasys/audios/audio/20220411/16496731052268.wav"
        },
        {
          "text": "乌龙球？",
          "link": "//game.gtimg.cn/images/yxzj/zlkdatasys/audios/audio/20220411/16496731269807.wav"
        },
        {
          "text": "完美的帽子戏法！",
          "link": "//game.gtimg.cn/images/yxzj/zlkdatasys/audios/audio/20220411/16496731491322.wav"
        },
        {
          "text": "你能看清我的跑位吗？",
          "link": "//game.gtimg.cn/images/yxzj/zlkdatasys/audios/audio/20220411/16496731712780.wav"
        },
        {
          "text": "临门一脚！",
          "link": "//game.gtimg.cn/images/yxzj/zlkdatasys/audios/audio/20220411/16496731833864.wav"
        },
        {
          "text": "哈哈，制胜金球！",
          "link": "//game.gtimg.cn/images/yxzj/zlkdatasys/audios/audio/20220411/16496732056035.wav"
        },
        {
          "text": "终场哨声是对你最美妙的解脱",
          "link": "//game.gtimg.cn/images/yxzj/zlkdatasys/audios/audio/20220411/16496732198979.wav"
        }
      ],
      "name": "梅西"
    },
    {
      "voice": [
        {
          "text": "看清路数了吗~",
          "link": "//game.gtimg.cn/images/yxzj/zlkdatasys/audios/audio/20220411/16496737952601.wav"
        },
        {
          "text": "辨认我的风格，找出我的艺术",
          "link": "//game.gtimg.cn/images/yxzj/zlkdatasys/audios/audio/20220411/16496738135190.mp3"
        },
        {
          "text": "有一天，涂鸦也会成为传说。",
          "link": "//game.gtimg.cn/images/yxzj/zlkdatasys/audios/audio/20220411/16496738313370.mp3"
        },
        {
          "text": "像我一样超凶的，还有四个。",
          "link": "//game.gtimg.cn/images/yxzj/zlkdatasys/audios/audio/20220411/16496738478840.wav"
        },
        {
          "text": "我没有狠话要说，因为它已遍布城市的每个角落。",
          "link": "//game.gtimg.cn/images/yxzj/zlkdatasys/audios/audio/20220411/16496738654980.mp3"
        },
        {
          "text": "涂鸦是门孤独的艺术，打架可不是",
          "link": "//game.gtimg.cn/images/yxzj/zlkdatasys/audios/audio/20220411/16496738827376.mp3"
        },
        {
          "text": "开战前没必要打赌，结果无非我赢你输。",
          "link": "//game.gtimg.cn/images/yxzj/zlkdatasys/audios/audio/20220411/16496739005643.mp3"
        },
        {
          "text": "必要时，依靠咆哮进行战术交流。",
          "link": "//game.gtimg.cn/images/yxzj/zlkdatasys/audios/audio/20220411/16496739237197.mp3"
        },
        {
          "text": "这里有我，并且不止有我。",
          "link": "//game.gtimg.cn/images/yxzj/zlkdatasys/audios/audio/20220411/16496739485691.wav"
        },
        {
          "text": "天亮了……",
          "link": "//game.gtimg.cn/images/yxzj/zlkdatasys/audios/audio/20220411/16496739644990.wav"
        },
        {
          "text": "五彩斑斓黑！",
          "link": "//game.gtimg.cn/images/yxzj/zlkdatasys/audios/audio/20220411/16496739832503.wav"
        },
        {
          "text": "给你的颜色，不止一点点~",
          "link": "//game.gtimg.cn/images/yxzj/zlkdatasys/audios/audio/20220411/16496739979252.wav"
        },
        {
          "text": "食物链顶端的技巧！",
          "link": "//game.gtimg.cn/images/yxzj/zlkdatasys/audios/audio/20220411/16496740167967.wav"
        },
        {
          "text": "克制一切菜鸟！",
          "link": "//game.gtimg.cn/images/yxzj/zlkdatasys/audios/audio/20220411/16496740341120.wav"
        },
        {
          "text": "时刻记住，尊老爱幼是天狼守则第一条。",
          "link": "//game.gtimg.cn/images/yxzj/zlkdatasys/audios/audio/20220414/16499309304935.wav"
        },
        {
          "text": "我可是科学都不能解析的天才！",
          "link": "//game.gtimg.cn/images/yxzj/zlkdatasys/audios/audio/20220415/16500063805043.wav"
        },
        {
          "text": "天狼星小队集结完毕，行动开始！",
          "link": "//game.gtimg.cn/images/yxzj/zlkdatasys/audios/audio/20220411/16496740806379.wav"
        },
        {
          "text": "年轻的热血，老板也曾经体会过吧。",
          "link": "//game.gtimg.cn/images/yxzj/zlkdatasys/audios/audio/20220427/16510523305716.mp3"
        },
        {
          "text": "我正在寻找属于自己的艺术",
          "link": "//game.gtimg.cn/images/yxzj/zlkdatasys/audios/audio/20220428/16511126993069.mp3"
        }
      ],
      "name": "天狼狩猎者"
    },
    {
      "voice": [
        {
          "text": "以无限为有限，以无法为有法",
          "link": "//game.gtimg.cn/images/yxzj/zlkdatasys/audios/audio/20220414/16499328398196.mp3"
        },
        {
          "text": "化于无形，万法归一！",
          "link": "//game.gtimg.cn/images/yxzj/zlkdatasys/audios/audio/20220414/16499328509745.mp3"
        },
        {
          "text": "真理，存在于所有招式之外！",
          "link": "//game.gtimg.cn/images/yxzj/zlkdatasys/audios/audio/20220414/16499328273821.mp3"
        },
        {
          "text": "我不怕练过一万种腿法的对手，只怕把一种腿法练一万次的对手",
          "link": "//game.gtimg.cn/images/yxzj/zlkdatasys/audios/audio/20220412/16497282656052.mp3"
        },
        {
          "text": "不要去想，去感受",
          "link": "//game.gtimg.cn/images/yxzj/zlkdatasys/audios/audio/20220414/16499245478285.wav"
        },
        {
          "text": "水，无时不刻，都在流动。",
          "link": "//game.gtimg.cn/images/yxzj/zlkdatasys/audios/audio/20220411/16496791332806.mp3"
        },
        {
          "text": "清空你的思绪，无态，无形",
          "link": "//game.gtimg.cn/images/yxzj/zlkdatasys/audios/audio/20220412/16497283867482.mp3"
        },
        {
          "text": "其动若水，其静若镜，其应若响！",
          "link": "//game.gtimg.cn/images/yxzj/zlkdatasys/audios/audio/20220412/16497313412692.mp3"
        },
        {
          "text": "能看清“无物”，才是真正的“看见”",
          "link": "//game.gtimg.cn/images/yxzj/zlkdatasys/audios/audio/20220412/16497313825553.mp3"
        },
        {
          "text": "我没有对手，因为“我”是不存在的",
          "link": "//game.gtimg.cn/images/yxzj/zlkdatasys/audios/audio/20220412/16497314155765.mp3"
        },
        {
          "text": "攻击，是最好的防御！",
          "link": "//game.gtimg.cn/images/yxzj/zlkdatasys/audios/audio/20220412/16497315674412.wav"
        },
        {
          "text": "龙魂……不会熄灭",
          "link": "//game.gtimg.cn/images/yxzj/zlkdatasys/audios/audio/20220412/16497316086550.wav"
        },
        {
          "text": "生，是等待死亡的历程",
          "link": "//game.gtimg.cn/images/yxzj/zlkdatasys/audios/audio/20220412/16497316467596.mp3"
        },
        {
          "text": "小龙问路！",
          "link": "//game.gtimg.cn/images/yxzj/zlkdatasys/audios/audio/20220412/16497316772929.wav"
        },
        {
          "text": "大龙摆尾！",
          "link": "//game.gtimg.cn/images/yxzj/zlkdatasys/audios/audio/20220412/16497316921482.wav"
        },
        {
          "text": "这场死亡游戏，你已经输了",
          "link": "//game.gtimg.cn/images/yxzj/zlkdatasys/audios/audio/20220412/16497317378566.wav"
        },
        {
          "text": "如果你们要打，就跟我打",
          "link": "//game.gtimg.cn/images/yxzj/zlkdatasys/audios/audio/20220412/16497317585945.wav"
        },
        {
          "text": "这，才是中国拳！",
          "link": "//game.gtimg.cn/images/yxzj/zlkdatasys/audios/audio/20220412/16497317824616.wav"
        },
        {
          "text": "粤：真理，存在于所有招式之外！",
          "link": "//game.gtimg.cn/images/yxzj/zlkdatasys/audios/audio/20220414/16499328625140.mp3"
        },
        {
          "text": "粤：以无限为有限，以无法为有法",
          "link": "//game.gtimg.cn/images/yxzj/zlkdatasys/audios/audio/20220414/16499328741833.mp3"
        },
        {
          "text": "粤：化于无形，万法归一！",
          "link": "//game.gtimg.cn/images/yxzj/zlkdatasys/audios/audio/20220414/16499328889026.mp3"
        },
        {
          "text": "粤：我不怕练过一万种腿法的对手，只怕把一种腿法练一万次的对手",
          "link": "//game.gtimg.cn/images/yxzj/zlkdatasys/audios/audio/20220412/16497319494472.mp3"
        },
        {
          "text": "粤：不要去想，去感受",
          "link": "//game.gtimg.cn/images/yxzj/zlkdatasys/audios/audio/20220412/16497319724679.wav"
        },
        {
          "text": "粤：清空你的思绪，无态，无形",
          "link": "//game.gtimg.cn/images/yxzj/zlkdatasys/audios/audio/20220412/16497320011054.mp3"
        },
        {
          "text": "粤：能看清“无物”，才是真正的“看见”",
          "link": "//game.gtimg.cn/images/yxzj/zlkdatasys/audios/audio/20220412/16497320463477.mp3"
        },
        {
          "text": "粤：我没有对手，因为“我”是不存在的",
          "link": "//game.gtimg.cn/images/yxzj/zlkdatasys/audios/audio/20220412/16497320776061.mp3"
        },
        {
          "text": "粤：攻击，是最好的防守！",
          "link": "//game.gtimg.cn/images/yxzj/zlkdatasys/audios/audio/20220412/16497321023214.wav"
        },
        {
          "text": "粤：龙魂……不会熄灭",
          "link": "//game.gtimg.cn/images/yxzj/zlkdatasys/audios/audio/20220412/16497321387159.wav"
        },
        {
          "text": "粤：生，是等待死亡的历程",
          "link": "//game.gtimg.cn/images/yxzj/zlkdatasys/audios/audio/20220412/16497321644626.mp3"
        },
        {
          "text": "粤：小龙问路！",
          "link": "//game.gtimg.cn/images/yxzj/zlkdatasys/audios/audio/20220412/16497321895439.wav"
        },
        {
          "text": "粤：大龙摆尾！",
          "link": "//game.gtimg.cn/images/yxzj/zlkdatasys/audios/audio/20220412/16497322091748.wav"
        },
        {
          "text": "粤：如果你们要打，就跟我打",
          "link": "//game.gtimg.cn/images/yxzj/zlkdatasys/audios/audio/20220412/16497322368346.mp3"
        },
        {
          "text": "粤：这场死亡游戏，你已经输了",
          "link": "//game.gtimg.cn/images/yxzj/zlkdatasys/audios/audio/20220412/16497322699228.mp3"
        },
        {
          "text": "粤：这，才是中国拳！",
          "link": "//game.gtimg.cn/images/yxzj/zlkdatasys/audios/audio/20220412/16497322955986.wav"
        },
        {
          "text": "粤：其动若水，其静若镜，其应若响！",
          "link": "//game.gtimg.cn/images/yxzj/zlkdatasys/audios/audio/20220412/16497323243615.mp3"
        }
      ],
      "name": "李小龙"
    },
    {
      "voice": [
        {
          "text": "那是……以形为拳，以意为神——同此心，共此力！",
          "link": "//game.gtimg.cn/images/yxzj/zlkdatasys/audios/audio/20220415/16500036728280.wav"
        },
        {
          "text": "来啊年兽，来和我的拳头，比比谁更硬！",
          "link": "//game.gtimg.cn/images/yxzj/zlkdatasys/audios/audio/20220415/16500036925745.wav"
        },
        {
          "text": "乳虎啸谷,百兽震惶！——你这家伙，敢接我的拳头吗！",
          "link": "//game.gtimg.cn/images/yxzj/zlkdatasys/audios/audio/20220415/16500037094095.wav"
        },
        {
          "text": "整条虎神街的事，全都包在我身上！",
          "link": "//game.gtimg.cn/images/yxzj/zlkdatasys/audios/audio/20220411/16496783493065.wav"
        },
        {
          "text": "虎拳练骨，历事练心；扬善除恶，谨遵师训～",
          "link": "//game.gtimg.cn/images/yxzj/zlkdatasys/audios/audio/20220411/16496783687263.mp3"
        },
        {
          "text": "勇气，可以转化为搏倒一切的力量。",
          "link": "//game.gtimg.cn/images/yxzj/zlkdatasys/audios/audio/20220411/16496784095268.wav"
        },
        {
          "text": "光明正大地较量一下吧！",
          "link": "//game.gtimg.cn/images/yxzj/zlkdatasys/audios/audio/20220411/16496784224795.wav"
        },
        {
          "text": "在这个城市，多得是不曾留名的英雄。",
          "link": "//game.gtimg.cn/images/yxzj/zlkdatasys/audios/audio/20220411/16496784409210.mp3"
        },
        {
          "text": "危难来的时候，我们都有同一个名字。",
          "link": "//game.gtimg.cn/images/yxzj/zlkdatasys/audios/audio/20220411/16496784561140.wav"
        },
        {
          "text": "喂，你不会～连一招都接不住吧！",
          "link": "//game.gtimg.cn/images/yxzj/zlkdatasys/audios/audio/20220411/16496784702940.wav"
        },
        {
          "text": "会害怕，但不会退缩。",
          "link": "//game.gtimg.cn/images/yxzj/zlkdatasys/audios/audio/20220411/16496784992263.wav"
        },
        {
          "text": "你惹怒我了。",
          "link": "//game.gtimg.cn/images/yxzj/zlkdatasys/audios/audio/20220411/16496785232025.wav"
        },
        {
          "text": "说起来～我还缺个像样的沙袋。",
          "link": "//game.gtimg.cn/images/yxzj/zlkdatasys/audios/audio/20220411/16496785398573.wav"
        },
        {
          "text": "神虎踞此！",
          "link": "//game.gtimg.cn/images/yxzj/zlkdatasys/audios/audio/20220411/16496785673009.wav"
        },
        {
          "text": "天地正气，存于一心！",
          "link": "//game.gtimg.cn/images/yxzj/zlkdatasys/audios/audio/20220411/16496785825351.wav"
        },
        {
          "text": "当心你的正面～",
          "link": "//game.gtimg.cn/images/yxzj/zlkdatasys/audios/audio/20220411/16496785945964.wav"
        },
        {
          "text": "众喣山动！",
          "link": "//game.gtimg.cn/images/yxzj/zlkdatasys/audios/audio/20220411/16496786078344.wav"
        },
        {
          "text": "做好了，和一切交手的准备！",
          "link": "//game.gtimg.cn/images/yxzj/zlkdatasys/audios/audio/20220411/16496786344267.wav"
        },
        {
          "text": "神虎一跃，威震天地！",
          "link": "//game.gtimg.cn/images/yxzj/zlkdatasys/audios/audio/20220411/16496786499080.wav"
        },
        {
          "text": "小伤而已，再来！",
          "link": "//game.gtimg.cn/images/yxzj/zlkdatasys/audios/audio/20220411/16496786661143.wav"
        },
        {
          "text": "嘿小家伙～今天打算拍些什么？",
          "link": "//game.gtimg.cn/images/yxzj/zlkdatasys/audios/audio/20220411/16496786939025.wav"
        },
        {
          "text": "把我拍得帅一点～",
          "link": "//game.gtimg.cn/images/yxzj/zlkdatasys/audios/audio/20220411/16496787086396.wav"
        },
        {
          "text": "师父，得空再来比划比划！",
          "link": "//game.gtimg.cn/images/yxzj/zlkdatasys/audios/audio/20220411/16496787324897.wav"
        },
        {
          "text": "师父！今年的武术大赛，我会拿冠军给你看的！",
          "link": "//game.gtimg.cn/images/yxzj/zlkdatasys/audios/audio/20220411/16496787576132.mp3"
        },
        {
          "text": "羡慕你的音乐天赋，现在入门还来得及吗？",
          "link": "//game.gtimg.cn/images/yxzj/zlkdatasys/audios/audio/20220411/16496787864255.mp3"
        },
        {
          "text": "原来音乐，也能发挥不逊于拳头的力量！",
          "link": "//game.gtimg.cn/images/yxzj/zlkdatasys/audios/audio/20220411/16496788019357.wav"
        },
        {
          "text": "哈哈哈哈哈，发明你的家伙，一定是个虎神狂热粉！",
          "link": "//game.gtimg.cn/images/yxzj/zlkdatasys/audios/audio/20220426/16509690371956.mp3"
        },
        {
          "text": "嗷呜～吓人的大猫咪要来了！",
          "link": "//game.gtimg.cn/images/yxzj/zlkdatasys/audios/audio/20220426/16509690606175.mp3"
        }
      ],
      "name": "寅虎·赤拳"
    }
  ]
}