{
  "data": [
    {
      "voice": [
        {
          "text": "言为心声，字为心画。",
          "link": "//game.gtimg.cn/images/yxzj/zlkdatasys/audios/audio/20220411/16496453361324.wav"
        },
        {
          "text": "上通自然之性，下取万类之象。",
          "link": "//game.gtimg.cn/images/yxzj/zlkdatasys/audios/audio/20220411/16496454128172.wav"
        },
        {
          "text": "用笔者，天也；流美者，地也",
          "link": "//game.gtimg.cn/images/yxzj/zlkdatasys/audios/audio/20220411/16496454354947.wav"
        },
        {
          "text": "笔落兴亡定三端之妙，墨写清白尽六艺之奥。",
          "link": "//game.gtimg.cn/images/yxzj/zlkdatasys/audios/audio/20220411/16496455469998.wav"
        },
        {
          "text": "篆法圆奋，章草飘落，八分凶险，飞白窈窕。",
          "link": "//game.gtimg.cn/images/yxzj/zlkdatasys/audios/audio/20220411/16496455971733.wav"
        },
        {
          "text": "第一用笔，第二识势，第三裹束，三者兼备，然后为书。",
          "link": "//game.gtimg.cn/images/yxzj/zlkdatasys/audios/audio/20220411/16496456106958.wav"
        },
        {
          "text": "善书者自有风骨，尽一身之力而送之",
          "link": "//game.gtimg.cn/images/yxzj/zlkdatasys/audios/audio/20220411/16496456191245.wav"
        },
        {
          "text": "横如千里阵云，折如百钧弩发。",
          "link": "//game.gtimg.cn/images/yxzj/zlkdatasys/audios/audio/20220411/16496456379865.wav"
        },
        {
          "text": "紫毫已折......",
          "link": "//game.gtimg.cn/images/yxzj/zlkdatasys/audios/audio/20220411/16496457833501.wav"
        },
        {
          "text": "紫毫已折.......",
          "link": "//game.gtimg.cn/images/yxzj/zlkdatasys/audios/audio/20220411/16496458199000.wav"
        },
        {
          "text": "逆锋起笔，最能得势",
          "link": "//game.gtimg.cn/images/yxzj/zlkdatasys/audios/audio/20220411/16496461127339.wav"
        },
        {
          "text": "提",
          "link": "//game.gtimg.cn/images/yxzj/zlkdatasys/audios/audio/20220411/16496462265353.wav"
        },
        {
          "text": "按",
          "link": "//game.gtimg.cn/images/yxzj/zlkdatasys/audios/audio/20220411/16496462343392.wav"
        },
        {
          "text": "下笔风雷",
          "link": "//game.gtimg.cn/images/yxzj/zlkdatasys/audios/audio/20220411/16496462567227.wav"
        },
        {
          "text": "万豪齐力",
          "link": "//game.gtimg.cn/images/yxzj/zlkdatasys/audios/audio/20220411/16496462633359.wav"
        },
        {
          "text": "银钩铁画",
          "link": "//game.gtimg.cn/images/yxzj/zlkdatasys/audios/audio/20220411/16496462788040.wav"
        },
        {
          "text": "顿",
          "link": "//game.gtimg.cn/images/yxzj/zlkdatasys/audios/audio/20220411/16496462894010.wav"
        },
        {
          "text": "挫",
          "link": "//game.gtimg.cn/images/yxzj/zlkdatasys/audios/audio/20220411/16496463003915.wav"
        },
        {
          "text": "势来不可止，势去不可遏",
          "link": "//game.gtimg.cn/images/yxzj/zlkdatasys/audios/audio/20220411/16496463282342.wav"
        },
        {
          "text": "无筋无骨，写来何用",
          "link": "//game.gtimg.cn/images/yxzj/zlkdatasys/audios/audio/20220411/16496463728067.wav"
        },
        {
          "text": "哎，这歪歪扭扭的字体，就像你歪歪扭扭的人生一样糟糕",
          "link": "//game.gtimg.cn/images/yxzj/zlkdatasys/audios/audio/20220411/16496464238377.wav"
        },
        {
          "text": "阴谋的蛛丝马迹，隐藏于案牍的笔墨里",
          "link": "//game.gtimg.cn/images/yxzj/zlkdatasys/audios/audio/20220411/16496465276484.wav"
        },
        {
          "text": "写下诉状，因亲族不可忘，家传不可忘，冤屈不可忘",
          "link": "//game.gtimg.cn/images/yxzj/zlkdatasys/audios/audio/20220411/16496465359670.wav"
        },
        {
          "text": "代陛下为耳目，书世间之万象",
          "link": "//game.gtimg.cn/images/yxzj/zlkdatasys/audios/audio/20220411/16496465886233.wav"
        },
        {
          "text": "盛世风景将镌刻于笔墨，传诵于千秋",
          "link": "//game.gtimg.cn/images/yxzj/zlkdatasys/audios/audio/20220411/16496466034700.wav"
        },
        {
          "text": "身为女子，最快意的莫过于持手中笔，量天下士",
          "link": "//game.gtimg.cn/images/yxzj/zlkdatasys/audios/audio/20220411/16496466314201.wav"
        },
        {
          "text": "依次写下名字，就成为家谱，成为记忆。亲人们就在记忆中不朽",
          "link": "//game.gtimg.cn/images/yxzj/zlkdatasys/audios/audio/20220411/16496466571024.wav"
        },
        {
          "text": "落笔似剑锋，不可长有余，不可短不足",
          "link": "//game.gtimg.cn/images/yxzj/zlkdatasys/audios/audio/20220411/16496466952635.wav"
        },
        {
          "text": "弱小的女孩不会永远弱小。她会因书法和笔墨而成长为强大的女性。",
          "link": "//game.gtimg.cn/images/yxzj/zlkdatasys/audios/audio/20220411/16496467466403.wav"
        },
        {
          "text": "落在纸上的谎言，可以涂改过去，不能注定未来",
          "link": "//game.gtimg.cn/images/yxzj/zlkdatasys/audios/audio/20220411/16496467531015.wav"
        },
        {
          "text": "论围棋，到底是你更胜一筹",
          "link": "//game.gtimg.cn/images/yxzj/zlkdatasys/audios/audio/20220428/16511359951610.mp3"
        },
        {
          "text": "近来朝中盛传，鸿胪寺少卿家，出了个多病的得道之人。",
          "link": "//game.gtimg.cn/images/yxzj/zlkdatasys/audios/audio/20221129/16697146368510.mp3"
        },
        {
          "text": "存为伪，去为真，那何谓道？",
          "link": "//game.gtimg.cn/images/yxzj/zlkdatasys/audios/audio/20221129/16697146562207.mp3"
        }
      ],
      "name": "原皮"
    },
    {
      "voice": [
        {
          "text": "与子偕老",
          "link": "//game.gtimg.cn/images/yxzj/zlkdatasys/audios/audio/20220411/16496478773334.wav"
        },
        {
          "text": "与子成说",
          "link": "//game.gtimg.cn/images/yxzj/zlkdatasys/audios/audio/20220411/16496478937300.wav"
        },
        {
          "text": "地老天荒",
          "link": "//game.gtimg.cn/images/yxzj/zlkdatasys/audios/audio/20220411/16496479026333.wav"
        },
        {
          "text": "蝴蝶为证",
          "link": "//game.gtimg.cn/images/yxzj/zlkdatasys/audios/audio/20220411/16496479147066.wav"
        },
        {
          "text": "四九，拿笔砚来",
          "link": "//game.gtimg.cn/images/yxzj/zlkdatasys/audios/audio/20220411/16496481116912.wav"
        },
        {
          "text": "前世姻缘配拢来",
          "link": "//game.gtimg.cn/images/yxzj/zlkdatasys/audios/audio/20220411/16496481337507.wav"
        },
        {
          "text": "我为何不辨红妆三长载！",
          "link": "//game.gtimg.cn/images/yxzj/zlkdatasys/audios/audio/20220411/16496481666868.wav"
        },
        {
          "text": "执子之手难牵手，与子偕老是虚妄！",
          "link": "//game.gtimg.cn/images/yxzj/zlkdatasys/audios/audio/20220411/16496481875882.wav"
        },
        {
          "text": "三载同窗情深长，小别重逢在今朝。",
          "link": "//game.gtimg.cn/images/yxzj/zlkdatasys/audios/audio/20220411/16496482013056.wav"
        },
        {
          "text": "男女同是父母生，女孩儿也该读书求学问!",
          "link": "//game.gtimg.cn/images/yxzj/zlkdatasys/audios/audio/20220411/16496482119958.wav"
        },
        {
          "text": "一路上，阅尽了春色满乾坤。",
          "link": "//game.gtimg.cn/images/yxzj/zlkdatasys/audios/audio/20220411/16496482213383.wav"
        },
        {
          "text": "天",
          "link": "//game.gtimg.cn/images/yxzj/zlkdatasys/audios/audio/20220411/16496480613995.wav"
        },
        {
          "text": "此生有幸相识你",
          "link": "//game.gtimg.cn/images/yxzj/zlkdatasys/audios/audio/20220411/16496482489219.wav"
        },
        {
          "text": "我已魂丧……",
          "link": "//game.gtimg.cn/images/yxzj/zlkdatasys/audios/audio/20220411/16496482765187.wav"
        },
        {
          "text": "蝴蝶飞走了",
          "link": "//game.gtimg.cn/images/yxzj/zlkdatasys/audios/audio/20220411/16496482976668.wav"
        },
        {
          "text": "英台珍重啊",
          "link": "//game.gtimg.cn/images/yxzj/zlkdatasys/audios/audio/20220411/16496483107563.wav"
        },
        {
          "text": "山伯英台，草桥结义，从此以往，拜为兄弟，对天为誓，蝴蝶为证",
          "link": "//game.gtimg.cn/images/yxzj/zlkdatasys/audios/audio/20220411/16496483268552.wav"
        },
        {
          "text": "天乃蝶之家，地乃蝶之灵，云乃蝶之裳，花乃蝶之魂",
          "link": "//game.gtimg.cn/images/yxzj/zlkdatasys/audios/audio/20220411/16496483383526.wav"
        },
        {
          "text": "梁山伯与祝英台，前世姻缘配拢来",
          "link": "//game.gtimg.cn/images/yxzj/zlkdatasys/audios/audio/20220411/16496483483658.wav"
        },
        {
          "text": "折扇无憾赴汪洋……",
          "link": "//game.gtimg.cn/images/yxzj/zlkdatasys/audios/audio/20220411/16496483564474.wav"
        },
        {
          "text": "是天作？是人合？此生欣然。",
          "link": "//game.gtimg.cn/images/yxzj/zlkdatasys/audios/audio/20220411/16496483689340.wav"
        },
        {
          "text": "死生契阔，与子成说。执子之手，与子偕老。",
          "link": "//game.gtimg.cn/images/yxzj/zlkdatasys/audios/audio/20220411/16496483824714.wav"
        },
        {
          "text": "从此生死各一方",
          "link": "//game.gtimg.cn/images/yxzj/zlkdatasys/audios/audio/20220411/16496487679042.wav"
        },
        {
          "text": "终难随风舒展，扶摇直上",
          "link": "//game.gtimg.cn/images/yxzj/zlkdatasys/audios/audio/20220411/16496488055947.wav"
        },
        {
          "text": "思念常觉寒夜长……",
          "link": "//game.gtimg.cn/images/yxzj/zlkdatasys/audios/audio/20220411/16496488416418.wav"
        },
        {
          "text": "一路平安把家归",
          "link": "//game.gtimg.cn/images/yxzj/zlkdatasys/audios/audio/20220411/16496489918833.wav"
        },
        {
          "text": "送到长亭",
          "link": "//game.gtimg.cn/images/yxzj/zlkdatasys/audios/audio/20220411/16496490083272.wav"
        },
        {
          "text": "一边走，一边喜，同窗竟会成连理",
          "link": "//game.gtimg.cn/images/yxzj/zlkdatasys/audios/audio/20220411/16496490247591.wav"
        },
        {
          "text": "一边走呀，一边呆，我为何不辫红妆三长载",
          "link": "//game.gtimg.cn/images/yxzj/zlkdatasys/audios/audio/20220411/16496490406817.wav"
        },
        {
          "text": "贤妹啊，你乔装难改红颜命",
          "link": "//game.gtimg.cn/images/yxzj/zlkdatasys/audios/audio/20220411/16496490546275.wav"
        },
        {
          "text": "自许姻缘成梦想，你身心放飞难舒展",
          "link": "//game.gtimg.cn/images/yxzj/zlkdatasys/audios/audio/20220411/16496490682112.wav"
        },
        {
          "text": "无情的手啊，将拿收回的彩鹞",
          "link": "//game.gtimg.cn/images/yxzj/zlkdatasys/audios/audio/20220411/16496490769447.wav"
        },
        {
          "text": "折翅膀，折翅膀",
          "link": "//game.gtimg.cn/images/yxzj/zlkdatasys/audios/audio/20220411/16496490911308.wav"
        },
        {
          "text": "愚兄我....",
          "link": "//game.gtimg.cn/images/yxzj/zlkdatasys/audios/audio/20220411/16496491033365.wav"
        },
        {
          "text": "折扇无憾赴汪洋……",
          "link": "//game.gtimg.cn/images/yxzj/zlkdatasys/audios/audio/20220411/16496492575623.mp3"
        },
        {
          "text": "子",
          "link": "//game.gtimg.cn/images/yxzj/zlkdatasys/audios/audio/20220411/16496480352637.wav"
        },
        {
          "text": "手",
          "link": "//game.gtimg.cn/images/yxzj/zlkdatasys/audios/audio/20220411/16496479219474.wav"
        },
        {
          "text": "阔",
          "link": "//game.gtimg.cn/images/yxzj/zlkdatasys/audios/audio/20220411/16496479481799.wav"
        },
        {
          "text": "散",
          "link": "//game.gtimg.cn/images/yxzj/zlkdatasys/audios/audio/20220411/16496479805351.wav"
        },
        {
          "text": "誓",
          "link": "//game.gtimg.cn/images/yxzj/zlkdatasys/audios/audio/20220411/16496479905782.wav"
        },
        {
          "text": "之",
          "link": "//game.gtimg.cn/images/yxzj/zlkdatasys/audios/audio/20220411/16496479998285.wav"
        },
        {
          "text": "契",
          "link": "//game.gtimg.cn/images/yxzj/zlkdatasys/audios/audio/20220411/16496480098290.wav"
        },
        {
          "text": "聚",
          "link": "//game.gtimg.cn/images/yxzj/zlkdatasys/audios/audio/20220411/16496480201755.wav"
        },
        {
          "text": "为",
          "link": "//game.gtimg.cn/images/yxzj/zlkdatasys/audios/audio/20220411/16496480258078.wav"
        },
        {
          "text": "对",
          "link": "//game.gtimg.cn/images/yxzj/zlkdatasys/audios/audio/20220411/16496481023903.wav"
        },
        {
          "text": "执",
          "link": "//game.gtimg.cn/images/yxzj/zlkdatasys/audios/audio/20220411/16496480662380.wav"
        },
        {
          "text": "生",
          "link": "//game.gtimg.cn/images/yxzj/zlkdatasys/audios/audio/20220411/16496480401142.wav"
        },
        {
          "text": "死",
          "link": "//game.gtimg.cn/images/yxzj/zlkdatasys/audios/audio/20220411/16496480518640.wav"
        }
      ],
      "name": "梁祝"
    },
    {
      "voice": [
        {
          "text": "以过往之梦，绘明日之象",
          "link": "//game.gtimg.cn/images/yxzj/zlkdatasys/audios/audio/20220415/16500106576102.mp3"
        },
        {
          "text": "真实诞于虚拟，黑夜预告曙光",
          "link": "//game.gtimg.cn/images/yxzj/zlkdatasys/audios/audio/20220415/16500106742966.mp3"
        },
        {
          "text": "所书所画，落笔无悔；所思所想，掷地有声",
          "link": "//game.gtimg.cn/images/yxzj/zlkdatasys/audios/audio/20220415/16500106945169.mp3"
        },
        {
          "text": "这里有我，并且不止有我",
          "link": "//game.gtimg.cn/images/yxzj/zlkdatasys/audios/audio/20220411/16496495567151.wav"
        },
        {
          "text": "铭记它，守护它，成为它",
          "link": "//game.gtimg.cn/images/yxzj/zlkdatasys/audios/audio/20220411/16496495625207.wav"
        },
        {
          "text": "永远存在一个黎明",
          "link": "//game.gtimg.cn/images/yxzj/zlkdatasys/audios/audio/20220411/16496495743608.wav"
        },
        {
          "text": "交织的线条中断又延续，这就是城市。",
          "link": "//game.gtimg.cn/images/yxzj/zlkdatasys/audios/audio/20220411/16496495834256.wav"
        },
        {
          "text": "纪念碑提醒我们，应以何种姿态守望未来。",
          "link": "//game.gtimg.cn/images/yxzj/zlkdatasys/audios/audio/20220411/16496495961367.wav"
        },
        {
          "text": "天使…从未离去……",
          "link": "//game.gtimg.cn/images/yxzj/zlkdatasys/audios/audio/20220411/16496496549819.wav"
        },
        {
          "text": "一字见心！",
          "link": "//game.gtimg.cn/images/yxzj/zlkdatasys/audios/audio/20220411/16496496967517.wav"
        },
        {
          "text": "该我上场！",
          "link": "//game.gtimg.cn/images/yxzj/zlkdatasys/audios/audio/20220411/16496497177844.wav"
        },
        {
          "text": "看清楚了吗？！",
          "link": "//game.gtimg.cn/images/yxzj/zlkdatasys/audios/audio/20220411/16496497416724.wav"
        },
        {
          "text": "完美的行动路线~",
          "link": "//game.gtimg.cn/images/yxzj/zlkdatasys/audios/audio/20220411/16496497612662.wav"
        },
        {
          "text": "计划开启！",
          "link": "//game.gtimg.cn/images/yxzj/zlkdatasys/audios/audio/20220411/16496499339946.wav"
        },
        {
          "text": "绘制完毕！",
          "link": "//game.gtimg.cn/images/yxzj/zlkdatasys/audios/audio/20220411/16496499851631.wav"
        },
        {
          "text": "敬请观赏~",
          "link": "//game.gtimg.cn/images/yxzj/zlkdatasys/audios/audio/20220411/16496499999147.wav"
        },
        {
          "text": "感谢你的行为艺术~",
          "link": "//game.gtimg.cn/images/yxzj/zlkdatasys/audios/audio/20220411/16496501099161.wav"
        },
        {
          "text": "尊老爱幼，天狼守则第一条~",
          "link": "//game.gtimg.cn/images/yxzj/zlkdatasys/audios/audio/20220411/16496501153410.wav"
        },
        {
          "text": "不择纸笔，妙在心手",
          "link": "//game.gtimg.cn/images/yxzj/zlkdatasys/audios/audio/20220411/16496501294618.wav"
        },
        {
          "text": "老虎，安静点。",
          "link": "//game.gtimg.cn/images/yxzj/zlkdatasys/audios/audio/20220411/16496501993010.wav"
        },
        {
          "text": "涂鸦的孩子还没有长大吗？",
          "link": "//game.gtimg.cn/images/yxzj/zlkdatasys/audios/audio/20220411/16496502124932.wav"
        },
        {
          "text": "有个朋友拜托我来要签名",
          "link": "//game.gtimg.cn/images/yxzj/zlkdatasys/audios/audio/20220411/16496502259093.wav"
        },
        {
          "text": "失去记忆的音乐，便不能称之为艺术。",
          "link": "//game.gtimg.cn/images/yxzj/zlkdatasys/audios/audio/20220411/16496502308607.wav"
        },
        {
          "text": "你一定会成为，比姐姐更厉害的人",
          "link": "//game.gtimg.cn/images/yxzj/zlkdatasys/audios/audio/20220414/16499308669650.wav"
        },
        {
          "text": "笔",
          "link": "//game.gtimg.cn/images/yxzj/zlkdatasys/audios/audio/20220411/16496498931665.wav"
        },
        {
          "text": "墨",
          "link": "//game.gtimg.cn/images/yxzj/zlkdatasys/audios/audio/20220411/16496499076929.wav"
        },
        {
          "text": "横",
          "link": "//game.gtimg.cn/images/yxzj/zlkdatasys/audios/audio/20220411/16496499174173.wav"
        },
        {
          "text": "姿",
          "link": "//game.gtimg.cn/images/yxzj/zlkdatasys/audios/audio/20220411/16496499231566.wav"
        },
        {
          "text": "某个博士，要先把当我的模特排进日程啊。",
          "link": "//game.gtimg.cn/images/yxzj/zlkdatasys/audios/audio/20220415/16500064473587.wav"
        },
        {
          "text": "天狼星小队集结完毕，行动开始！",
          "link": "//game.gtimg.cn/images/yxzj/zlkdatasys/audios/audio/20220411/16496502441171.wav"
        }
      ],
      "name": "天狼绘梦者"
    },
    {
      "voice": [
        {
          "text": "镇邪魔，守太平。",
          "link": "//game.gtimg.cn/images/yxzj/zlkdatasys/audios/audio/20230104/16728282897325.wav"
        },
        {
          "text": "以己为墨，重构山河。",
          "link": "//game.gtimg.cn/images/yxzj/zlkdatasys/audios/audio/20230104/16728283021665.wav"
        },
        {
          "text": "欲求全，必求变—执掌神笔，修复四方。",
          "link": "//game.gtimg.cn/images/yxzj/zlkdatasys/audios/audio/20230104/16728283176217.wav"
        },
        {
          "text": "笔落成新，可描物象，可绘故影。",
          "link": "//game.gtimg.cn/images/yxzj/zlkdatasys/audios/audio/20230104/16728037713643.wav"
        },
        {
          "text": "缺漏之地务必修缮，残损之象但求复原。",
          "link": "//game.gtimg.cn/images/yxzj/zlkdatasys/audios/audio/20230104/16728038057483.wav"
        },
        {
          "text": "片瓦之下，人心之上，有万家灯火长存。",
          "link": "//game.gtimg.cn/images/yxzj/zlkdatasys/audios/audio/20230104/16728038379974.wav"
        },
        {
          "text": "集众愿于此心，现万物于笔端。",
          "link": "//game.gtimg.cn/images/yxzj/zlkdatasys/audios/audio/20230104/16728038669317.wav"
        },
        {
          "text": "神器无常态，执掌者定其形。",
          "link": "//game.gtimg.cn/images/yxzj/zlkdatasys/audios/audio/20230104/16728038914873.wav"
        },
        {
          "text": "一朝存此志，四海遂为家。",
          "link": "//game.gtimg.cn/images/yxzj/zlkdatasys/audios/audio/20230104/16728039189754.wav"
        },
        {
          "text": "儿时立志，愿执此笔，护众生足下寸土。",
          "link": "//game.gtimg.cn/images/yxzj/zlkdatasys/audios/audio/20230104/16728039464520.wav"
        },
        {
          "text": "沃土复归之日，重闻笑语之时。",
          "link": "//game.gtimg.cn/images/yxzj/zlkdatasys/audios/audio/20230104/16728039951860.wav"
        },
        {
          "text": "天光既破，此心可安",
          "link": "//game.gtimg.cn/images/yxzj/zlkdatasys/audios/audio/20230104/16728040226823.wav"
        },
        {
          "text": "心志若坚，岂会止步不前",
          "link": "//game.gtimg.cn/images/yxzj/zlkdatasys/audios/audio/20230104/16728040507529.wav"
        },
        {
          "text": "百孔千疮，复原必当如初。",
          "link": "//game.gtimg.cn/images/yxzj/zlkdatasys/audios/audio/20230104/16728040821389.wav"
        },
        {
          "text": "尽洒三千笔墨，但惜稚子之乐。",
          "link": "//game.gtimg.cn/images/yxzj/zlkdatasys/audios/audio/20230104/16728041116881.wav"
        },
        {
          "text": "提笔",
          "link": "//game.gtimg.cn/images/yxzj/zlkdatasys/audios/audio/20230104/16728134857035.wav"
        },
        {
          "text": "天工巧技",
          "link": "//game.gtimg.cn/images/yxzj/zlkdatasys/audios/audio/20230104/16728135116603.wav"
        },
        {
          "text": "落飞檐！",
          "link": "//game.gtimg.cn/images/yxzj/zlkdatasys/audios/audio/20230104/16728135357367.wav"
        },
        {
          "text": "笔走龙蛇之姿",
          "link": "//game.gtimg.cn/images/yxzj/zlkdatasys/audios/audio/20230104/16728135597734.wav"
        },
        {
          "text": "安居之乐！",
          "link": "//game.gtimg.cn/images/yxzj/zlkdatasys/audios/audio/20230104/16728135811307.wav"
        },
        {
          "text": "复得广厦万千",
          "link": "//game.gtimg.cn/images/yxzj/zlkdatasys/audios/audio/20230104/16728136055325.wav"
        },
        {
          "text": "山河永宁！",
          "link": "//game.gtimg.cn/images/yxzj/zlkdatasys/audios/audio/20230104/16728136314888.wav"
        },
        {
          "text": "雕",
          "link": "//game.gtimg.cn/images/yxzj/zlkdatasys/audios/audio/20230104/16728136542297.wav"
        },
        {
          "text": "梁",
          "link": "//game.gtimg.cn/images/yxzj/zlkdatasys/audios/audio/20230104/16728136776412.wav"
        },
        {
          "text": "画",
          "link": "//game.gtimg.cn/images/yxzj/zlkdatasys/audios/audio/20230104/16728137027651.wav"
        },
        {
          "text": "栋",
          "link": "//game.gtimg.cn/images/yxzj/zlkdatasys/audios/audio/20230104/16728137243990.wav"
        },
        {
          "text": "故人，故影，故情，狄大人不如一猜",
          "link": "//game.gtimg.cn/images/yxzj/zlkdatasys/audios/audio/20230104/16728138658362.wav"
        },
        {
          "text": "今日途经巷尾，孩童歌谣中竟多是狄大人之名",
          "link": "//game.gtimg.cn/images/yxzj/zlkdatasys/audios/audio/20230104/16728139423194.wav"
        }
      ],
      "name": "神器·万象笔"
    },
    {
      "voice": [
        {
          "text": "故事，拥有治愈他人的力量",
          "link": "//game.gtimg.cn/images/yxzj/zlkdatasys/audios/audio/20230809/16915486807465.mp3"
        },
        {
          "text": "最新奇的点子，往往诞生于人与人的碰撞",
          "link": "//game.gtimg.cn/images/yxzj/zlkdatasys/audios/audio/20230809/16915490611497.mp3"
        },
        {
          "text": "写作没有规则，字句皆是随心",
          "link": "//game.gtimg.cn/images/yxzj/zlkdatasys/audios/audio/20230809/16915491392194.mp3"
        },
        {
          "text": "你们的弹幕，将是下个故事的起始",
          "link": "//game.gtimg.cn/images/yxzj/zlkdatasys/audios/audio/20230809/16915493692646.mp3"
        },
        {
          "text": "连载不止，笔耕不停",
          "link": "//game.gtimg.cn/images/yxzj/zlkdatasys/audios/audio/20230809/16915497008306.mp3"
        },
        {
          "text": "打动读者前，需要先打动自己~",
          "link": "//game.gtimg.cn/images/yxzj/zlkdatasys/audios/audio/20230809/16915497247808.mp3"
        },
        {
          "text": "一章一句，可诉真意；一言一语，可暖人心",
          "link": "//game.gtimg.cn/images/yxzj/zlkdatasys/audios/audio/20230809/16915500869018.mp3"
        },
        {
          "text": "真诚的表达，能让每个人从中看到自己",
          "link": "//game.gtimg.cn/images/yxzj/zlkdatasys/audios/audio/20230809/16915501171442.mp3"
        },
        {
          "text": "你的笔下空空，大脑也空空？",
          "link": "//game.gtimg.cn/images/yxzj/zlkdatasys/audios/audio/20230809/16915501773534.mp3"
        },
        {
          "text": "素材收录完毕",
          "link": "//game.gtimg.cn/images/yxzj/zlkdatasys/audios/audio/20230809/16915502177972.mp3"
        },
        {
          "text": "做梦，也是一种寻找灵感的方式",
          "link": "//game.gtimg.cn/images/yxzj/zlkdatasys/audios/audio/20230809/16915502502525.mp3"
        },
        {
          "text": "今日不宜赶稿",
          "link": "//game.gtimg.cn/images/yxzj/zlkdatasys/audios/audio/20230809/16915502845495.mp3"
        },
        {
          "text": "开篇有惊喜",
          "link": "//game.gtimg.cn/images/yxzj/zlkdatasys/audios/audio/20230809/16915503183560.mp3"
        },
        {
          "text": "试读新章节",
          "link": "//game.gtimg.cn/images/yxzj/zlkdatasys/audios/audio/20230809/16915517835577.mp3"
        },
        {
          "text": "文字风暴",
          "link": "//game.gtimg.cn/images/yxzj/zlkdatasys/audios/audio/20230809/16915518299340.mp3"
        },
        {
          "text": "书写前行的力量！",
          "link": "//game.gtimg.cn/images/yxzj/zlkdatasys/audios/audio/20230809/16915519532589.mp3"
        },
        {
          "text": "灵",
          "link": "//game.gtimg.cn/images/yxzj/zlkdatasys/audios/audio/20230809/16915523746385.mp3"
        },
        {
          "text": "感",
          "link": "//game.gtimg.cn/images/yxzj/zlkdatasys/audios/audio/20230809/16915523993260.mp3"
        },
        {
          "text": "乍",
          "link": "//game.gtimg.cn/images/yxzj/zlkdatasys/audios/audio/20230809/16915524487578.mp3"
        },
        {
          "text": "现",
          "link": "//game.gtimg.cn/images/yxzj/zlkdatasys/audios/audio/20230809/16915524697114.mp3"
        },
        {
          "text": "更新完毕",
          "link": "//game.gtimg.cn/images/yxzj/zlkdatasys/audios/audio/20230809/16915524962952.mp3"
        },
        {
          "text": "落",
          "link": "//game.gtimg.cn/images/yxzj/zlkdatasys/audios/audio/20230809/16915525282657.mp3"
        },
        {
          "text": "笔",
          "link": "//game.gtimg.cn/images/yxzj/zlkdatasys/audios/audio/20230809/16915526118930.mp3"
        },
        {
          "text": "成",
          "link": "//game.gtimg.cn/images/yxzj/zlkdatasys/audios/audio/20230809/16915526383810.mp3"
        },
        {
          "text": "章",
          "link": "//game.gtimg.cn/images/yxzj/zlkdatasys/audios/audio/20230809/16915526654654.mp3"
        },
        {
          "text": "截稿时间到",
          "link": "//game.gtimg.cn/images/yxzj/zlkdatasys/audios/audio/20230809/16915527703852.mp3"
        },
        {
          "text": "打开脑洞，给空白的稿纸加点精彩~",
          "link": "//game.gtimg.cn/images/yxzj/zlkdatasys/audios/audio/20230809/16915528427467.mp3"
        },
        {
          "text": "漫画书可不算",
          "link": "//game.gtimg.cn/images/yxzj/zlkdatasys/audios/audio/20230809/16915529173748.mp3"
        },
        {
          "text": "下篇故事的主角，依旧待定",
          "link": "//game.gtimg.cn/images/yxzj/zlkdatasys/audios/audio/20230809/16915529387126.mp3"
        }
      ],
      "name": "妄想奇谈"
    }
  ]
}