{
  "data": [
    {
      "voice": [
        {
          "text": "没人能在喵的暴躁节奏里战胜本猫！",
          "link": "//game.gtimg.cn/images/yxzj/zlkdatasys/audios/audio/20220411/16496674046888.mp3"
        },
        {
          "text": "长城之子，归于长城",
          "link": "//game.gtimg.cn/images/yxzj/zlkdatasys/audios/audio/20220411/16496674234449.mp3"
        },
        {
          "text": "今天的本猫，依旧是易燃易爆炸的喵！",
          "link": "//game.gtimg.cn/images/yxzj/zlkdatasys/audios/audio/20220411/16496674461874.mp3"
        },
        {
          "text": "本猫守望的长城，屹立不倒",
          "link": "//game.gtimg.cn/images/yxzj/zlkdatasys/audios/audio/20220411/16496675396809.mp3"
        },
        {
          "text": "一硫二硝三木炭，解构你轰轰烈烈的人生",
          "link": "//game.gtimg.cn/images/yxzj/zlkdatasys/audios/audio/20220411/16496675567059.mp3"
        },
        {
          "text": "爆炸就像孤独，不是你想停，想停就能停",
          "link": "//game.gtimg.cn/images/yxzj/zlkdatasys/audios/audio/20220411/16496675724297.mp3"
        },
        {
          "text": "让本猫示范下，动口又动手的输出！",
          "link": "//game.gtimg.cn/images/yxzj/zlkdatasys/audios/audio/20220411/16496675928269.mp3"
        },
        {
          "text": "即便三分钟热度，也足以穿透次元壁",
          "link": "//game.gtimg.cn/images/yxzj/zlkdatasys/audios/audio/20220411/16496676119140.mp3"
        },
        {
          "text": "生活，终于对本猫动手了吗……？",
          "link": "//game.gtimg.cn/images/yxzj/zlkdatasys/audios/audio/20220411/16496676723317.mp3"
        },
        {
          "text": "制造真正的爆款！",
          "link": "//game.gtimg.cn/images/yxzj/zlkdatasys/audios/audio/20220411/16496677241888.wav"
        },
        {
          "text": "保护我方队喵！",
          "link": "//game.gtimg.cn/images/yxzj/zlkdatasys/audios/audio/20220411/16496677462920.wav"
        },
        {
          "text": "定义下震撼两个字",
          "link": "//game.gtimg.cn/images/yxzj/zlkdatasys/audios/audio/20220411/16496677613090.wav"
        },
        {
          "text": "又多了颗哑炮，喵喵喵",
          "link": "//game.gtimg.cn/images/yxzj/zlkdatasys/audios/audio/20220411/16496678133135.mp3"
        },
        {
          "text": "崩塌的不止防御塔，还有你最后的倔强",
          "link": "//game.gtimg.cn/images/yxzj/zlkdatasys/audios/audio/20220411/16496678599332.mp3"
        },
        {
          "text": "本猫有小情绪啦！",
          "link": "//game.gtimg.cn/images/yxzj/zlkdatasys/audios/audio/20220411/16496679411791.mp3"
        },
        {
          "text": "惊不惊喜，意不意外。",
          "link": "//game.gtimg.cn/images/yxzj/zlkdatasys/audios/audio/20220411/16496679876824.wav"
        },
        {
          "text": "哈哈哈，这是要上天啊。",
          "link": "//game.gtimg.cn/images/yxzj/zlkdatasys/audios/audio/20220411/16496680302325.wav"
        },
        {
          "text": "呜啊，老鼠！",
          "link": "//game.gtimg.cn/images/yxzj/zlkdatasys/audios/audio/20220411/16496680676638.wav"
        },
        {
          "text": "本猫表演个上天的姿势，嗷呜~",
          "link": "//game.gtimg.cn/images/yxzj/zlkdatasys/audios/audio/20220411/16496681207181.mp3"
        },
        {
          "text": "我不是，我没有，我拒绝",
          "link": "//game.gtimg.cn/images/yxzj/zlkdatasys/audios/audio/20220411/16496681693759.wav"
        },
        {
          "text": "哭的这么努力了，还不原谅吗",
          "link": "//game.gtimg.cn/images/yxzj/zlkdatasys/audios/audio/20220411/16496682154784.mp3"
        },
        {
          "text": "长城风景很棒哟~",
          "link": "//game.gtimg.cn/images/yxzj/zlkdatasys/audios/audio/20220411/16496682563156.wav"
        },
        {
          "text": "现在的本猫非常不冷静",
          "link": "//game.gtimg.cn/images/yxzj/zlkdatasys/audios/audio/20220411/16496683076906.mp3"
        },
        {
          "text": "本猫的舞蹈~喵~长城的课间操~",
          "link": "//game.gtimg.cn/images/yxzj/zlkdatasys/audios/audio/20220411/16496683597258.mp3"
        },
        {
          "text": "人有人设，猫当然有猫设，维持猫设很重要的！",
          "link": "//game.gtimg.cn/images/yxzj/zlkdatasys/audios/audio/20220411/16496684376999.mp3"
        },
        {
          "text": "勇士之地也存在吸猫势力吗？",
          "link": "//game.gtimg.cn/images/yxzj/zlkdatasys/audios/audio/20220411/16496684576531.mp3"
        },
        {
          "text": "不接受对立物种的投喂，乃基本尊严……真香！",
          "link": "//game.gtimg.cn/images/yxzj/zlkdatasys/audios/audio/20220411/16496685031005.mp3"
        },
        {
          "text": "…能打能扛能热锅……嗯，值得深入拆解",
          "link": "//game.gtimg.cn/images/yxzj/zlkdatasys/audios/audio/20220411/16496685591009.mp3"
        },
        {
          "text": "第一百二十八次拆解……失败",
          "link": "//game.gtimg.cn/images/yxzj/zlkdatasys/audios/audio/20220411/16496686113714.mp3"
        },
        {
          "text": "太古有士，姓薛名定谔，为云中漠地猫系混血魔种的先祖。",
          "link": "//game.gtimg.cn/images/yxzj/zlkdatasys/audios/audio/20220411/16496686691603.mp3"
        },
        {
          "text": "没有好好研究过猫奴的自我修养，怎么养我！",
          "link": "//game.gtimg.cn/images/yxzj/zlkdatasys/audios/audio/20220411/16496686912408.mp3"
        },
        {
          "text": "冤冤相报何时了……要善良！",
          "link": "//game.gtimg.cn/images/yxzj/zlkdatasys/audios/audio/20220411/16496687515994.mp3"
        },
        {
          "text": "放下仇恨的小本本，否则很容易长皱纹！",
          "link": "//game.gtimg.cn/images/yxzj/zlkdatasys/audios/audio/20220411/16496687673885.mp3"
        },
        {
          "text": "无拘无束如本猫，哥哥什么的太多余",
          "link": "//game.gtimg.cn/images/yxzj/zlkdatasys/audios/audio/20220411/16496688344033.mp3"
        },
        {
          "text": "有文化的人，连撸猫都更有范儿！",
          "link": "//game.gtimg.cn/images/yxzj/zlkdatasys/audios/audio/20220411/16496689114613.mp3"
        },
        {
          "text": "队长，率领我们冲锋吧！本猫很清楚什么是值得做的事",
          "link": "//game.gtimg.cn/images/yxzj/zlkdatasys/audios/audio/20220411/16496689667760.mp3"
        },
        {
          "text": "如果不能给女孩子留下好印象，那么，留下表情包也是可以的。",
          "link": "//game.gtimg.cn/images/yxzj/zlkdatasys/audios/audio/20220411/16496690154887.mp3"
        },
        {
          "text": "听过那个传说吗？抛弃长城的人，会一去不返",
          "link": "//game.gtimg.cn/images/yxzj/zlkdatasys/audios/audio/20220411/16496690814366.mp3"
        },
        {
          "text": "方士，你寻求到了吗？梦寐以求的幸福",
          "link": "//game.gtimg.cn/images/yxzj/zlkdatasys/audios/audio/20220411/16496691791104.mp3"
        },
        {
          "text": "停止你对哥哥的炫耀！嫉妒令本猫提前引爆！",
          "link": "//game.gtimg.cn/images/yxzj/zlkdatasys/audios/audio/20220411/16496692483672.mp3"
        },
        {
          "text": "失败者连喵都没得撸！",
          "link": "//game.gtimg.cn/images/yxzj/zlkdatasys/audios/audio/20220411/16496692898596.wav"
        },
        {
          "text": "惨无人道的猫薄荷投喂……真……香……",
          "link": "//game.gtimg.cn/images/yxzj/zlkdatasys/audios/audio/20220411/16496693719601.mp3"
        },
        {
          "text": "你失败的这片地盘，都由本猫承包了！",
          "link": "//game.gtimg.cn/images/yxzj/zlkdatasys/audios/audio/20220411/16496694324403.mp3"
        }
      ],
      "name": "原皮"
    },
    {
      "voice": [
        {
          "text": "向大海开炮！",
          "link": "//game.gtimg.cn/images/yxzj/zlkdatasys/audios/audio/20220411/16496695388956.wav"
        },
        {
          "text": "和海贼王的距离，也就差了一个眼罩。",
          "link": "//game.gtimg.cn/images/yxzj/zlkdatasys/audios/audio/20220411/16496695555540.wav"
        },
        {
          "text": "来吧，风暴！",
          "link": "//game.gtimg.cn/images/yxzj/zlkdatasys/audios/audio/20220411/16496695746444.wav"
        },
        {
          "text": "小鱼干一条不留！",
          "link": "//game.gtimg.cn/images/yxzj/zlkdatasys/audios/audio/20220411/16496696312027.wav"
        },
        {
          "text": "海风点燃斗志，感受到杀气了吗？",
          "link": "//game.gtimg.cn/images/yxzj/zlkdatasys/audios/audio/20220411/16496696499447.wav"
        },
        {
          "text": "自由自在，炸个痛快！",
          "link": "//game.gtimg.cn/images/yxzj/zlkdatasys/audios/audio/20220411/16496696663203.wav"
        },
        {
          "text": "有个讨厌鬼，和我瞄上了同一条船。",
          "link": "//game.gtimg.cn/images/yxzj/zlkdatasys/audios/audio/20220411/16496696892740.wav"
        },
        {
          "text": "大意失大船……",
          "link": "//game.gtimg.cn/images/yxzj/zlkdatasys/audios/audio/20220411/16496697254184.wav"
        },
        {
          "text": "哟嚯~兴风作浪！",
          "link": "//game.gtimg.cn/images/yxzj/zlkdatasys/audios/audio/20220411/16496697962189.wav"
        },
        {
          "text": "炸鱼咯！",
          "link": "//game.gtimg.cn/images/yxzj/zlkdatasys/audios/audio/20220411/16496698973003.wav"
        },
        {
          "text": "你的小鱼干，通通归我啦！",
          "link": "//game.gtimg.cn/images/yxzj/zlkdatasys/audios/audio/20220411/16496699568306.wav"
        },
        {
          "text": "是咸鱼的味道~",
          "link": "//game.gtimg.cn/images/yxzj/zlkdatasys/audios/audio/20220411/16496699936278.wav"
        },
        {
          "text": "最近可不流行鬼故事。",
          "link": "//game.gtimg.cn/images/yxzj/zlkdatasys/audios/audio/20220411/16496700347105.wav"
        }
      ],
      "name": "鲨炮海盗猫"
    },
    {
      "voice": [
        {
          "text": "海上生明月，天涯共此时！",
          "link": "//game.gtimg.cn/images/yxzj/zlkdatasys/audios/audio/20221011/16654600335371.mp3"
        },
        {
          "text": "新意为皮，传统作馅~铛铛铛铛！~完美出炉！",
          "link": "//game.gtimg.cn/images/yxzj/zlkdatasys/audios/audio/20221011/16654601174555.mp3"
        },
        {
          "text": "故乡的味道，随秋思飘入千万家！",
          "link": "//game.gtimg.cn/images/yxzj/zlkdatasys/audios/audio/20221011/16654600195118.mp3"
        },
        {
          "text": "抓个幸运观众尝尝本喵的手艺！",
          "link": "//game.gtimg.cn/images/yxzj/zlkdatasys/audios/audio/20220920/16636702645912.mp3"
        },
        {
          "text": "深夜更新美食视频，嘿嘿，庆祝节日的最佳方式！",
          "link": "//game.gtimg.cn/images/yxzj/zlkdatasys/audios/audio/20220920/16636702834381.mp3"
        },
        {
          "text": "天上宫阙~不如人间柴米油盐！",
          "link": "//game.gtimg.cn/images/yxzj/zlkdatasys/audios/audio/20220920/16636702982650.mp3"
        },
        {
          "text": "月团寄思，桂花酿情，嗯~，在舌尖上过中秋~",
          "link": "//game.gtimg.cn/images/yxzj/zlkdatasys/audios/audio/20220920/16636703327387.mp3"
        },
        {
          "text": "年年岁岁，有如今宵~",
          "link": "//game.gtimg.cn/images/yxzj/zlkdatasys/audios/audio/20220920/16636705967990.mp3"
        },
        {
          "text": "小饼如嚼月，滋味~似乡思",
          "link": "//game.gtimg.cn/images/yxzj/zlkdatasys/audios/audio/20221011/16654601039574.mp3"
        },
        {
          "text": "总有阴晴圆缺嘛……",
          "link": "//game.gtimg.cn/images/yxzj/zlkdatasys/audios/audio/20221011/16654601432279.mp3"
        },
        {
          "text": "回家吧！异乡人",
          "link": "//game.gtimg.cn/images/yxzj/zlkdatasys/audios/audio/20220920/16636707099518.mp3"
        },
        {
          "text": "世界上最遥远的距离——看得见~吃不着！",
          "link": "//game.gtimg.cn/images/yxzj/zlkdatasys/audios/audio/20220920/16636707263868.mp3"
        },
        {
          "text": "寄情千里光！",
          "link": "//game.gtimg.cn/images/yxzj/zlkdatasys/audios/audio/20220920/16636707464981.mp3"
        },
        {
          "text": "礼轻情意重！~",
          "link": "//game.gtimg.cn/images/yxzj/zlkdatasys/audios/audio/20220920/16636707617879.mp3"
        },
        {
          "text": "团圆馅儿，尝个鲜~",
          "link": "//game.gtimg.cn/images/yxzj/zlkdatasys/audios/audio/20220920/16636707772677.mp3"
        },
        {
          "text": "捉到一只小馋喵！",
          "link": "//game.gtimg.cn/images/yxzj/zlkdatasys/audios/audio/20220920/16636707916157.mp3"
        },
        {
          "text": "放飞这轮明月~",
          "link": "//game.gtimg.cn/images/yxzj/zlkdatasys/audios/audio/20221011/16654600054408.mp3"
        },
        {
          "text": "开始派发第一份祝福！",
          "link": "//game.gtimg.cn/images/yxzj/zlkdatasys/audios/audio/20221011/16654600458688.mp3"
        },
        {
          "text": "哪里来的黑暗口味……",
          "link": "//game.gtimg.cn/images/yxzj/zlkdatasys/audios/audio/20221011/16654600565748.mp3"
        },
        {
          "text": "最圆的月亮，我在这里~~",
          "link": "//game.gtimg.cn/images/yxzj/zlkdatasys/audios/audio/20221011/16654601593859.mp3"
        },
        {
          "text": "这月团，是开心馅儿啊~",
          "link": "//game.gtimg.cn/images/yxzj/zlkdatasys/audios/audio/20221011/16654601293720.mp3"
        },
        {
          "text": "本喵的月团绝对是全场最佳！",
          "link": "//game.gtimg.cn/images/yxzj/zlkdatasys/audios/audio/20221011/16654599715810.mp3"
        },
        {
          "text": "吃不下了，嗝~",
          "link": "//game.gtimg.cn/images/yxzj/zlkdatasys/audios/audio/20221011/16654599938164.mp3"
        },
        {
          "text": "不准乱改配料表！",
          "link": "//game.gtimg.cn/images/yxzj/zlkdatasys/audios/audio/20221011/16654599813846.mp3"
        },
        {
          "text": "是思念的味道.....",
          "link": "//game.gtimg.cn/images/yxzj/zlkdatasys/audios/audio/20221011/16654600831506.mp3"
        },
        {
          "text": "难得团聚，我给大家跳个舞吧！",
          "link": "//game.gtimg.cn/images/yxzj/zlkdatasys/audios/audio/20221011/16654600726438.mp3"
        },
        {
          "text": "最后一道工序~哼，禁止偷吃！",
          "link": "//game.gtimg.cn/images/yxzj/zlkdatasys/audios/audio/20220920/16636712055353.mp3"
        }
      ],
      "name": "月团寄思"
    },
    {
      "voice": [
        {
          "text": "骇客行动，完毕！",
          "link": "//game.gtimg.cn/images/yxzj/zlkdatasys/audios/audio/20230630/16881083937275.mp3"
        },
        {
          "text": "秘密潜入？那是三流黑客才会干的事！",
          "link": "//game.gtimg.cn/images/yxzj/zlkdatasys/audios/audio/20230630/16881084442374.mp3"
        },
        {
          "text": "在我面前，天狼星毫无秘密可言！",
          "link": "//game.gtimg.cn/images/yxzj/zlkdatasys/audios/audio/20230630/16881085039925.mp3"
        },
        {
          "text": "不听话的家伙，统统到我爪里来！",
          "link": "//game.gtimg.cn/images/yxzj/zlkdatasys/audios/audio/20230630/16881085848073.mp3"
        },
        {
          "text": "光，也有它的影子。",
          "link": "//game.gtimg.cn/images/yxzj/zlkdatasys/audios/audio/20230629/16880303495934.mp3"
        },
        {
          "text": "没有绝对安全的系统，但有绝对值得信赖的队友！",
          "link": "//game.gtimg.cn/images/yxzj/zlkdatasys/audios/audio/20230629/16880303799426.mp3"
        },
        {
          "text": "11011001，只有最强黑客才知道的神秘代码！",
          "link": "//game.gtimg.cn/images/yxzj/zlkdatasys/audios/audio/20230629/16880304169725.mp3"
        },
        {
          "text": "金窝银窝，都不如我的喵窝！",
          "link": "//game.gtimg.cn/images/yxzj/zlkdatasys/audios/audio/20230629/16880304468706.mp3"
        },
        {
          "text": "除了隔壁奶奶做的曲奇饼，没人能让我踏出门半步！",
          "link": "//game.gtimg.cn/images/yxzj/zlkdatasys/audios/audio/20230629/16880304779344.mp3"
        },
        {
          "text": "在网上，谁也不知道你是不是一只小猫咪。",
          "link": "//game.gtimg.cn/images/yxzj/zlkdatasys/audios/audio/20230629/16880305062167.mp3"
        },
        {
          "text": "所谓现实，不过是经过大脑处理的电信号罢了。",
          "link": "//game.gtimg.cn/images/yxzj/zlkdatasys/audios/audio/20230629/16880305416844.mp3"
        },
        {
          "text": "入侵……失败",
          "link": "//game.gtimg.cn/images/yxzj/zlkdatasys/audios/audio/20230629/16880305673104.mp3"
        },
        {
          "text": "这个家不能没有我……",
          "link": "//game.gtimg.cn/images/yxzj/zlkdatasys/audios/audio/20230629/16880306199981.mp3"
        },
        {
          "text": "唉，删不干净的冗余数据。",
          "link": "//game.gtimg.cn/images/yxzj/zlkdatasys/audios/audio/20230629/16880306514597.mp3"
        },
        {
          "text": "你在网上发的那些东西我可是一清二楚~",
          "link": "//game.gtimg.cn/images/yxzj/zlkdatasys/audios/audio/20230629/16880306918025.mp3"
        },
        {
          "text": "病毒扩散！",
          "link": "//game.gtimg.cn/images/yxzj/zlkdatasys/audios/audio/20230629/16880307162209.mp3"
        },
        {
          "text": "侵占关键数据！",
          "link": "//game.gtimg.cn/images/yxzj/zlkdatasys/audios/audio/20230629/16880309209580.mp3"
        },
        {
          "text": "那不是尾巴，是数据线！",
          "link": "//game.gtimg.cn/images/yxzj/zlkdatasys/audios/audio/20230629/16880309886053.mp3"
        },
        {
          "text": "我才没哭，只是视觉系统出了问题……",
          "link": "//game.gtimg.cn/images/yxzj/zlkdatasys/audios/audio/20230629/16880310217181.mp3"
        },
        {
          "text": "没人能抓住最强黑客！",
          "link": "//game.gtimg.cn/images/yxzj/zlkdatasys/audios/audio/20230629/16880310451875.mp3"
        },
        {
          "text": "我早就做好了物理入侵的准备。",
          "link": "//game.gtimg.cn/images/yxzj/zlkdatasys/audios/audio/20230629/16880311585807.mp3"
        },
        {
          "text": "久坐成疾，活动身体。",
          "link": "//game.gtimg.cn/images/yxzj/zlkdatasys/audios/audio/20230629/16880312699242.mp3"
        },
        {
          "text": "出门社交才是黑客的最大敌人！",
          "link": "//game.gtimg.cn/images/yxzj/zlkdatasys/audios/audio/20230629/16880313029756.mp3"
        },
        {
          "text": "说了多少次，我不会修电脑！",
          "link": "//game.gtimg.cn/images/yxzj/zlkdatasys/audios/audio/20230629/16880313381563.mp3"
        },
        {
          "text": "再见了，史密斯特工们~",
          "link": "//game.gtimg.cn/images/yxzj/zlkdatasys/audios/audio/20230629/16880313712861.mp3"
        },
        {
          "text": "给队友加油也是重要任务～",
          "link": "//game.gtimg.cn/images/yxzj/zlkdatasys/audios/audio/20230629/16880314482012.mp3"
        },
        {
          "text": "夺走z，值得期待的挑战！",
          "link": "//game.gtimg.cn/images/yxzj/zlkdatasys/audios/audio/20230629/16880314776929.mp3"
        },
        {
          "text": "放心吧，我可是最强黑客！",
          "link": "//game.gtimg.cn/images/yxzj/zlkdatasys/audios/audio/20230629/16880315432831.mp3"
        },
        {
          "text": "你真的能连续几个月不出实验室？",
          "link": "//game.gtimg.cn/images/yxzj/zlkdatasys/audios/audio/20230629/16880315795763.mp3"
        },
        {
          "text": "我猜，你的训练室里一定有一副大猩猩拳套！",
          "link": "//game.gtimg.cn/images/yxzj/zlkdatasys/audios/audio/20230629/16880316165203.mp3"
        },
        {
          "text": "我是故意被你抓住的！",
          "link": "//game.gtimg.cn/images/yxzj/zlkdatasys/audios/audio/20230629/16880316755290.mp3"
        },
        {
          "text": "你的实验室里一定还藏着其他秘密！",
          "link": "//game.gtimg.cn/images/yxzj/zlkdatasys/audios/audio/20230629/16880319426843.mp3"
        },
        {
          "text": "我可不会去已经有了只大猫的天狼星！",
          "link": "//game.gtimg.cn/images/yxzj/zlkdatasys/audios/audio/20230629/16880319791776.mp3"
        }
      ],
      "name": "匿光破解者"
    }
  ]
}