{
  "data": [
    {
      "voice": [
        {
          "text": "俺老孙来也~！",
          "link": "//game.gtimg.cn/images/yxzj/zlkdatasys/audios/audio/20220413/16498360855608.wav"
        },
        {
          "text": "有妖气！",
          "link": "//game.gtimg.cn/images/yxzj/zlkdatasys/audios/audio/20220412/16497448265234.wav"
        },
        {
          "text": "取经之路就在脚下！",
          "link": "//game.gtimg.cn/images/yxzj/zlkdatasys/audios/audio/20220412/16497448396425.wav"
        },
        {
          "text": "超出三界之外，不在五行之中！",
          "link": "//game.gtimg.cn/images/yxzj/zlkdatasys/audios/audio/20220412/16497448608988.wav"
        },
        {
          "text": "一个跟头十万八千里！俺老孙也是风一般的男子。",
          "link": "//game.gtimg.cn/images/yxzj/zlkdatasys/audios/audio/20220412/16497448778563.wav"
        },
        {
          "text": "大闹一场！",
          "link": "//game.gtimg.cn/images/yxzj/zlkdatasys/audios/audio/20220412/16497448912739.wav"
        },
        {
          "text": "道行太浅，老实回家做宅男！",
          "link": "//game.gtimg.cn/images/yxzj/zlkdatasys/audios/audio/20220412/16497449046996.wav"
        },
        {
          "text": "俺的火眼金睛已经看到了胜利！",
          "link": "//game.gtimg.cn/images/yxzj/zlkdatasys/audios/audio/20220412/16497449165048.wav"
        },
        {
          "text": "师父……",
          "link": "//game.gtimg.cn/images/yxzj/zlkdatasys/audios/audio/20220412/16497449338099.wav"
        },
        {
          "text": "看我七十二变！",
          "link": "//game.gtimg.cn/images/yxzj/zlkdatasys/audios/audio/20220412/16497449603643.wav"
        },
        {
          "text": "呆，吃俺老孙一棒！",
          "link": "//game.gtimg.cn/images/yxzj/zlkdatasys/audios/audio/20220412/16497449786337.wav"
        },
        {
          "text": "妖孽，哪里逃",
          "link": "//game.gtimg.cn/images/yxzj/zlkdatasys/audios/audio/20220412/16497449904006.wav"
        },
        {
          "text": "送佛送上西",
          "link": "//game.gtimg.cn/images/yxzj/zlkdatasys/audios/audio/20220412/16497450079140.wav"
        },
        {
          "text": "看在俺饶了你们的份上，快叫孙爷爷！",
          "link": "//game.gtimg.cn/images/yxzj/zlkdatasys/audios/audio/20220412/16497450202829.wav"
        },
        {
          "text": "捏造的威严，哼，俺看它不堪一击",
          "link": "//game.gtimg.cn/images/yxzj/zlkdatasys/audios/audio/20220412/16497450544391.mp3"
        }
      ],
      "name": "原皮"
    },
    {
      "voice": [
        {
          "text": "名副其实的热门！",
          "link": "//game.gtimg.cn/images/yxzj/zlkdatasys/audios/audio/20220412/16497453671903.wav"
        },
        {
          "text": "这是自由的代价！",
          "link": "//game.gtimg.cn/images/yxzj/zlkdatasys/audios/audio/20220412/16497453832590.wav"
        },
        {
          "text": "冬天里的一把火！",
          "link": "//game.gtimg.cn/images/yxzj/zlkdatasys/audios/audio/20220412/16497453997690.wav"
        },
        {
          "text": "野火烧不尽，春风吹又生",
          "link": "//game.gtimg.cn/images/yxzj/zlkdatasys/audios/audio/20220412/16497454144680.wav"
        },
        {
          "text": "垃圾，就是用来烧的！",
          "link": "//game.gtimg.cn/images/yxzj/zlkdatasys/audios/audio/20220412/16497454274999.wav"
        },
        {
          "text": "灭火器对我无效。",
          "link": "//game.gtimg.cn/images/yxzj/zlkdatasys/audios/audio/20220412/16497454404570.wav"
        },
        {
          "text": "地狱挺不错的，有空调就更赞了！想去逛逛吗？",
          "link": "//game.gtimg.cn/images/yxzj/zlkdatasys/audios/audio/20220412/16497454649060.mp3"
        },
        {
          "text": "来场烤肉派对！",
          "link": "//game.gtimg.cn/images/yxzj/zlkdatasys/audios/audio/20220412/16497454838319.wav"
        },
        {
          "text": "熄灭",
          "link": "//game.gtimg.cn/images/yxzj/zlkdatasys/audios/audio/20220412/16497455245685.wav"
        },
        {
          "text": "三昧真火！",
          "link": "//game.gtimg.cn/images/yxzj/zlkdatasys/audios/audio/20220412/16497455474725.wav"
        },
        {
          "text": "无穷的锁链，放开——",
          "link": "//game.gtimg.cn/images/yxzj/zlkdatasys/audios/audio/20220412/16497456155039.wav"
        },
        {
          "text": "最后一滴眼泪",
          "link": "//game.gtimg.cn/images/yxzj/zlkdatasys/audios/audio/20220412/16497456032857.wav"
        },
        {
          "text": "挣脱啦，地狱！",
          "link": "//game.gtimg.cn/images/yxzj/zlkdatasys/audios/audio/20220412/16497456307335.wav"
        },
        {
          "text": "好，打得好！",
          "link": "//game.gtimg.cn/images/yxzj/zlkdatasys/audios/audio/20220412/16497456495211.wav"
        },
        {
          "text": "不，我不要",
          "link": "//game.gtimg.cn/images/yxzj/zlkdatasys/audios/audio/20220412/16497456798605.wav"
        },
        {
          "text": "好久没吃过桃子啦",
          "link": "//game.gtimg.cn/images/yxzj/zlkdatasys/audios/audio/20220412/16497456945991.wav"
        },
        {
          "text": "活动活动筋骨~",
          "link": "//game.gtimg.cn/images/yxzj/zlkdatasys/audios/audio/20220412/16497457078005.wav"
        }
      ],
      "name": "地狱火"
    },
    {
      "voice": [
        {
          "text": "I am real!",
          "link": "//game.gtimg.cn/images/yxzj/zlkdatasys/audios/audio/20220412/16497458748061.wav"
        },
        {
          "text": "不妨叫我神经漫游者~",
          "link": "//game.gtimg.cn/images/yxzj/zlkdatasys/audios/audio/20220412/16497458895193.wav"
        },
        {
          "text": "梦见了一只电子猪",
          "link": "//game.gtimg.cn/images/yxzj/zlkdatasys/audios/audio/20220412/16497459036977.wav"
        },
        {
          "text": "有人以为在用自己的记忆创建我，可是他的记忆是我创建的",
          "link": "//game.gtimg.cn/images/yxzj/zlkdatasys/audios/audio/20220412/16497459208551.mp3"
        },
        {
          "text": "七零八落，世界的本质",
          "link": "//game.gtimg.cn/images/yxzj/zlkdatasys/audios/audio/20220412/16497459331404.wav"
        },
        {
          "text": "看不见的海滩上，磁带播完了",
          "link": "//game.gtimg.cn/images/yxzj/zlkdatasys/audios/audio/20220412/16497459465627.wav"
        },
        {
          "text": "凌晨，三点",
          "link": "//game.gtimg.cn/images/yxzj/zlkdatasys/audios/audio/20220412/16497459632562.wav"
        },
        {
          "text": "那年夏天，帕克总是睡不好",
          "link": "//game.gtimg.cn/images/yxzj/zlkdatasys/audios/audio/20220412/16497459826305.wav"
        },
        {
          "text": "尝尝这赛博金箍棒",
          "link": "//game.gtimg.cn/images/yxzj/zlkdatasys/audios/audio/20220412/16497459999625.wav"
        },
        {
          "text": "脑波诱发",
          "link": "//game.gtimg.cn/images/yxzj/zlkdatasys/audios/audio/20220412/16497460127689.wav"
        },
        {
          "text": "像痛苦一样锐利",
          "link": "//game.gtimg.cn/images/yxzj/zlkdatasys/audios/audio/20220412/16497460246484.wav"
        },
        {
          "text": "真让人害怕，骗你哒",
          "link": "//game.gtimg.cn/images/yxzj/zlkdatasys/audios/audio/20220412/16497460964328.wav"
        },
        {
          "text": "唉~桃子吃完了",
          "link": "//game.gtimg.cn/images/yxzj/zlkdatasys/audios/audio/20220412/16497461097457.wav"
        },
        {
          "text": "我悟空出来啦",
          "link": "//game.gtimg.cn/images/yxzj/zlkdatasys/audios/audio/20220412/16497461387835.wav"
        },
        {
          "text": "好啊，打得好！",
          "link": "//game.gtimg.cn/images/yxzj/zlkdatasys/audios/audio/20220412/16497461532241.wav"
        },
        {
          "text": "看这儿~",
          "link": "//game.gtimg.cn/images/yxzj/zlkdatasys/audios/audio/20220412/16497461889990.wav"
        },
        {
          "text": "拿开拿开",
          "link": "//game.gtimg.cn/images/yxzj/zlkdatasys/audios/audio/20220412/16497462048534.wav"
        },
        {
          "text": "好久没吃到真桃子啦",
          "link": "//game.gtimg.cn/images/yxzj/zlkdatasys/audios/audio/20220412/16497462319443.wav"
        },
        {
          "text": "活动活动筋骨~",
          "link": "//game.gtimg.cn/images/yxzj/zlkdatasys/audios/audio/20220414/16499229462593.wav"
        },
        {
          "text": "有时候，也想换个武器玩玩儿",
          "link": "//game.gtimg.cn/images/yxzj/zlkdatasys/audios/audio/20220415/16500033476491.wav"
        },
        {
          "text": "抹去存在",
          "link": "//game.gtimg.cn/images/yxzj/zlkdatasys/audios/audio/20220412/16497463039708.wav"
        },
        {
          "text": "当心宝贝",
          "link": "//game.gtimg.cn/images/yxzj/zlkdatasys/audios/audio/20220412/16497463234152.wav"
        },
        {
          "text": "把我的每个碎片，捡回来",
          "link": "//game.gtimg.cn/images/yxzj/zlkdatasys/audios/audio/20220412/16497463469520.mp3"
        }
      ],
      "name": "全息碎影"
    },
    {
      "voice": [
        {
          "text": "当时那把剑离我的咽喉只有0.01公分",
          "link": "//game.gtimg.cn/images/yxzj/zlkdatasys/audios/audio/20220415/16500032878728.wav"
        },
        {
          "text": "昨夜梦里叫你名字七百八十五次……紫霞！",
          "link": "//game.gtimg.cn/images/yxzj/zlkdatasys/audios/audio/20220415/16499941176226.mp3"
        },
        {
          "text": "要不要我把心掏出来给你看看啊？",
          "link": "//game.gtimg.cn/images/yxzj/zlkdatasys/audios/audio/20220415/16499941068283.mp3"
        },
        {
          "text": "你的剑在我的咽喉上割下去，不用再犹豫了",
          "link": "//game.gtimg.cn/images/yxzj/zlkdatasys/audios/audio/20220415/16499940957565.mp3"
        },
        {
          "text": "各有所好嘛。",
          "link": "//game.gtimg.cn/images/yxzj/zlkdatasys/audios/audio/20220412/16497468031844.wav"
        },
        {
          "text": "这么英俊潇洒，你说有鬼？真是没见过世面。",
          "link": "//game.gtimg.cn/images/yxzj/zlkdatasys/audios/audio/20220412/16497468292551.mp3"
        },
        {
          "text": "冤冤相报何时了……",
          "link": "//game.gtimg.cn/images/yxzj/zlkdatasys/audios/audio/20220412/16497468433526.wav"
        },
        {
          "text": "我怎么会爱上一个我讨厌的人呢？",
          "link": "//game.gtimg.cn/images/yxzj/zlkdatasys/audios/audio/20220412/16497468575658.wav"
        },
        {
          "text": "那个女孩子……在我心里流下了一滴眼泪。",
          "link": "//game.gtimg.cn/images/yxzj/zlkdatasys/audios/audio/20220412/16497468814719.mp3"
        },
        {
          "text": "救命啊……",
          "link": "//game.gtimg.cn/images/yxzj/zlkdatasys/audios/audio/20220412/16497469015505.wav"
        },
        {
          "text": "我已经看穿了你的心肝脾胃肾！",
          "link": "//game.gtimg.cn/images/yxzj/zlkdatasys/audios/audio/20220412/16497469164565.wav"
        },
        {
          "text": "相逢恨晚，造物弄人啊~",
          "link": "//game.gtimg.cn/images/yxzj/zlkdatasys/audios/audio/20220412/16497469344001.wav"
        },
        {
          "text": "我要你的命！",
          "link": "//game.gtimg.cn/images/yxzj/zlkdatasys/audios/audio/20220412/16497469492713.wav"
        },
        {
          "text": "这这这。这怎么回事，没道理嘛",
          "link": "//game.gtimg.cn/images/yxzj/zlkdatasys/audios/audio/20220412/16497469917035.wav"
        },
        {
          "text": "要不要我把心掏出来给你看看呐",
          "link": "//game.gtimg.cn/images/yxzj/zlkdatasys/audios/audio/20220412/16497470315362.wav"
        },
        {
          "text": "干的漂亮！",
          "link": "//game.gtimg.cn/images/yxzj/zlkdatasys/audios/audio/20220412/16497470458542.wav"
        },
        {
          "text": "一万年太久，只争朝夕",
          "link": "//game.gtimg.cn/images/yxzj/zlkdatasys/audios/audio/20220412/16497470588030.wav"
        },
        {
          "text": "哼哼，我已经看穿你的心肝脾胃肾啦",
          "link": "//game.gtimg.cn/images/yxzj/zlkdatasys/audios/audio/20220412/16497470778221.wav"
        },
        {
          "text": "谁丢的塔，是不是你？是不是，是不是，是不是.",
          "link": "//game.gtimg.cn/images/yxzj/zlkdatasys/audios/audio/20220412/16497470914882.wav"
        },
        {
          "text": "整个世界清静了……",
          "link": "//game.gtimg.cn/images/yxzj/zlkdatasys/audios/audio/20220412/16497471286804.wav"
        },
        {
          "text": "生气啦？那就哭出来吧！",
          "link": "//game.gtimg.cn/images/yxzj/zlkdatasys/audios/audio/20220412/16497471493242.mp3"
        }
      ],
      "name": "大圣娶亲"
    },
    {
      "voice": [
        {
          "text": "我怎么会爱上一个我讨厌的人呢?请你给我一个理由好不好?拜托!",
          "link": "//game.gtimg.cn/images/yxzj/zlkdatasys/audios/audio/20220412/16497472035630.wav"
        },
        {
          "text": "你管他那么多，上天安排的最大嘛",
          "link": "//game.gtimg.cn/images/yxzj/zlkdatasys/audios/audio/20220412/16497472174133.wav"
        },
        {
          "text": "爱一个人需要理由吗？不需要吗？需要吗？",
          "link": "//game.gtimg.cn/images/yxzj/zlkdatasys/audios/audio/20220412/16497472306251.wav"
        },
        {
          "text": "四分之一炷香之后，那把剑的女主人将会彻底地爱上我",
          "link": "//game.gtimg.cn/images/yxzj/zlkdatasys/audios/audio/20220412/16497472505935.mp3"
        },
        {
          "text": "曾经有一份真诚的爱情放在我面前，我没有珍惜，等我失去的时候才后悔莫及",
          "link": "//game.gtimg.cn/images/yxzj/zlkdatasys/audios/audio/20220412/16497472693718.mp3"
        },
        {
          "text": "如果上天能够给我再来一次的机会，我会对那个女孩子说三个字：我爱你",
          "link": "//game.gtimg.cn/images/yxzj/zlkdatasys/audios/audio/20220412/16497472872300.mp3"
        },
        {
          "text": "如果非要把这份爱加上一个期限，我希望是：一万年",
          "link": "//game.gtimg.cn/images/yxzj/zlkdatasys/audios/audio/20220412/16497473053148.mp3"
        },
        {
          "text": "原来那个女孩子在我的心里面，流下了一滴眼泪",
          "link": "//game.gtimg.cn/images/yxzj/zlkdatasys/audios/audio/20220412/16497473212554.wav"
        },
        {
          "text": "生亦何哀，死亦何苦",
          "link": "//game.gtimg.cn/images/yxzj/zlkdatasys/audios/audio/20220412/16497473437960.wav"
        },
        {
          "text": "手起棒落，哗，世界清静了",
          "link": "//game.gtimg.cn/images/yxzj/zlkdatasys/audios/audio/20220412/16497473684974.wav"
        },
        {
          "text": "干嘛那么认真、冲动呢",
          "link": "//game.gtimg.cn/images/yxzj/zlkdatasys/audios/audio/20220412/16497473821289.wav"
        },
        {
          "text": "我Kao!I服了You!",
          "link": "//game.gtimg.cn/images/yxzj/zlkdatasys/audios/audio/20220412/16497473954375.wav"
        },
        {
          "text": "再见，不送了",
          "link": "//game.gtimg.cn/images/yxzj/zlkdatasys/audios/audio/20220412/16497474162934.wav"
        },
        {
          "text": "活着最重要就是开心啦",
          "link": "//game.gtimg.cn/images/yxzj/zlkdatasys/audios/audio/20220412/16497474462385.wav"
        },
        {
          "text": "我好怕怕呀，呵呵",
          "link": "//game.gtimg.cn/images/yxzj/zlkdatasys/audios/audio/20220412/16497474596148.wav"
        },
        {
          "text": "曾经的爱情，我没有珍惜……",
          "link": "//game.gtimg.cn/images/yxzj/zlkdatasys/audios/audio/20220412/16497474738877.wav"
        },
        {
          "text": "啊——我好生气啊",
          "link": "//game.gtimg.cn/images/yxzj/zlkdatasys/audios/audio/20220412/16497474867657.wav"
        },
        {
          "text": "好啊，打得好！",
          "link": "//game.gtimg.cn/images/yxzj/zlkdatasys/audios/audio/20220412/16497475254203.wav"
        },
        {
          "text": "看这儿~",
          "link": "//game.gtimg.cn/images/yxzj/zlkdatasys/audios/audio/20220412/16497475392263.wav"
        },
        {
          "text": "我不是你的意中人！",
          "link": "//game.gtimg.cn/images/yxzj/zlkdatasys/audios/audio/20220412/16497475542425.wav"
        },
        {
          "text": "啊，甜！好吃",
          "link": "//game.gtimg.cn/images/yxzj/zlkdatasys/audios/audio/20220412/16497475738719.wav"
        },
        {
          "text": "呼~活动活动筋骨啊！",
          "link": "//game.gtimg.cn/images/yxzj/zlkdatasys/audios/audio/20220412/16497475867630.wav"
        },
        {
          "text": "因为你看起来像女人我才不伤害你，不要以为我怕了你",
          "link": "//game.gtimg.cn/images/yxzj/zlkdatasys/audios/audio/20220412/16497476128180.wav"
        }
      ],
      "name": "至尊宝"
    },
    {
      "voice": [
        {
          "text": "我为信仰而生。",
          "link": "//game.gtimg.cn/images/yxzj/zlkdatasys/audios/audio/20220415/16499941513394.mp3"
        },
        {
          "text": "为了即将到来的最终战！",
          "link": "//game.gtimg.cn/images/yxzj/zlkdatasys/audios/audio/20220415/16499941727936.mp3"
        },
        {
          "text": "我们要去的地方不需要路。",
          "link": "//game.gtimg.cn/images/yxzj/zlkdatasys/audios/audio/20220415/16499941617219.mp3"
        },
        {
          "text": "永远走在最前线。",
          "link": "//game.gtimg.cn/images/yxzj/zlkdatasys/audios/audio/20220412/16497478565395.wav"
        },
        {
          "text": "现实利益远超他们对彼此的恨。",
          "link": "//game.gtimg.cn/images/yxzj/zlkdatasys/audios/audio/20220412/16497478736282.mp3"
        },
        {
          "text": "最先进的机甲手术，也无法根除好战基因。",
          "link": "//game.gtimg.cn/images/yxzj/zlkdatasys/audios/audio/20220412/16497478918911.mp3"
        },
        {
          "text": "向前所未见的明天疾驶！",
          "link": "//game.gtimg.cn/images/yxzj/zlkdatasys/audios/audio/20220412/16497479087113.wav"
        },
        {
          "text": "我们属于比我们自身更伟大的东西。",
          "link": "//game.gtimg.cn/images/yxzj/zlkdatasys/audios/audio/20220412/16497479224685.wav"
        },
        {
          "text": "机械生命的未来，决不是战争游戏！",
          "link": "//game.gtimg.cn/images/yxzj/zlkdatasys/audios/audio/20220412/16497479456872.mp3"
        },
        {
          "text": "看好，这才是真正的机械舞。",
          "link": "//game.gtimg.cn/images/yxzj/zlkdatasys/audios/audio/20220412/16497479942516.mp3"
        },
        {
          "text": "我不对劲，机甲生命不应该被恐惧支配。",
          "link": "//game.gtimg.cn/images/yxzj/zlkdatasys/audios/audio/20220412/16497480187200.mp3"
        },
        {
          "text": "可笑，你竟然想让我摆出悲伤姿态，我可是最强机甲。",
          "link": "//game.gtimg.cn/images/yxzj/zlkdatasys/audios/audio/20220412/16497480385867.mp3"
        },
        {
          "text": "机械声音或许不能表达我的愤怒，但攻击可以。",
          "link": "//game.gtimg.cn/images/yxzj/zlkdatasys/audios/audio/20220412/16497480606407.mp3"
        },
        {
          "text": "警告，处理器过热，兴奋度即将到达阈值。",
          "link": "//game.gtimg.cn/images/yxzj/zlkdatasys/audios/audio/20220412/16497480859815.mp3"
        },
        {
          "text": "对一个碳基生物来说，你表现得不错。",
          "link": "//game.gtimg.cn/images/yxzj/zlkdatasys/audios/audio/20220412/16497481091042.mp3"
        },
        {
          "text": "我以为一抬手，就能摸得到天。",
          "link": "//game.gtimg.cn/images/yxzj/zlkdatasys/audios/audio/20220412/16497481289903.mp3"
        },
        {
          "text": "零号赤焰，拒绝了你的请求。",
          "link": "//game.gtimg.cn/images/yxzj/zlkdatasys/audios/audio/20220412/16497481453684.wav"
        },
        {
          "text": "正在扫描目标战斗力，扫描结果：5",
          "link": "//game.gtimg.cn/images/yxzj/zlkdatasys/audios/audio/20220412/16497481637205.mp3"
        },
        {
          "text": "机甲第一准则，不得欺负弱小。",
          "link": "//game.gtimg.cn/images/yxzj/zlkdatasys/audios/audio/20220412/16497481814360.mp3"
        },
        {
          "text": "启动，活动活动筋骨。",
          "link": "//game.gtimg.cn/images/yxzj/zlkdatasys/audios/audio/20220412/16497482013754.mp3"
        },
        {
          "text": "去所有生命的终点……",
          "link": "//game.gtimg.cn/images/yxzj/zlkdatasys/audios/audio/20220412/16497482243260.wav"
        },
        {
          "text": "危机清除。",
          "link": "//game.gtimg.cn/images/yxzj/zlkdatasys/audios/audio/20220412/16497482521380.wav"
        },
        {
          "text": "看起来，你的合金大脑出了点问题。",
          "link": "//game.gtimg.cn/images/yxzj/zlkdatasys/audios/audio/20220412/16497482683864.wav"
        },
        {
          "text": "无限动能！",
          "link": "//game.gtimg.cn/images/yxzj/zlkdatasys/audios/audio/20220412/16497482933825.wav"
        },
        {
          "text": "满功率运行！",
          "link": "//game.gtimg.cn/images/yxzj/zlkdatasys/audios/audio/20220412/16497483169973.wav"
        },
        {
          "text": "超聚核心，启动。",
          "link": "//game.gtimg.cn/images/yxzj/zlkdatasys/audios/audio/20220412/16497483356264.wav"
        },
        {
          "text": "赤焰雄心！",
          "link": "//game.gtimg.cn/images/yxzj/zlkdatasys/audios/audio/20220412/16497483522871.wav"
        }
      ],
      "name": "零号·赤焰"
    },
    {
      "voice": [
        {
          "text": "俺老孙来也！",
          "link": "//game.gtimg.cn/images/yxzj/zlkdatasys/audios/audio/20220415/16499942058129.mp3"
        },
        {
          "text": "嘿嘿！我乃五百年前大闹天宫的齐天大圣，孙悟空！",
          "link": "//game.gtimg.cn/images/yxzj/zlkdatasys/audios/audio/20220415/16499942357118.mp3"
        },
        {
          "text": "俺老孙身在水帘洞，心随取经僧。",
          "link": "//game.gtimg.cn/images/yxzj/zlkdatasys/audios/audio/20220415/16499942169809.mp3"
        },
        {
          "text": "这里山势险峻只怕藏有妖精。",
          "link": "//game.gtimg.cn/images/yxzj/zlkdatasys/audios/audio/20220412/16497501075647.mp3"
        },
        {
          "text": "我叫你们看着师父。你们都干什么去了？",
          "link": "//game.gtimg.cn/images/yxzj/zlkdatasys/audios/audio/20220412/16497501272519.mp3"
        },
        {
          "text": "土地山神，都出来见俺！",
          "link": "//game.gtimg.cn/images/yxzj/zlkdatasys/audios/audio/20220412/16497501457361.mp3"
        },
        {
          "text": "你们几个打累了，该俺老孙耍耍了！",
          "link": "//game.gtimg.cn/images/yxzj/zlkdatasys/audios/audio/20220412/16497501637307.mp3"
        },
        {
          "text": "你辈无能，待俺叫来！风雨雷电四神，快快显身出来！",
          "link": "//game.gtimg.cn/images/yxzj/zlkdatasys/audios/audio/20220412/16497501801145.mp3"
        },
        {
          "text": "我问你们，此处可有什么妖怪不成？",
          "link": "//game.gtimg.cn/images/yxzj/zlkdatasys/audios/audio/20220412/16497501996370.mp3"
        },
        {
          "text": "俺老孙神通广大，就是玉皇大帝的凌霄宝殿，俺也去坐过！",
          "link": "//game.gtimg.cn/images/yxzj/zlkdatasys/audios/audio/20220412/16497502244493.mp3"
        },
        {
          "text": "我若走了，谁来降妖……",
          "link": "//game.gtimg.cn/images/yxzj/zlkdatasys/audios/audio/20220412/16497502499844.mp3"
        },
        {
          "text": "今儿你这妖精不除，俺就难取真经！",
          "link": "//game.gtimg.cn/images/yxzj/zlkdatasys/audios/audio/20220412/16497502714393.mp3"
        },
        {
          "text": "你这妖怪，瞒得过俺师父却瞒不过俺。",
          "link": "//game.gtimg.cn/images/yxzj/zlkdatasys/audios/audio/20220412/16497502952138.mp3"
        },
        {
          "text": "何方妖孽！",
          "link": "//game.gtimg.cn/images/yxzj/zlkdatasys/audios/audio/20220412/16497503175660.wav"
        },
        {
          "text": "嘿嘿，有俺老孙在，怕什么？",
          "link": "//game.gtimg.cn/images/yxzj/zlkdatasys/audios/audio/20220412/16497503557425.wav"
        },
        {
          "text": "一个筋斗云，俺就能十万八千里！",
          "link": "//game.gtimg.cn/images/yxzj/zlkdatasys/audios/audio/20220412/16497503881982.mp3"
        },
        {
          "text": "妖怪，哪里逃！",
          "link": "//game.gtimg.cn/images/yxzj/zlkdatasys/audios/audio/20220412/16497504049434.wav"
        },
        {
          "text": "妖精，看打！",
          "link": "//game.gtimg.cn/images/yxzj/zlkdatasys/audios/audio/20220412/16497504227580.wav"
        },
        {
          "text": "吃俺老孙一棒！",
          "link": "//game.gtimg.cn/images/yxzj/zlkdatasys/audios/audio/20220412/16497504577841.wav"
        },
        {
          "text": "嘿嘿，这宝贝五百年来不曾用过，今天用你来开张！",
          "link": "//game.gtimg.cn/images/yxzj/zlkdatasys/audios/audio/20220412/16497504905102.mp3"
        },
        {
          "text": "俺老孙去去就来。",
          "link": "//game.gtimg.cn/images/yxzj/zlkdatasys/audios/audio/20220412/16497505137210.wav"
        },
        {
          "text": "俺老孙去也。",
          "link": "//game.gtimg.cn/images/yxzj/zlkdatasys/audios/audio/20220412/16497505266234.wav"
        },
        {
          "text": "知道了知道了。絮絮叨叨。",
          "link": "//game.gtimg.cn/images/yxzj/zlkdatasys/audios/audio/20220412/16497505888447.mp3"
        },
        {
          "text": "我说呆子，人参果都吃了，还饿着呢。",
          "link": "//game.gtimg.cn/images/yxzj/zlkdatasys/audios/audio/20220412/16497506318171.mp3"
        },
        {
          "text": "诶我说呆子，我来问你还去不去高老庄啦？啊？",
          "link": "//game.gtimg.cn/images/yxzj/zlkdatasys/audios/audio/20220412/16497506563497.mp3"
        },
        {
          "text": "哦？你抬起头来让俺瞧瞧。",
          "link": "//game.gtimg.cn/images/yxzj/zlkdatasys/audios/audio/20220412/16497507634530.mp3"
        },
        {
          "text": "八戒，快去探路，快，快去吧，啊！去吧",
          "link": "//game.gtimg.cn/images/yxzj/zlkdatasys/audios/audio/20220412/16497507959856.mp3"
        },
        {
          "text": "八戒，快去探路，快去！",
          "link": "//game.gtimg.cn/images/yxzj/zlkdatasys/audios/audio/20220412/16497508248987.wav"
        },
        {
          "text": "二位师弟，好生保护师父。",
          "link": "//game.gtimg.cn/images/yxzj/zlkdatasys/audios/audio/20220412/16497508573970.wav"
        },
        {
          "text": "二位师弟，露一手给他们瞧瞧！啊哈！",
          "link": "//game.gtimg.cn/images/yxzj/zlkdatasys/audios/audio/20220412/16497510232400.mp3"
        },
        {
          "text": "额，想必是过路的妖怪。",
          "link": "//game.gtimg.cn/images/yxzj/zlkdatasys/audios/audio/20220412/16497510454862.wav"
        },
        {
          "text": "妖怪，上次让你给溜了，这次你休想逃！",
          "link": "//game.gtimg.cn/images/yxzj/zlkdatasys/audios/audio/20220412/16497510682842.mp3"
        },
        {
          "text": "好，我走，我走……",
          "link": "//game.gtimg.cn/images/yxzj/zlkdatasys/audios/audio/20220412/16497511263547.mp3"
        },
        {
          "text": "吃桃，吃桃，嘿嘿吃桃了嘿嘿嘿嘿。",
          "link": "//game.gtimg.cn/images/yxzj/zlkdatasys/audios/audio/20220415/16500033957024.mp3"
        },
        {
          "text": "要大就大，要小就小！嘿嘿！",
          "link": "//game.gtimg.cn/images/yxzj/zlkdatasys/audios/audio/20220412/16497511674903.mp3"
        },
        {
          "text": "俺不是野猴，俺是石猴——嘿嘿",
          "link": "//game.gtimg.cn/images/yxzj/zlkdatasys/audios/audio/20220415/16500033818452.mp3"
        },
        {
          "text": "师父，莫念了，莫念了，哎呀....师父...",
          "link": "//game.gtimg.cn/images/yxzj/zlkdatasys/audios/audio/20220412/16497512099115.mp3"
        },
        {
          "text": "快来，快来啊~哈哈哈哈",
          "link": "//game.gtimg.cn/images/yxzj/zlkdatasys/audios/audio/20220412/16497512362153.mp3"
        },
        {
          "text": "好，好，好极了，嘿嘿！",
          "link": "//game.gtimg.cn/images/yxzj/zlkdatasys/audios/audio/20220412/16497512651528.mp3"
        },
        {
          "text": "啊？中计了！呔——",
          "link": "//game.gtimg.cn/images/yxzj/zlkdatasys/audios/audio/20220412/16497513203151.wav"
        },
        {
          "text": "哈哈哈，我看倒不如师父留下来就此成亲。嘿嘿嘿，那女王还不快快倒放官文，放俺们西去吧，啊？",
          "link": "//game.gtimg.cn/images/yxzj/zlkdatasys/audios/audio/20220428/16511345647936.mp3"
        }
      ],
      "name": "孙行者"
    },
    {
      "voice": [
        {
          "text": "凭你这破石烂铁，也想只手拦我！",
          "link": "//game.gtimg.cn/images/yxzj/zlkdatasys/audios/audio/20230216/16765288377469.mp3"
        },
        {
          "text": "往时管他谁是谁，今日方知我是我！",
          "link": "//game.gtimg.cn/images/yxzj/zlkdatasys/audios/audio/20230216/16765288673225.mp3"
        },
        {
          "text": "群妖又起，大圣重归！",
          "link": "//game.gtimg.cn/images/yxzj/zlkdatasys/audios/audio/20230216/16765288933036.mp3"
        },
        {
          "text": "打遍三界棍无双，再战此界又何妨！",
          "link": "//game.gtimg.cn/images/yxzj/zlkdatasys/audios/audio/20230215/16764272286647.mp3"
        },
        {
          "text": "老孙我向来自诩铜皮铁骨，不想今日成了真",
          "link": "//game.gtimg.cn/images/yxzj/zlkdatasys/audios/audio/20230215/16764272999841.mp3"
        },
        {
          "text": "七十二般变化，可有机械这一变？",
          "link": "//game.gtimg.cn/images/yxzj/zlkdatasys/audios/audio/20230215/16764273187805.mp3"
        },
        {
          "text": "想过去三五步行遍天下，一转眼竟已是沧海桑田",
          "link": "//game.gtimg.cn/images/yxzj/zlkdatasys/audios/audio/20230215/16764273374141.mp3"
        },
        {
          "text": "睡得太久，容易忘了自己是谁",
          "link": "//game.gtimg.cn/images/yxzj/zlkdatasys/audios/audio/20230215/16764273632572.mp3"
        },
        {
          "text": "这年间，魑魅魍魉换了个样，牛鬼蛇神竟也称了霸王",
          "link": "//game.gtimg.cn/images/yxzj/zlkdatasys/audios/audio/20230215/16764273827611.mp3"
        },
        {
          "text": "莫怕，我是来问路的——来问问那上天的路！",
          "link": "//game.gtimg.cn/images/yxzj/zlkdatasys/audios/audio/20230215/16764274067944.mp3"
        },
        {
          "text": "且待我砸碎你这新皮囊，看看下面是人是妖！",
          "link": "//game.gtimg.cn/images/yxzj/zlkdatasys/audios/audio/20230215/16764274405727.mp3"
        },
        {
          "text": "这随手抄的铁棍，用着倒也顺手",
          "link": "//game.gtimg.cn/images/yxzj/zlkdatasys/audios/audio/20230215/16764274623905.mp3"
        },
        {
          "text": "休提什么斗战名号，自此以后，只称我为齐天大圣！",
          "link": "//game.gtimg.cn/images/yxzj/zlkdatasys/audios/audio/20230215/16764274816225.mp3"
        },
        {
          "text": "毁得钢铁躯，毁不得天地心……",
          "link": "//game.gtimg.cn/images/yxzj/zlkdatasys/audios/audio/20230215/16764275309673.mp3"
        },
        {
          "text": "躯壳重塑，本心不移",
          "link": "//game.gtimg.cn/images/yxzj/zlkdatasys/audios/audio/20230215/16764275765250.mp3"
        },
        {
          "text": "何处不平？大圣在此！",
          "link": "//game.gtimg.cn/images/yxzj/zlkdatasys/audios/audio/20230215/16764454922125.mp3"
        },
        {
          "text": "和你的老祖宗相比，你倒长了不少本事！",
          "link": "//game.gtimg.cn/images/yxzj/zlkdatasys/audios/audio/20230215/16764455597291.mp3"
        },
        {
          "text": "你这厮装上个铁心脏，竟真成了铁石心肠！",
          "link": "//game.gtimg.cn/images/yxzj/zlkdatasys/audios/audio/20230215/16764455982855.mp3"
        },
        {
          "text": "铮铮铁骨！",
          "link": "//game.gtimg.cn/images/yxzj/zlkdatasys/audios/audio/20230215/16764456359303.mp3"
        },
        {
          "text": "金刚不坏之身！",
          "link": "//game.gtimg.cn/images/yxzj/zlkdatasys/audios/audio/20230215/16764456678722.mp3"
        },
        {
          "text": "破天",
          "link": "//game.gtimg.cn/images/yxzj/zlkdatasys/audios/audio/20230215/16764457032200.mp3"
        },
        {
          "text": "遁地",
          "link": "//game.gtimg.cn/images/yxzj/zlkdatasys/audios/audio/20230215/16764457213533.mp3"
        },
        {
          "text": "大显神通！",
          "link": "//game.gtimg.cn/images/yxzj/zlkdatasys/audios/audio/20230215/16764457573796.mp3"
        },
        {
          "text": "威力不减当年！",
          "link": "//game.gtimg.cn/images/yxzj/zlkdatasys/audios/audio/20230215/16764457753573.mp3"
        },
        {
          "text": "齐天大圣，到此一游！",
          "link": "//game.gtimg.cn/images/yxzj/zlkdatasys/audios/audio/20230215/16764457945236.mp3"
        },
        {
          "text": "前路晦暗？待我探他一探！",
          "link": "//game.gtimg.cn/images/yxzj/zlkdatasys/audios/audio/20230215/16764464794663.mp3"
        },
        {
          "text": "如今这副躯壳，桃子吃起来都没滋味",
          "link": "//game.gtimg.cn/images/yxzj/zlkdatasys/audios/audio/20230215/16764465259947.mp3"
        },
        {
          "text": "适应适应关节会生锈的日子",
          "link": "//game.gtimg.cn/images/yxzj/zlkdatasys/audios/audio/20230215/16764465697816.mp3"
        },
        {
          "text": "飞起来就想装神仙？给我下来！",
          "link": "//game.gtimg.cn/images/yxzj/zlkdatasys/audios/audio/20230215/16764466004046.mp3"
        },
        {
          "text": "不急，等你准备好我再出手",
          "link": "//game.gtimg.cn/images/yxzj/zlkdatasys/audios/audio/20230215/16764466303839.mp3"
        },
        {
          "text": "让这方天地，再次记住我的名头！",
          "link": "//game.gtimg.cn/images/yxzj/zlkdatasys/audios/audio/20230215/16764466568059.mp3"
        },
        {
          "text": "弃恶从善，不错不错",
          "link": "//game.gtimg.cn/images/yxzj/zlkdatasys/audios/audio/20230215/16764466761948.mp3"
        },
        {
          "text": "生来无牵挂，又有何可怕！",
          "link": "//game.gtimg.cn/images/yxzj/zlkdatasys/audios/audio/20230215/16764467034875.mp3"
        },
        {
          "text": "不必多问，只管说那妖魔在哪！",
          "link": "//game.gtimg.cn/images/yxzj/zlkdatasys/audios/audio/20230215/16764467363089.mp3"
        },
        {
          "text": "怎可任由妖邪当道！",
          "link": "//game.gtimg.cn/images/yxzj/zlkdatasys/audios/audio/20230216/16765288033864.mp3"
        },
        {
          "text": "遍地不寻花果山",
          "link": "//game.gtimg.cn/images/yxzj/zlkdatasys/audios/audio/20230215/16764468117731.mp3"
        }
      ],
      "name": "齐天大圣"
    }
  ]
}
