{
  "data": [
    {
      "voice": [
        {
          "text": "太乙真人：皇家认证，特级炼金术师是也！\n炉子：炉子也有资格证书！",
          "link": "//game.gtimg.cn/images/yxzj/zlkdatasys/audios/audio/20220412/16497344944869.mp3"
        },
        {
          "text": "太乙真人：道生一，一生二，二生……\n炉子：太二组合！",
          "link": "//game.gtimg.cn/images/yxzj/zlkdatasys/audios/audio/20220412/16497345148363.mp3"
        },
        {
          "text": "太乙真人：你走过最长的路，\n炉子：都是我们的套路！",
          "link": "//game.gtimg.cn/images/yxzj/zlkdatasys/audios/audio/20220412/16497345301296.mp3"
        },
        {
          "text": "炉子：你是高人，可我是巨人！记住，你站在巨人的肩膀上哟！哦呵呵呵呵~",
          "link": "//game.gtimg.cn/images/yxzj/zlkdatasys/audios/audio/20220412/16497346073528.mp3"
        },
        {
          "text": "太乙真人：等价交换，炼金术不变的原则。\n炉子：一时脑抽，才跟这家伙交换了人生！",
          "link": "//game.gtimg.cn/images/yxzj/zlkdatasys/audios/audio/20220413/16498361565834.wav"
        },
        {
          "text": "太乙真人：碧藕为骨，荷叶为衣，辅以三昧真火……\n炉子：咕噜！少拿我炖汤了！咕噜咕噜！",
          "link": "//game.gtimg.cn/images/yxzj/zlkdatasys/audios/audio/20220412/16497346511182.mp3"
        },
        {
          "text": "太乙真人：有爱心的师傅，对徒儿必须一定肯定只有百分百的信任！\n炉子：有点感动了怎么办……",
          "link": "//game.gtimg.cn/images/yxzj/zlkdatasys/audios/audio/20220412/16497346716308.mp3"
        },
        {
          "text": "太乙真人：做人呢，最重要的是开心！\n炉子：打到你这种事，大家都不想的，嘿嘿嘿。",
          "link": "//game.gtimg.cn/images/yxzj/zlkdatasys/audios/audio/20220412/16497346911910.mp3"
        },
        {
          "text": "太乙真人：炉子碎了！又一个！",
          "link": "//game.gtimg.cn/images/yxzj/zlkdatasys/audios/audio/20220412/16497347414005.wav"
        },
        {
          "text": "炉子：感觉身体被掏空了。",
          "link": "//game.gtimg.cn/images/yxzj/zlkdatasys/audios/audio/20220412/16497347574646.wav"
        },
        {
          "text": "炉子：身体在沸腾！",
          "link": "//game.gtimg.cn/images/yxzj/zlkdatasys/audios/audio/20220412/16497348353132.wav"
        },
        {
          "text": "太乙真人：【咒语】",
          "link": "//game.gtimg.cn/images/yxzj/zlkdatasys/audios/audio/20220412/16497348493946.wav"
        },
        {
          "text": "释放体内的洪荒之力",
          "link": "//game.gtimg.cn/images/yxzj/zlkdatasys/audios/audio/20220412/16497348633618.wav"
        },
        {
          "text": "新鲜出炉！",
          "link": "//game.gtimg.cn/images/yxzj/zlkdatasys/audios/audio/20220412/16497348813484.wav"
        },
        {
          "text": "拿什么拯救你，我的新手村小伙伴",
          "link": "//game.gtimg.cn/images/yxzj/zlkdatasys/audios/audio/20220412/16497349175110.wav"
        }
      ],
      "name": "原皮"
    }
  ]
}