{
  "data": [
    {
      "voice": [
        {
          "text": "凛冬已至。",
          "link": "//game.gtimg.cn/images/yxzj/zlkdatasys/audios/audio/20220409/16494862069549.wav"
        },
        {
          "text": "故乡的梅花开了吗？",
          "link": "//game.gtimg.cn/images/yxzj/zlkdatasys/audios/audio/20220409/16494862792875.wav"
        },
        {
          "text": "心已经融化。",
          "link": "//game.gtimg.cn/images/yxzj/zlkdatasys/audios/audio/20220409/16494863009096.wav"
        },
        {
          "text": "白梅落下之日，归去故里之时。",
          "link": "//game.gtimg.cn/images/yxzj/zlkdatasys/audios/audio/20220409/16494863231577.wav"
        },
        {
          "text": "身躯已然冰封，灵魂仍旧火热。",
          "link": "//game.gtimg.cn/images/yxzj/zlkdatasys/audios/audio/20220409/16494863431267.wav"
        },
        {
          "text": "寒流，无处不在……",
          "link": "//game.gtimg.cn/images/yxzj/zlkdatasys/audios/audio/20220409/16494864182769.wav"
        },
        {
          "text": "替你们消消火",
          "link": "//game.gtimg.cn/images/yxzj/zlkdatasys/audios/audio/20220409/16494864427796.wav"
        },
        {
          "text": "美貌是种罪孽。暴雪也无法掩埋。",
          "link": "//game.gtimg.cn/images/yxzj/zlkdatasys/audios/audio/20220409/16494864613702.wav"
        },
        {
          "text": "看到了……故乡的春天……",
          "link": "//game.gtimg.cn/images/yxzj/zlkdatasys/audios/audio/20220409/16494865011050.wav"
        },
        {
          "text": "绝对零度！",
          "link": "//game.gtimg.cn/images/yxzj/zlkdatasys/audios/audio/20220409/16494865322046.wav"
        },
        {
          "text": "寒冰永不腐朽！",
          "link": "//game.gtimg.cn/images/yxzj/zlkdatasys/audios/audio/20220409/16494865795258.wav"
        },
        {
          "text": "垂涎于我美貌的人，都在冰原下冷静反省。",
          "link": "//game.gtimg.cn/images/yxzj/zlkdatasys/audios/audio/20220409/16494866169592.wav"
        }
      ],
      "name": "原皮"
    },
    {
      "voice": [
        {
          "text": "羞涩的初次公演，要支持我哟！",
          "link": "//game.gtimg.cn/images/yxzj/zlkdatasys/audios/audio/20220409/16494868853640.wav"
        },
        {
          "text": "成为爱豆，因为，想带给大家笑容~",
          "link": "//game.gtimg.cn/images/yxzj/zlkdatasys/audios/audio/20220409/16494869079733.wav"
        },
        {
          "text": "夏日阳光，舞台中央，有我才闪亮~",
          "link": "//game.gtimg.cn/images/yxzj/zlkdatasys/audios/audio/20220409/16494869273506.wav"
        },
        {
          "text": "努力就会有回报，我，用歌声来证明！",
          "link": "//game.gtimg.cn/images/yxzj/zlkdatasys/audios/audio/20220409/16494870132797.wav"
        },
        {
          "text": "早餐~~人生的一半！今天也要元气满满~",
          "link": "//game.gtimg.cn/images/yxzj/zlkdatasys/audios/audio/20220409/16494870362391.wav"
        },
        {
          "text": "人家可是很有料的！",
          "link": "//game.gtimg.cn/images/yxzj/zlkdatasys/audios/audio/20220409/16494870618842.wav"
        },
        {
          "text": "本命是五杀乐队哟~",
          "link": "//game.gtimg.cn/images/yxzj/zlkdatasys/audios/audio/20220409/16494870821269.wav"
        },
        {
          "text": "男朋友什么的，哎？不是写歌的素材吗！",
          "link": "//game.gtimg.cn/images/yxzj/zlkdatasys/audios/audio/20220409/16494871052529.wav"
        },
        {
          "text": "不想，被讨厌……",
          "link": "//game.gtimg.cn/images/yxzj/zlkdatasys/audios/audio/20220409/16494871388851.wav"
        },
        {
          "text": "我的安可曲！",
          "link": "//game.gtimg.cn/images/yxzj/zlkdatasys/audios/audio/20220409/16494871834507.wav"
        },
        {
          "text": "跑！调！啦~~",
          "link": "//game.gtimg.cn/images/yxzj/zlkdatasys/audios/audio/20220409/16494871975294.wav"
        },
        {
          "text": "别欺负我哟，会哭的！",
          "link": "//game.gtimg.cn/images/yxzj/zlkdatasys/audios/audio/20220409/16494872195394.wav"
        },
        {
          "text": "胜不骄，败不馁~",
          "link": "//game.gtimg.cn/images/yxzj/zlkdatasys/audios/audio/20220409/16494872521680.wav"
        },
        {
          "text": "素质呢？拿出素质来！停止广场舞，关掉噪音！",
          "link": "//game.gtimg.cn/images/yxzj/zlkdatasys/audios/audio/20220409/16494872833573.wav"
        }
      ],
      "name": "偶像歌手"
    },
    {
      "voice": [
        {
          "text": "凤凰鸣矣，于彼高冈。梧桐生矣，于彼朝阳",
          "link": "//game.gtimg.cn/images/yxzj/zlkdatasys/audios/audio/20220409/16494873575719.wav"
        },
        {
          "text": "最美好的年华，与你携手共度",
          "link": "//game.gtimg.cn/images/yxzj/zlkdatasys/audios/audio/20220409/16494873773464.wav"
        },
        {
          "text": "身作彩凤双飞翼，心有灵犀一点通",
          "link": "//game.gtimg.cn/images/yxzj/zlkdatasys/audios/audio/20220409/16494873985140.wav"
        },
        {
          "text": "浴火涅槃，唯求清风明月共天涯",
          "link": "//game.gtimg.cn/images/yxzj/zlkdatasys/audios/audio/20220409/16494874525358.wav"
        },
        {
          "text": "死亡，本是轮回的归宿。因所爱而无畏",
          "link": "//game.gtimg.cn/images/yxzj/zlkdatasys/audios/audio/20220409/16494874765966.wav"
        },
        {
          "text": "见过彼岸无尽的红莲，如同你我相思蔓延",
          "link": "//game.gtimg.cn/images/yxzj/zlkdatasys/audios/audio/20220409/16494874982748.wav"
        },
        {
          "text": "倾覆了故国，惊醒镜花水月",
          "link": "//game.gtimg.cn/images/yxzj/zlkdatasys/audios/audio/20220409/16494875168895.wav"
        },
        {
          "text": "生生世世若初见，相思长守",
          "link": "//game.gtimg.cn/images/yxzj/zlkdatasys/audios/audio/20220409/16494875388459.wav"
        },
        {
          "text": "等待再世的重逢……",
          "link": "//game.gtimg.cn/images/yxzj/zlkdatasys/audios/audio/20220409/16494875762182.wav"
        },
        {
          "text": "相思催人苦",
          "link": "//game.gtimg.cn/images/yxzj/zlkdatasys/audios/audio/20220409/16494876188850.wav"
        },
        {
          "text": "重振羽翼！",
          "link": "//game.gtimg.cn/images/yxzj/zlkdatasys/audios/audio/20220409/16494876392900.wav"
        },
        {
          "text": "再无涅槃",
          "link": "//game.gtimg.cn/images/yxzj/zlkdatasys/audios/audio/20220409/16494876758879.wav"
        },
        {
          "text": "看出来了，你五行缺真爱！",
          "link": "//game.gtimg.cn/images/yxzj/zlkdatasys/audios/audio/20220409/16494877059449.wav"
        },
        {
          "text": "愿得一心人，白首不相离",
          "link": "//game.gtimg.cn/images/yxzj/zlkdatasys/audios/audio/20220415/16499943031801.mp3"
        }
      ],
      "name": "凤凰于飞"
    },
    {
      "voice": [
        {
          "text": "七月初七，夜悬长丝，投针验巧，明月照看。",
          "link": "//game.gtimg.cn/images/yxzj/zlkdatasys/audios/audio/20220415/16499943517806.mp3"
        },
        {
          "text": "用一针一线，绣出我们自己的故事。",
          "link": "//game.gtimg.cn/images/yxzj/zlkdatasys/audios/audio/20220415/16499943806970.mp3"
        },
        {
          "text": "永远相信，传统的美会再次绽放。",
          "link": "//game.gtimg.cn/images/yxzj/zlkdatasys/audios/audio/20220415/16499943676095.mp3"
        },
        {
          "text": "巧娘娘不住在天上，她住在我们每个人心里。",
          "link": "//game.gtimg.cn/images/yxzj/zlkdatasys/audios/audio/20220412/16497530012920.mp3"
        },
        {
          "text": "传承不是风，是大地，不论走在哪里，我们都在其中。",
          "link": "//game.gtimg.cn/images/yxzj/zlkdatasys/audios/audio/20220412/16497530206055.mp3"
        },
        {
          "text": "针线的两端，连接地不仅是锦缎，也是人和人的情感。",
          "link": "//game.gtimg.cn/images/yxzj/zlkdatasys/audios/audio/20220412/16497530376169.mp3"
        },
        {
          "text": "在这乞巧的夜里，只有相逢，没有别离。",
          "link": "//game.gtimg.cn/images/yxzj/zlkdatasys/audios/audio/20220412/16497530651178.mp3"
        },
        {
          "text": "幼时乞巧，临盘望果，今时验巧，临水照人。",
          "link": "//game.gtimg.cn/images/yxzj/zlkdatasys/audios/audio/20220412/16497530854841.mp3"
        },
        {
          "text": "每一件服饰背后，都有它自己的故事。",
          "link": "//game.gtimg.cn/images/yxzj/zlkdatasys/audios/audio/20220412/16497531056939.mp3"
        },
        {
          "text": "彩线就像牵牛，将色彩照进了黑白的日子里。",
          "link": "//game.gtimg.cn/images/yxzj/zlkdatasys/audios/audio/20220412/16497531317653.mp3"
        },
        {
          "text": "握紧那一点光，不畏风雨，便能以“巧”织就七彩霞衣。",
          "link": "//game.gtimg.cn/images/yxzj/zlkdatasys/audios/audio/20220412/16497531484794.mp3"
        },
        {
          "text": "以心织衣，以情着衣，我们都让服饰有了生命。",
          "link": "//game.gtimg.cn/images/yxzj/zlkdatasys/audios/audio/20220412/16497531677034.mp3"
        },
        {
          "text": "针线……不会被辜负……",
          "link": "//game.gtimg.cn/images/yxzj/zlkdatasys/audios/audio/20220412/16497531902687.mp3"
        },
        {
          "text": "点绣",
          "link": "//game.gtimg.cn/images/yxzj/zlkdatasys/audios/audio/20220412/16497532163546.wav"
        },
        {
          "text": "挑花",
          "link": "//game.gtimg.cn/images/yxzj/zlkdatasys/audios/audio/20220412/16497532359460.wav"
        },
        {
          "text": "曲针",
          "link": "//game.gtimg.cn/images/yxzj/zlkdatasys/audios/audio/20220412/16497532557032.wav"
        },
        {
          "text": "得巧",
          "link": "//game.gtimg.cn/images/yxzj/zlkdatasys/audios/audio/20220412/16497532846039.wav"
        },
        {
          "text": "牵牛月落",
          "link": "//game.gtimg.cn/images/yxzj/zlkdatasys/audios/audio/20220412/16497533032851.wav"
        },
        {
          "text": "裁红点翠",
          "link": "//game.gtimg.cn/images/yxzj/zlkdatasys/audios/audio/20220412/16497533434832.wav"
        },
        {
          "text": "抢针走线",
          "link": "//game.gtimg.cn/images/yxzj/zlkdatasys/audios/audio/20220412/16497533605048.wav"
        },
        {
          "text": "可莫把针脚，绣歪了",
          "link": "//game.gtimg.cn/images/yxzj/zlkdatasys/audios/audio/20220412/16497533777561.wav"
        },
        {
          "text": "打结，收线",
          "link": "//game.gtimg.cn/images/yxzj/zlkdatasys/audios/audio/20220412/16497533953567.wav"
        },
        {
          "text": "只要用心设计，就一定会被看见。",
          "link": "//game.gtimg.cn/images/yxzj/zlkdatasys/audios/audio/20220412/16497534144002.mp3"
        }
      ],
      "name": "乞巧织情"
    },
    {
      "voice": [
        {
          "text": "亿万星辉，请为我指引归家的方向",
          "link": "//game.gtimg.cn/images/yxzj/zlkdatasys/audios/audio/20221107/16678040144478.wav"
        },
        {
          "text": "最动人的旋律，与心同频",
          "link": "//game.gtimg.cn/images/yxzj/zlkdatasys/audios/audio/20221107/16678040378891.wav"
        },
        {
          "text": "来自故乡的声音……在光年外与我回应",
          "link": "//game.gtimg.cn/images/yxzj/zlkdatasys/audios/audio/20221107/16678040561879.wav"
        },
        {
          "text": "永恒之乡，亦是他乡",
          "link": "//game.gtimg.cn/images/yxzj/zlkdatasys/audios/audio/20221104/16675550361413.wav"
        },
        {
          "text": "去歌声里，找寻属于你的回忆",
          "link": "//game.gtimg.cn/images/yxzj/zlkdatasys/audios/audio/20221104/16675550912225.wav"
        },
        {
          "text": "不论离家多远，出发的那颗星始终为你点亮",
          "link": "//game.gtimg.cn/images/yxzj/zlkdatasys/audios/audio/20221104/16675551183101.wav"
        },
        {
          "text": "我们用尽全力奔赴远方，又用一生的时间还乡",
          "link": "//game.gtimg.cn/images/yxzj/zlkdatasys/audios/audio/20221104/16675551553409.wav"
        },
        {
          "text": "星辰的孩子，注定回到穹宇的怀抱",
          "link": "//game.gtimg.cn/images/yxzj/zlkdatasys/audios/audio/20221104/16675551802020.wav"
        },
        {
          "text": "在思念无法抵达的地方，人们用歌声将彼此牵挂",
          "link": "//game.gtimg.cn/images/yxzj/zlkdatasys/audios/audio/20221104/16675552116211.wav"
        },
        {
          "text": "流星划过的轨迹，可是漂泊者在踏上归家之旅",
          "link": "//game.gtimg.cn/images/yxzj/zlkdatasys/audios/audio/20221104/16675552381127.wav"
        },
        {
          "text": "星河静默，苍穹冷寂",
          "link": "//game.gtimg.cn/images/yxzj/zlkdatasys/audios/audio/20221104/16675552723732.wav"
        },
        {
          "text": "与之共振",
          "link": "//game.gtimg.cn/images/yxzj/zlkdatasys/audios/audio/20221104/16675553127591.wav"
        },
        {
          "text": "响彻寰宇",
          "link": "//game.gtimg.cn/images/yxzj/zlkdatasys/audios/audio/20221104/16675553326458.wav"
        },
        {
          "text": "星辰和鸣之声",
          "link": "//game.gtimg.cn/images/yxzj/zlkdatasys/audios/audio/20221104/16675553526053.wav"
        },
        {
          "text": "万象音域",
          "link": "//game.gtimg.cn/images/yxzj/zlkdatasys/audios/audio/20221104/16675553721905.wav"
        },
        {
          "text": "星群闪耀",
          "link": "//game.gtimg.cn/images/yxzj/zlkdatasys/audios/audio/20221104/16675553938732.wav"
        },
        {
          "text": "歌声跨越光年",
          "link": "//game.gtimg.cn/images/yxzj/zlkdatasys/audios/audio/20221104/16675554147430.wav"
        },
        {
          "text": "身在迷途，不如归去",
          "link": "//game.gtimg.cn/images/yxzj/zlkdatasys/audios/audio/20221104/16675554386725.wav"
        },
        {
          "text": "心若无处栖息，到哪里都是流浪",
          "link": "//game.gtimg.cn/images/yxzj/zlkdatasys/audios/audio/20221104/16675554852647.wav"
        },
        {
          "text": "把远方的乐章唱给故乡听~",
          "link": "//game.gtimg.cn/images/yxzj/zlkdatasys/audios/audio/20221104/16675555132712.wav"
        }
      ],
      "name": "星穹之声"
    }
  ]
}