{
  "data": [
    {
      "voice": [
        {
          "text": "记住，玫瑰有刺~",
          "link": "//game.gtimg.cn/images/yxzj/zlkdatasys/audios/audio/20220415/16500169274435.mp3"
        },
        {
          "text": "拿去，放下剑~去找别的活法。",
          "link": "//game.gtimg.cn/images/yxzj/zlkdatasys/audios/audio/20220415/16500169522390.mp3"
        },
        {
          "text": "拿去，优雅地结束吧。",
          "link": "//game.gtimg.cn/images/yxzj/zlkdatasys/audios/audio/20220415/16500169669662.mp3"
        },
        {
          "text": "能够不流血而胜利，是最完美的胜利。",
          "link": "//game.gtimg.cn/images/yxzj/zlkdatasys/audios/audio/20220412/16497651281762.mp3"
        },
        {
          "text": "使命常与剑相伴。",
          "link": "//game.gtimg.cn/images/yxzj/zlkdatasys/audios/audio/20220412/16497651473230.mp3"
        },
        {
          "text": "美丽的事物，总是很棘手~",
          "link": "//game.gtimg.cn/images/yxzj/zlkdatasys/audios/audio/20220412/16497651752118.mp3"
        },
        {
          "text": "保持分寸。",
          "link": "//game.gtimg.cn/images/yxzj/zlkdatasys/audios/audio/20220412/16497652011444.wav"
        },
        {
          "text": "已显现的命运，不会因逃避而改变。",
          "link": "//game.gtimg.cn/images/yxzj/zlkdatasys/audios/audio/20220412/16497652191617.mp3"
        },
        {
          "text": "远离那些……只凭狂想的艺术和笃信杀戮的战斗。",
          "link": "//game.gtimg.cn/images/yxzj/zlkdatasys/audios/audio/20220412/16497652361570.mp3"
        },
        {
          "text": "我们珍视荣誉，但绝非过去的荣誉。",
          "link": "//game.gtimg.cn/images/yxzj/zlkdatasys/audios/audio/20220412/16497652718276.mp3"
        },
        {
          "text": "神不会对胆小鬼微笑。",
          "link": "//game.gtimg.cn/images/yxzj/zlkdatasys/audios/audio/20220412/16497652913262.wav"
        },
        {
          "text": "光明会将我们引向同一个终点。",
          "link": "//game.gtimg.cn/images/yxzj/zlkdatasys/audios/audio/20220412/16497653122843.mp3"
        },
        {
          "text": "我竟然会失败…...!",
          "link": "//game.gtimg.cn/images/yxzj/zlkdatasys/audios/audio/20220412/16497653841865.mp3"
        },
        {
          "text": "你躲得开吗",
          "link": "//game.gtimg.cn/images/yxzj/zlkdatasys/audios/audio/20220412/16497654634441.wav"
        },
        {
          "text": "往哪逃",
          "link": "//game.gtimg.cn/images/yxzj/zlkdatasys/audios/audio/20220412/16497654835535.wav"
        },
        {
          "text": "迅光三角剑！",
          "link": "//game.gtimg.cn/images/yxzj/zlkdatasys/audios/audio/20220412/16497656503518.wav"
        },
        {
          "text": "前进喷泉！",
          "link": "//game.gtimg.cn/images/yxzj/zlkdatasys/audios/audio/20220412/16497657572742.wav"
        },
        {
          "text": "命中要害！",
          "link": "//game.gtimg.cn/images/yxzj/zlkdatasys/audios/audio/20220412/16497658052774.wav"
        },
        {
          "text": "冲力光剑！",
          "link": "//game.gtimg.cn/images/yxzj/zlkdatasys/audios/audio/20220412/16497658469184.wav"
        },
        {
          "text": "你还太弱了",
          "link": "//game.gtimg.cn/images/yxzj/zlkdatasys/audios/audio/20220412/16497658846626.wav"
        },
        {
          "text": "太弱了",
          "link": "//game.gtimg.cn/images/yxzj/zlkdatasys/audios/audio/20220412/16497659475828.wav"
        },
        {
          "text": "破空光剑！",
          "link": "//game.gtimg.cn/images/yxzj/zlkdatasys/audios/audio/20220412/16497659871215.wav"
        },
        {
          "text": "就凭你，挡不住我。",
          "link": "//game.gtimg.cn/images/yxzj/zlkdatasys/audios/audio/20220412/16497660353780.wav"
        },
        {
          "text": "不用祷告！",
          "link": "//game.gtimg.cn/images/yxzj/zlkdatasys/audios/audio/20220412/16497661362616.wav"
        },
        {
          "text": "麻烦解决了！",
          "link": "//game.gtimg.cn/images/yxzj/zlkdatasys/audios/audio/20220412/16497662593233.wav"
        },
        {
          "text": "这才刚开始！",
          "link": "//game.gtimg.cn/images/yxzj/zlkdatasys/audios/audio/20220412/16497663128135.wav"
        },
        {
          "text": "七星光芒剑！",
          "link": "//game.gtimg.cn/images/yxzj/zlkdatasys/audios/audio/20220412/16497663466033.wav"
        },
        {
          "text": "别太得意！",
          "link": "//game.gtimg.cn/images/yxzj/zlkdatasys/audios/audio/20220412/16497663798440.wav"
        },
        {
          "text": "舒适的风~",
          "link": "//game.gtimg.cn/images/yxzj/zlkdatasys/audios/audio/20220412/16497664162996.wav"
        },
        {
          "text": "嗯~好香~",
          "link": "//game.gtimg.cn/images/yxzj/zlkdatasys/audios/audio/20220412/16497664498723.wav"
        },
        {
          "text": "站起来！这样就不行了？",
          "link": "//game.gtimg.cn/images/yxzj/zlkdatasys/audios/audio/20220412/16497664821022.wav"
        },
        {
          "text": "还算配得上我的对手~",
          "link": "//game.gtimg.cn/images/yxzj/zlkdatasys/audios/audio/20220412/16497665163528.wav"
        },
        {
          "text": "赌上荣耀！",
          "link": "//game.gtimg.cn/images/yxzj/zlkdatasys/audios/audio/20220412/16497665966444.wav"
        }
      ],
      "name": "原皮"
    },
    {
      "voice": [
        {
          "text": "诸神之战的号角已经吹响——战士们，随我前往英灵神殿！",
          "link": "//game.gtimg.cn/images/yxzj/zlkdatasys/audios/audio/20220415/16500170008933.mp3"
        },
        {
          "text": "为了世界重生的那天——迎战一切！",
          "link": "//game.gtimg.cn/images/yxzj/zlkdatasys/audios/audio/20220415/16500170166400.mp3"
        },
        {
          "text": "以神王奥丁之名，完成最后的使命！",
          "link": "//game.gtimg.cn/images/yxzj/zlkdatasys/audios/audio/20220415/16500170305813.mp3"
        },
        {
          "text": "剑带来的荣光，将诸世界震响。",
          "link": "//game.gtimg.cn/images/yxzj/zlkdatasys/audios/audio/20220412/16497676388003.wav"
        },
        {
          "text": "从我们之后，再不会有牺牲，也再不会有神。",
          "link": "//game.gtimg.cn/images/yxzj/zlkdatasys/audios/audio/20220412/16497676604576.wav"
        },
        {
          "text": "看见夜空中闪耀的极光了吗？那是我的姐妹们在战斗。",
          "link": "//game.gtimg.cn/images/yxzj/zlkdatasys/audios/audio/20220412/16497677005922.wav"
        },
        {
          "text": "磨光你们的铠甲，擦亮你们的剑",
          "link": "//game.gtimg.cn/images/yxzj/zlkdatasys/audios/audio/20220412/16497677548009.wav"
        },
        {
          "text": "英雄的结局就在这里！",
          "link": "//game.gtimg.cn/images/yxzj/zlkdatasys/audios/audio/20220412/16497677735006.wav"
        },
        {
          "text": "黄昏预言，命运挽歌......最后时刻，诸神静默。",
          "link": "//game.gtimg.cn/images/yxzj/zlkdatasys/audios/audio/20220412/16497678302882.wav"
        },
        {
          "text": "所有注定毁灭的，都将归于永恒。",
          "link": "//game.gtimg.cn/images/yxzj/zlkdatasys/audios/audio/20220412/16497678767002.wav"
        },
        {
          "text": "这个世界......仅有英雄是不够的。",
          "link": "//game.gtimg.cn/images/yxzj/zlkdatasys/audios/audio/20220412/16497678942877.wav"
        },
        {
          "text": "命运洪流不可阻挡，我的回答是……向前！",
          "link": "//game.gtimg.cn/images/yxzj/zlkdatasys/audios/audio/20220412/16497679158960.wav"
        },
        {
          "text": "为阿斯加德！",
          "link": "//game.gtimg.cn/images/yxzj/zlkdatasys/audios/audio/20220412/16497679872319.wav"
        },
        {
          "text": "迅光三角剑！",
          "link": "//game.gtimg.cn/images/yxzj/zlkdatasys/audios/audio/20220412/16497680659969.wav"
        },
        {
          "text": "进攻或灭亡！",
          "link": "//game.gtimg.cn/images/yxzj/zlkdatasys/audios/audio/20220412/16497681036779.wav"
        },
        {
          "text": "对抗邪恶！",
          "link": "//game.gtimg.cn/images/yxzj/zlkdatasys/audios/audio/20220412/16497681619954.wav"
        },
        {
          "text": "断他们的后路！",
          "link": "//game.gtimg.cn/images/yxzj/zlkdatasys/audios/audio/20220412/16497682193584.wav"
        },
        {
          "text": "切断退路！",
          "link": "//game.gtimg.cn/images/yxzj/zlkdatasys/audios/audio/20220412/16497682356085.wav"
        },
        {
          "text": "冲力光剑！",
          "link": "//game.gtimg.cn/images/yxzj/zlkdatasys/audios/audio/20220412/16497682793814.wav"
        },
        {
          "text": "前进喷泉！",
          "link": "//game.gtimg.cn/images/yxzj/zlkdatasys/audios/audio/20220412/16497683487596.wav"
        },
        {
          "text": "无惧命运！",
          "link": "//game.gtimg.cn/images/yxzj/zlkdatasys/audios/audio/20220412/16497683656229.wav"
        },
        {
          "text": "还不回头吗！",
          "link": "//game.gtimg.cn/images/yxzj/zlkdatasys/audios/audio/20220412/16497684037375.wav"
        },
        {
          "text": "破空光剑！",
          "link": "//game.gtimg.cn/images/yxzj/zlkdatasys/audios/audio/20220412/16497684256234.wav"
        },
        {
          "text": "长夜幽冥！",
          "link": "//game.gtimg.cn/images/yxzj/zlkdatasys/audios/audio/20220412/16497684472324.wav"
        },
        {
          "text": "留心你的处境！",
          "link": "//game.gtimg.cn/images/yxzj/zlkdatasys/audios/audio/20220412/16497684688320.wav"
        },
        {
          "text": "七星光芒剑！",
          "link": "//game.gtimg.cn/images/yxzj/zlkdatasys/audios/audio/20220412/16497685161829.wav"
        },
        {
          "text": "给我力量！",
          "link": "//game.gtimg.cn/images/yxzj/zlkdatasys/audios/audio/20220412/16497685439581.wav"
        },
        {
          "text": "终末之战！",
          "link": "//game.gtimg.cn/images/yxzj/zlkdatasys/audios/audio/20220412/16497686394041.wav"
        },
        {
          "text": "快逃吧，懦夫。",
          "link": "//game.gtimg.cn/images/yxzj/zlkdatasys/audios/audio/20220412/16497686897415.wav"
        },
        {
          "text": "为阿斯加德！",
          "link": "//game.gtimg.cn/images/yxzj/zlkdatasys/audios/audio/20220412/16497687303765.wav"
        },
        {
          "text": "见你的造物主去吧！",
          "link": "//game.gtimg.cn/images/yxzj/zlkdatasys/audios/audio/20220412/16497687555086.wav"
        },
        {
          "text": "舒适的风~",
          "link": "//game.gtimg.cn/images/yxzj/zlkdatasys/audios/audio/20220412/16497688117731.wav"
        },
        {
          "text": "最后一吻~",
          "link": "//game.gtimg.cn/images/yxzj/zlkdatasys/audios/audio/20220412/16497688314629.wav"
        },
        {
          "text": "一剑封喉！",
          "link": "//game.gtimg.cn/images/yxzj/zlkdatasys/audios/audio/20220412/16497688522837.wav"
        },
        {
          "text": "愿意和我一起，站在火焰的中心而不退却吗？",
          "link": "//game.gtimg.cn/images/yxzj/zlkdatasys/audios/audio/20220412/16497688846060.wav"
        },
        {
          "text": "不要后退，继续冲锋！",
          "link": "//game.gtimg.cn/images/yxzj/zlkdatasys/audios/audio/20220412/16497689293468.wav"
        }
      ],
      "name": "永昼"
    },
    {
      "voice": [
        {
          "text": "红月正当空……火照漫天，引魂觅踪！",
          "link": "//game.gtimg.cn/images/yxzj/zlkdatasys/audios/audio/20230418/16818128143023.mp3"
        },
        {
          "text": "告汝之名，诉汝之衷……阵开冥府，剑指归途！",
          "link": "//game.gtimg.cn/images/yxzj/zlkdatasys/audios/audio/20230418/16818128241889.mp3"
        },
        {
          "text": "吾之剑锋——达重壤幽泉，断前尘悲欢。",
          "link": "//game.gtimg.cn/images/yxzj/zlkdatasys/audios/audio/20230418/16818128369942.mp3"
        },
        {
          "text": "志四海怪谈，录古今异闻，以通物情人心。",
          "link": "//game.gtimg.cn/images/yxzj/zlkdatasys/audios/audio/20230418/16818032018102.mp3"
        },
        {
          "text": "埋身地白雪五尺，渡魂处赤华千重。",
          "link": "//game.gtimg.cn/images/yxzj/zlkdatasys/audios/audio/20230418/16818032482367.mp3"
        },
        {
          "text": "孤魂遐逝，存亡已殊；九泉莫叹，归去三途……",
          "link": "//game.gtimg.cn/images/yxzj/zlkdatasys/audios/audio/20230418/16818032729795.mp3"
        },
        {
          "text": "彼岸花开之途，可有…故人相候？",
          "link": "//game.gtimg.cn/images/yxzj/zlkdatasys/audios/audio/20230418/16818032935677.mp3"
        },
        {
          "text": "红月夜，照别离，人歌人哭河声里。",
          "link": "//game.gtimg.cn/images/yxzj/zlkdatasys/audios/audio/20230418/16818033183353.mp3"
        },
        {
          "text": "叶落当离，覆水不收；死生有别……莫再羁留。",
          "link": "//game.gtimg.cn/images/yxzj/zlkdatasys/audios/audio/20230418/16818033455742.mp3"
        },
        {
          "text": "执念缚魂久流离，神鬼亦然，何况于人。",
          "link": "//game.gtimg.cn/images/yxzj/zlkdatasys/audios/audio/20230418/16818033798683.mp3"
        },
        {
          "text": "人生至痛……莫过为亲者埋骨。",
          "link": "//game.gtimg.cn/images/yxzj/zlkdatasys/audios/audio/20230418/16818035952663.mp3"
        },
        {
          "text": "历代引渡之人，亦曾徘徊此岸？",
          "link": "//game.gtimg.cn/images/yxzj/zlkdatasys/audios/audio/20230418/16818036195677.mp3"
        },
        {
          "text": "黄泉如见君…犹能相识否？",
          "link": "//game.gtimg.cn/images/yxzj/zlkdatasys/audios/audio/20230418/16818036967943.mp3"
        },
        {
          "text": "红尘相忘，生死无常！",
          "link": "//game.gtimg.cn/images/yxzj/zlkdatasys/audios/audio/20230418/16818037774064.mp3"
        },
        {
          "text": "吾今作阵，万邪归藏！",
          "link": "//game.gtimg.cn/images/yxzj/zlkdatasys/audios/audio/20230418/16818045769222.mp3"
        },
        {
          "text": "火照三途！",
          "link": "//game.gtimg.cn/images/yxzj/zlkdatasys/audios/audio/20230418/16818046051313.mp3"
        },
        {
          "text": "渡灵！",
          "link": "//game.gtimg.cn/images/yxzj/zlkdatasys/audios/audio/20230418/16818046777254.mp3"
        },
        {
          "text": "渡执念，了尘缘！",
          "link": "//game.gtimg.cn/images/yxzj/zlkdatasys/audios/audio/20230418/16818046989904.mp3"
        },
        {
          "text": "诛邪！",
          "link": "//game.gtimg.cn/images/yxzj/zlkdatasys/audios/audio/20230418/16818047257150.mp3"
        },
        {
          "text": "诛无妄，罪不赦！",
          "link": "//game.gtimg.cn/images/yxzj/zlkdatasys/audios/audio/20230418/16818047526763.mp3"
        },
        {
          "text": "永决歧路！",
          "link": "//game.gtimg.cn/images/yxzj/zlkdatasys/audios/audio/20230418/16818048128910.mp3"
        },
        {
          "text": "斩世情三千！",
          "link": "//game.gtimg.cn/images/yxzj/zlkdatasys/audios/audio/20230418/16818048348431.mp3"
        },
        {
          "text": "诸恶莫作！",
          "link": "//game.gtimg.cn/images/yxzj/zlkdatasys/audios/audio/20230418/16818048914413.mp3"
        },
        {
          "text": "断尘劫万万！",
          "link": "//game.gtimg.cn/images/yxzj/zlkdatasys/audios/audio/20230418/16818049193876.mp3"
        },
        {
          "text": "往生之阵！",
          "link": "//game.gtimg.cn/images/yxzj/zlkdatasys/audios/audio/20230418/16818049434018.mp3"
        },
        {
          "text": "入此阵者，妖神皆渡！",
          "link": "//game.gtimg.cn/images/yxzj/zlkdatasys/audios/audio/20230418/16818049662372.mp3"
        },
        {
          "text": "幽冥之界！",
          "link": "//game.gtimg.cn/images/yxzj/zlkdatasys/audios/audio/20230418/16818049897531.mp3"
        },
        {
          "text": "见此花者，罪业尽除！",
          "link": "//game.gtimg.cn/images/yxzj/zlkdatasys/audios/audio/20230418/16818050383538.mp3"
        },
        {
          "text": "永不凋零之花，永无复返之人……",
          "link": "//game.gtimg.cn/images/yxzj/zlkdatasys/audios/audio/20230418/16818050746289.mp3"
        },
        {
          "text": "香在无心处。",
          "link": "//game.gtimg.cn/images/yxzj/zlkdatasys/audios/audio/20230418/16818051291216.mp3"
        },
        {
          "text": "执剑渡无常，方知无常为常。",
          "link": "//game.gtimg.cn/images/yxzj/zlkdatasys/audios/audio/20230418/16818051819575.mp3"
        },
        {
          "text": "近来诸事不平，原来是尔等在此作怪？",
          "link": "//game.gtimg.cn/images/yxzj/zlkdatasys/audios/audio/20230418/16818052555700.mp3"
        },
        {
          "text": "彼岸已近，何故羁留？",
          "link": "//game.gtimg.cn/images/yxzj/zlkdatasys/audios/audio/20230418/16818052868572.mp3"
        },
        {
          "text": "念尔飘零，还不归去？",
          "link": "//game.gtimg.cn/images/yxzj/zlkdatasys/audios/audio/20230418/16818053017594.mp3"
        },
        {
          "text": "哼，冥顽不化。",
          "link": "//game.gtimg.cn/images/yxzj/zlkdatasys/audios/audio/20230418/16818053284608.mp3"
        },
        {
          "text": "人间之事尚且未了……此际绝非葬剑之时。",
          "link": "//game.gtimg.cn/images/yxzj/zlkdatasys/audios/audio/20230418/16818053567054.mp3"
        },
        {
          "text": "黄泉无日月，旧忆作微光。",
          "link": "//game.gtimg.cn/images/yxzj/zlkdatasys/audios/audio/20230418/16818053834215.mp3"
        },
        {
          "text": "莫向此间寻，故人只在心。",
          "link": "//game.gtimg.cn/images/yxzj/zlkdatasys/audios/audio/20230418/16818055475649.mp3"
        },
        {
          "text": "闻君此语，无憾于世，无憾故人……",
          "link": "//game.gtimg.cn/images/yxzj/zlkdatasys/audios/audio/20230418/16818055739383.mp3"
        },
        {
          "text": "遍览百物语，观尽世间情。",
          "link": "//game.gtimg.cn/images/yxzj/zlkdatasys/audios/audio/20230418/16818055956164.mp3"
        }
      ],
      "name": "浮生妄"
    }
  ]
}