{
  "data": [
    {
      "voice": [
        {
          "text": "我命由我！",
          "link": "//game.gtimg.cn/images/yxzj/zlkdatasys/audios/audio/20220407/16493220297178.wav"
        },
        {
          "text": "力拔山兮气盖世！",
          "link": "//game.gtimg.cn/images/yxzj/zlkdatasys/audios/audio/20220407/16493220623839.wav"
        },
        {
          "text": "对自己的男儿气魄，无比自信哈哈哈哈",
          "link": "//game.gtimg.cn/images/yxzj/zlkdatasys/audios/audio/20220407/16493220838604.wav"
        },
        {
          "text": "天不容我，我必逆天！",
          "link": "//game.gtimg.cn/images/yxzj/zlkdatasys/audios/audio/20220407/16493221061925.wav"
        },
        {
          "text": "命运？不配做我的对手！",
          "link": "//game.gtimg.cn/images/yxzj/zlkdatasys/audios/audio/20220407/16493221446264.wav"
        },
        {
          "text": "谁与争锋！",
          "link": "//game.gtimg.cn/images/yxzj/zlkdatasys/audios/audio/20220407/16493221946411.wav"
        },
        {
          "text": "将这混乱的时代拉回正轨。",
          "link": "//game.gtimg.cn/images/yxzj/zlkdatasys/audios/audio/20220407/16493222224806.wav"
        },
        {
          "text": "来，做个了断吧！",
          "link": "//game.gtimg.cn/images/yxzj/zlkdatasys/audios/audio/20220407/16493222468608.wav"
        },
        {
          "text": "灭了他们！",
          "link": "//game.gtimg.cn/images/yxzj/zlkdatasys/audios/audio/20220407/16493227239955.wav"
        },
        {
          "text": "破釜沉舟",
          "link": "//game.gtimg.cn/images/yxzj/zlkdatasys/audios/audio/20220407/16493231024665.wav"
        },
        {
          "text": "霸王本色！！！",
          "link": "//game.gtimg.cn/images/yxzj/zlkdatasys/audios/audio/20220407/16493231228350.wav"
        },
        {
          "text": "与我为敌的下场！",
          "link": "//game.gtimg.cn/images/yxzj/zlkdatasys/audios/audio/20220407/16493231463088.wav"
        },
        {
          "text": "贯穿你身体的，是信念！",
          "link": "//game.gtimg.cn/images/yxzj/zlkdatasys/audios/audio/20220407/16493231637985.wav"
        },
        {
          "text": "来场五杀活动活动筋骨.",
          "link": "//game.gtimg.cn/images/yxzj/zlkdatasys/audios/audio/20220407/16493236917807.wav"
        }
      ],
      "name": "原皮"
    },
    {
      "voice": [
        {
          "text": "力拔山兮气盖世",
          "link": "//game.gtimg.cn/images/yxzj/zlkdatasys/audios/audio/20220407/16493234165272.wav"
        },
        {
          "text": "四面楚歌起，英雄战末路~",
          "link": "//game.gtimg.cn/images/yxzj/zlkdatasys/audios/audio/20220407/16493234325578.wav"
        },
        {
          "text": "天亡我楚，非战之罪也",
          "link": "//game.gtimg.cn/images/yxzj/zlkdatasys/audios/audio/20220407/16493234494260.wav"
        },
        {
          "text": "骓不逝兮可奈何，虞兮虞兮奈若何",
          "link": "//game.gtimg.cn/images/yxzj/zlkdatasys/audios/audio/20220407/16493234662310.wav"
        },
        {
          "text": "八千子弟何在！",
          "link": "//game.gtimg.cn/images/yxzj/zlkdatasys/audios/audio/20220407/16493234819383.wav"
        },
        {
          "text": "逐鹿中原，不知鹿死谁手！",
          "link": "//game.gtimg.cn/images/yxzj/zlkdatasys/audios/audio/20220407/16493234998711.wav"
        },
        {
          "text": "枪挑了汉营中数员上将，虽英勇怎提防十面埋藏",
          "link": "//game.gtimg.cn/images/yxzj/zlkdatasys/audios/audio/20220407/16493235264996.wav"
        },
        {
          "text": "田园将芜胡不归。虞姬，你可有悔~",
          "link": "//game.gtimg.cn/images/yxzj/zlkdatasys/audios/audio/20220407/16493235446134.wav"
        },
        {
          "text": "今日，你我当别~",
          "link": "//game.gtimg.cn/images/yxzj/zlkdatasys/audios/audio/20220407/16493235708310.wav"
        },
        {
          "text": "一人能挡百万军",
          "link": "//game.gtimg.cn/images/yxzj/zlkdatasys/audios/audio/20220407/16493235918872.wav"
        },
        {
          "text": "起兵，破汉！",
          "link": "//game.gtimg.cn/images/yxzj/zlkdatasys/audios/audio/20220407/16493236088928.wav"
        },
        {
          "text": "尔等，只配随葬！",
          "link": "//game.gtimg.cn/images/yxzj/zlkdatasys/audios/audio/20220407/16493236439896.wav"
        }
      ],
      "name": "霸王别姬"
    },
    {
      "voice": [
        {
          "text": "圣哉，万众之王。",
          "link": "//game.gtimg.cn/images/yxzj/zlkdatasys/audios/audio/20220413/16498494329765.mp3"
        },
        {
          "text": "至高的造物",
          "link": "//game.gtimg.cn/images/yxzj/zlkdatasys/audios/audio/20220413/16498494444636.mp3"
        },
        {
          "text": "信仰与光明同长。",
          "link": "//game.gtimg.cn/images/yxzj/zlkdatasys/audios/audio/20220413/16498494563896.mp3"
        },
        {
          "text": "预言会对灾难做出判断。",
          "link": "//game.gtimg.cn/images/yxzj/zlkdatasys/audios/audio/20220407/16493282387912.wav"
        },
        {
          "text": "时光消亡，灵魂不朽。",
          "link": "//game.gtimg.cn/images/yxzj/zlkdatasys/audios/audio/20220407/16493282572285.wav"
        },
        {
          "text": "此处是我唯独钟爱的世界。",
          "link": "//game.gtimg.cn/images/yxzj/zlkdatasys/audios/audio/20220407/16493282753943.wav"
        },
        {
          "text": "爱就是生命。",
          "link": "//game.gtimg.cn/images/yxzj/zlkdatasys/audios/audio/20220407/16493283003351.wav"
        },
        {
          "text": "你是魔鬼吗？",
          "link": "//game.gtimg.cn/images/yxzj/zlkdatasys/audios/audio/20220407/16493283233534.wav"
        },
        {
          "text": "碎裂苍穹！",
          "link": "//game.gtimg.cn/images/yxzj/zlkdatasys/audios/audio/20220407/16493283592013.wav"
        },
        {
          "text": "敬畏光明！",
          "link": "//game.gtimg.cn/images/yxzj/zlkdatasys/audios/audio/20220407/16493284036053.wav"
        },
        {
          "text": "扭转命运的走向！",
          "link": "//game.gtimg.cn/images/yxzj/zlkdatasys/audios/audio/20220407/16493284291713.wav"
        },
        {
          "text": "审判将至！",
          "link": "//game.gtimg.cn/images/yxzj/zlkdatasys/audios/audio/20220407/16493284513622.wav"
        },
        {
          "text": "不知悔改的后果！",
          "link": "//game.gtimg.cn/images/yxzj/zlkdatasys/audios/audio/20220407/16493284868873.wav"
        },
        {
          "text": "死亡是你唯一的救赎。",
          "link": "//game.gtimg.cn/images/yxzj/zlkdatasys/audios/audio/20220407/16493285123590.wav"
        }
      ],
      "name": "苍穹之光"
    },
    {
      "voice": [
        {
          "text": "原来，这是一场为了再聚的旅行……天云彼方，皆是注定",
          "link": "//game.gtimg.cn/images/yxzj/zlkdatasys/audios/audio/20230216/16765291482874.mp3"
        },
        {
          "text": "无论重来多少次……天的末端，只有你！",
          "link": "//game.gtimg.cn/images/yxzj/zlkdatasys/audios/audio/20230216/16765291772161.mp3"
        },
        {
          "text": "（又到了那个梦境的终点……）这一次，绝不再回到起始",
          "link": "//game.gtimg.cn/images/yxzj/zlkdatasys/audios/audio/20230216/16765292062455.mp3"
        },
        {
          "text": "时间特派我打破循环",
          "link": "//game.gtimg.cn/images/yxzj/zlkdatasys/audios/audio/20230215/16764476992214.mp3"
        },
        {
          "text": "时刻注意，浪漫与危险的双重伪装",
          "link": "//game.gtimg.cn/images/yxzj/zlkdatasys/audios/audio/20230215/16764477157356.mp3"
        },
        {
          "text": "未至终点，就不是终局",
          "link": "//game.gtimg.cn/images/yxzj/zlkdatasys/audios/audio/20230215/16764477353156.mp3"
        },
        {
          "text": "在各自为战的领域里，也所向披靡",
          "link": "//game.gtimg.cn/images/yxzj/zlkdatasys/audios/audio/20230215/16764477544317.mp3"
        },
        {
          "text": "只要想念，就是在身边",
          "link": "//game.gtimg.cn/images/yxzj/zlkdatasys/audios/audio/20230215/16764477937301.mp3"
        },
        {
          "text": "最遥远的两个星系，也会穿越光年以星光为聚",
          "link": "//game.gtimg.cn/images/yxzj/zlkdatasys/audios/audio/20230215/16764478157376.mp3"
        },
        {
          "text": "就算遗忘，也无法阻止对抗",
          "link": "//game.gtimg.cn/images/yxzj/zlkdatasys/audios/audio/20230215/16764478369800.mp3"
        },
        {
          "text": "默契，无关远近",
          "link": "//game.gtimg.cn/images/yxzj/zlkdatasys/audios/audio/20230215/16764478626793.mp3"
        },
        {
          "text": "朝深空坠落",
          "link": "//game.gtimg.cn/images/yxzj/zlkdatasys/audios/audio/20230215/16764478928877.mp3"
        },
        {
          "text": "天穹之上，会有回望",
          "link": "//game.gtimg.cn/images/yxzj/zlkdatasys/audios/audio/20230215/16764479503651.mp3"
        },
        {
          "text": "把昨天放进回忆",
          "link": "//game.gtimg.cn/images/yxzj/zlkdatasys/audios/audio/20230215/16764479841412.mp3"
        },
        {
          "text": "今日重启",
          "link": "//game.gtimg.cn/images/yxzj/zlkdatasys/audios/audio/20230215/16764480103805.mp3"
        },
        {
          "text": "无惧向命运再次宣战",
          "link": "//game.gtimg.cn/images/yxzj/zlkdatasys/audios/audio/20230215/16764480436215.mp3"
        },
        {
          "text": "昨天，今日，和她在的未来",
          "link": "//game.gtimg.cn/images/yxzj/zlkdatasys/audios/audio/20230215/16764480791242.mp3"
        },
        {
          "text": "挺住，我来了",
          "link": "//game.gtimg.cn/images/yxzj/zlkdatasys/audios/audio/20230215/16764481095555.mp3"
        },
        {
          "text": "只要召唤，必定回应",
          "link": "//game.gtimg.cn/images/yxzj/zlkdatasys/audios/audio/20230215/16764481406427.mp3"
        },
        {
          "text": "为了新世界",
          "link": "//game.gtimg.cn/images/yxzj/zlkdatasys/audios/audio/20230215/16764481646303.mp3"
        },
        {
          "text": "斩断天际！",
          "link": "//game.gtimg.cn/images/yxzj/zlkdatasys/audios/audio/20230215/16764482839478.mp3"
        },
        {
          "text": "永不言弃！",
          "link": "//game.gtimg.cn/images/yxzj/zlkdatasys/audios/audio/20230215/16764483103839.mp3"
        },
        {
          "text": "时空往复，就此终结",
          "link": "//game.gtimg.cn/images/yxzj/zlkdatasys/audios/audio/20230215/16764483331343.mp3"
        },
        {
          "text": "逆转未来！",
          "link": "//game.gtimg.cn/images/yxzj/zlkdatasys/audios/audio/20230215/16764483693869.mp3"
        },
        {
          "text": "开创新纪元",
          "link": "//game.gtimg.cn/images/yxzj/zlkdatasys/audios/audio/20230215/16764483885095.mp3"
        },
        {
          "text": "并肩同行！",
          "link": "//game.gtimg.cn/images/yxzj/zlkdatasys/audios/audio/20230215/16764484095261.mp3"
        },
        {
          "text": "装备齐整，即刻出发",
          "link": "//game.gtimg.cn/images/yxzj/zlkdatasys/audios/audio/20230215/16764484405368.mp3"
        },
        {
          "text": "梦境监测显示，你出现过无数次",
          "link": "//game.gtimg.cn/images/yxzj/zlkdatasys/audios/audio/20230215/16764484689999.mp3"
        },
        {
          "text": "每次相遇，都抵不过分离",
          "link": "//game.gtimg.cn/images/yxzj/zlkdatasys/audios/audio/20230215/16764484878559.mp3"
        },
        {
          "text": "嗨，又见面了",
          "link": "//game.gtimg.cn/images/yxzj/zlkdatasys/audios/audio/20230215/16764485057465.mp3"
        }
      ],
      "name": "无限倾心"
    }
  ]
}