{
  "data": [
    {
      "voice": [
        {
          "text": "恋爱和战斗，都要勇往直前！",
          "link": "//game.gtimg.cn/images/yxzj/zlkdatasys/audios/audio/20220412/16497340698003.wav"
        },
        {
          "text": "花会枯萎，爱永不凋零！",
          "link": "//game.gtimg.cn/images/yxzj/zlkdatasys/audios/audio/20220412/16497340861866.wav"
        },
        {
          "text": "小乔，要努力变强！",
          "link": "//game.gtimg.cn/images/yxzj/zlkdatasys/audios/audio/20220412/16497341017816.wav"
        },
        {
          "text": "今天，也要打起精神来！",
          "link": "//game.gtimg.cn/images/yxzj/zlkdatasys/audios/audio/20220412/16497341177407.wav"
        },
        {
          "text": "希望和奇迹是存在的！",
          "link": "//game.gtimg.cn/images/yxzj/zlkdatasys/audios/audio/20220412/16497341321702.wav"
        },
        {
          "text": "你不是孤单一个人！",
          "link": "//game.gtimg.cn/images/yxzj/zlkdatasys/audios/audio/20220412/16497341456916.wav"
        },
        {
          "text": "赶快胜利，接下来就是两个人的时间咯！",
          "link": "//game.gtimg.cn/images/yxzj/zlkdatasys/audios/audio/20220412/16497341574996.wav"
        },
        {
          "text": "恋爱，可是门高深莫测的学问哟。",
          "link": "//game.gtimg.cn/images/yxzj/zlkdatasys/audios/audio/20220412/16497341726834.wav"
        },
        {
          "text": "周瑜大人……",
          "link": "//game.gtimg.cn/images/yxzj/zlkdatasys/audios/audio/20220412/16497341906566.wav"
        },
        {
          "text": "风，听从我的呼唤！",
          "link": "//game.gtimg.cn/images/yxzj/zlkdatasys/audios/audio/20220412/16497342174924.wav"
        },
        {
          "text": "体验下飞升的感觉，嘻嘻~",
          "link": "//game.gtimg.cn/images/yxzj/zlkdatasys/audios/audio/20220412/16497342323720.wav"
        },
        {
          "text": "流星，回应少女的祈愿吧！",
          "link": "//game.gtimg.cn/images/yxzj/zlkdatasys/audios/audio/20220412/16497342462259.wav"
        },
        {
          "text": "代表大人，消灭你们！",
          "link": "//game.gtimg.cn/images/yxzj/zlkdatasys/audios/audio/20220412/16497342604710.wav"
        },
        {
          "text": "一个人孤单的蹲在草丛里，是失恋了吗？",
          "link": "//game.gtimg.cn/images/yxzj/zlkdatasys/audios/audio/20220412/16497342751442.wav"
        }
      ],
      "name": "原皮"
    },
    {
      "voice": [
        {
          "text": "夏天和生活，同样缤纷",
          "link": "//game.gtimg.cn/images/yxzj/zlkdatasys/audios/audio/20220412/16497347368755.wav"
        },
        {
          "text": "涂抹所有幻想色彩",
          "link": "//game.gtimg.cn/images/yxzj/zlkdatasys/audios/audio/20220412/16497347517114.wav"
        },
        {
          "text": "重回纯真年代",
          "link": "//game.gtimg.cn/images/yxzj/zlkdatasys/audios/audio/20220412/16497347646648.wav"
        },
        {
          "text": "彩虹，那是梦的倒影",
          "link": "//game.gtimg.cn/images/yxzj/zlkdatasys/audios/audio/20220412/16497347774849.wav"
        },
        {
          "text": "即使你不在身边，我也要努力欢笑",
          "link": "//game.gtimg.cn/images/yxzj/zlkdatasys/audios/audio/20220412/16497347915130.mp3"
        },
        {
          "text": "闪耀着，绽放着，在天涯海角",
          "link": "//game.gtimg.cn/images/yxzj/zlkdatasys/audios/audio/20220412/16497348058373.mp3"
        },
        {
          "text": "蝴蝶结丝带装饰的礼物，你会喜欢吗？",
          "link": "//game.gtimg.cn/images/yxzj/zlkdatasys/audios/audio/20220412/16497348218368.mp3"
        },
        {
          "text": "所有人都曾是小孩，虽然只有少数人记得",
          "link": "//game.gtimg.cn/images/yxzj/zlkdatasys/audios/audio/20220412/16497348356074.mp3"
        },
        {
          "text": "下次再见咯",
          "link": "//game.gtimg.cn/images/yxzj/zlkdatasys/audios/audio/20220412/16497348668866.wav"
        },
        {
          "text": "海风会绊脚哦",
          "link": "//game.gtimg.cn/images/yxzj/zlkdatasys/audios/audio/20220412/16497348861155.wav"
        },
        {
          "text": "套圈圈的沙滩游戏",
          "link": "//game.gtimg.cn/images/yxzj/zlkdatasys/audios/audio/20220412/16497348983121.wav"
        },
        {
          "text": "浇个透心凉~",
          "link": "//game.gtimg.cn/images/yxzj/zlkdatasys/audios/audio/20220412/16497349115829.wav"
        },
        {
          "text": "记得防晒哟",
          "link": "//game.gtimg.cn/images/yxzj/zlkdatasys/audios/audio/20220412/16497349278364.wav"
        },
        {
          "text": "美好假期里还在写作业的，只剩你罗",
          "link": "//game.gtimg.cn/images/yxzj/zlkdatasys/audios/audio/20220412/16497349439127.mp3"
        }
      ],
      "name": "缤纷独角兽"
    },
    {
      "voice": [
        {
          "text": "此刻，成为你最美的新娘~",
          "link": "//game.gtimg.cn/images/yxzj/zlkdatasys/audios/audio/20220412/16497353442437.wav"
        },
        {
          "text": "爱他，陪伴他~矢志不渝",
          "link": "//game.gtimg.cn/images/yxzj/zlkdatasys/audios/audio/20220412/16497353616728.wav"
        },
        {
          "text": "欢迎回家！周瑜大人",
          "link": "//game.gtimg.cn/images/yxzj/zlkdatasys/audios/audio/20220412/16497353759822.wav"
        },
        {
          "text": "永远做彼此的天使。",
          "link": "//game.gtimg.cn/images/yxzj/zlkdatasys/audios/audio/20220412/16497353908200.wav"
        },
        {
          "text": "喜欢，嗯，就是想做你新娘子的那种喜欢！",
          "link": "//game.gtimg.cn/images/yxzj/zlkdatasys/audios/audio/20220412/16497354027141.wav"
        },
        {
          "text": "觊觎都督是犯规的，小乔，小乔会生气哟！",
          "link": "//game.gtimg.cn/images/yxzj/zlkdatasys/audios/audio/20220412/16497354215464.wav"
        },
        {
          "text": "这么幸福，前世一定拯救了银河系~",
          "link": "//game.gtimg.cn/images/yxzj/zlkdatasys/audios/audio/20220412/16497354369649.wav"
        },
        {
          "text": "无法让步的有两件事：幸福和周瑜大人！",
          "link": "//game.gtimg.cn/images/yxzj/zlkdatasys/audios/audio/20220412/16497354518476.wav"
        },
        {
          "text": "微笑，留给你……",
          "link": "//game.gtimg.cn/images/yxzj/zlkdatasys/audios/audio/20220412/16497354672434.wav"
        },
        {
          "text": "爱的抱抱！",
          "link": "//game.gtimg.cn/images/yxzj/zlkdatasys/audios/audio/20220412/16497354892195.wav"
        },
        {
          "text": "幸福，传递",
          "link": "//game.gtimg.cn/images/yxzj/zlkdatasys/audios/audio/20220412/16497355024545.wav"
        },
        {
          "text": "接住哟，新娘花束！",
          "link": "//game.gtimg.cn/images/yxzj/zlkdatasys/audios/audio/20220412/16497355155676.wav"
        },
        {
          "text": "恋爱，就要轰轰烈烈",
          "link": "//game.gtimg.cn/images/yxzj/zlkdatasys/audios/audio/20220412/16497355305017.wav"
        },
        {
          "text": "发糖咯~甜吗？",
          "link": "//game.gtimg.cn/images/yxzj/zlkdatasys/audios/audio/20220412/16497355426392.wav"
        },
        {
          "text": "不懂爱的家伙",
          "link": "//game.gtimg.cn/images/yxzj/zlkdatasys/audios/audio/20220412/16497355533707.wav"
        },
        {
          "text": "据说，扮演坏蛋的家伙，都缺爱~",
          "link": "//game.gtimg.cn/images/yxzj/zlkdatasys/audios/audio/20220412/16497355686537.wav"
        }
      ],
      "name": "纯白花嫁"
    },
    {
      "voice": [
        {
          "text": "一半高贵，一半纯情",
          "link": "//game.gtimg.cn/images/yxzj/zlkdatasys/audios/audio/20220415/16499908236603.mp3"
        },
        {
          "text": "真爱，有毒哟。",
          "link": "//game.gtimg.cn/images/yxzj/zlkdatasys/audios/audio/20220415/16499908326281.mp3"
        },
        {
          "text": "黑暗而优雅！",
          "link": "//game.gtimg.cn/images/yxzj/zlkdatasys/audios/audio/20220415/16499908444723.mp3"
        },
        {
          "text": "来曲开场舞，至死方休！",
          "link": "//game.gtimg.cn/images/yxzj/zlkdatasys/audios/audio/20220412/16497453425461.mp3"
        },
        {
          "text": "啊，叫爱情的传染病，在王者世界蔓延。",
          "link": "//game.gtimg.cn/images/yxzj/zlkdatasys/audios/audio/20220412/16497453603630.mp3"
        },
        {
          "text": "我是天鹅公主，其余家伙都在为我跑龙套",
          "link": "//game.gtimg.cn/images/yxzj/zlkdatasys/audios/audio/20220412/16497453786439.mp3"
        },
        {
          "text": "叫声青蛙，真把自己当王子？",
          "link": "//game.gtimg.cn/images/yxzj/zlkdatasys/audios/audio/20220412/16497453931093.mp3"
        },
        {
          "text": "这支舞结束后，我们就道别。",
          "link": "//game.gtimg.cn/images/yxzj/zlkdatasys/audios/audio/20220412/16497454208742.mp3"
        },
        {
          "text": "最美的舞，要献给最爱的人。",
          "link": "//game.gtimg.cn/images/yxzj/zlkdatasys/audios/audio/20220412/16497454386616.mp3"
        },
        {
          "text": "呵呵，真是让人愉快呢。",
          "link": "//game.gtimg.cn/images/yxzj/zlkdatasys/audios/audio/20220412/16497454584638.mp3"
        },
        {
          "text": "我的王子，人家好怕。",
          "link": "//game.gtimg.cn/images/yxzj/zlkdatasys/audios/audio/20220412/16497454735753.wav"
        },
        {
          "text": "天鹅的眼泪。",
          "link": "//game.gtimg.cn/images/yxzj/zlkdatasys/audios/audio/20220412/16497454921248.mp3"
        },
        {
          "text": "惹怒我的后果，很严重哦。",
          "link": "//game.gtimg.cn/images/yxzj/zlkdatasys/audios/audio/20220412/16497455041512.mp3"
        },
        {
          "text": "好开心，想要旋转跳跃一整天。",
          "link": "//game.gtimg.cn/images/yxzj/zlkdatasys/audios/audio/20220412/16497455172904.mp3"
        },
        {
          "text": "不错不错",
          "link": "//game.gtimg.cn/images/yxzj/zlkdatasys/audios/audio/20220412/16497455336779.wav"
        },
        {
          "text": "优雅的挥手",
          "link": "//game.gtimg.cn/images/yxzj/zlkdatasys/audios/audio/20220412/16497455466706.wav"
        },
        {
          "text": "大写的拒绝。",
          "link": "//game.gtimg.cn/images/yxzj/zlkdatasys/audios/audio/20220412/16497455581843.wav"
        },
        {
          "text": "画个圈圈祝福你。",
          "link": "//game.gtimg.cn/images/yxzj/zlkdatasys/audios/audio/20220412/16497455729110.mp3"
        },
        {
          "text": "见过天鹅跳小草舞吗。",
          "link": "//game.gtimg.cn/images/yxzj/zlkdatasys/audios/audio/20220412/16497455861448.mp3"
        },
        {
          "text": "美妙的魔法，要试试吗？",
          "link": "//game.gtimg.cn/images/yxzj/zlkdatasys/audios/audio/20220412/16497455989757.mp3"
        },
        {
          "text": "天鹅之舞，永不落幕。",
          "link": "//game.gtimg.cn/images/yxzj/zlkdatasys/audios/audio/20220412/16497456125104.mp3"
        },
        {
          "text": "诅咒，解除……",
          "link": "//game.gtimg.cn/images/yxzj/zlkdatasys/audios/audio/20220412/16497457306994.mp3"
        },
        {
          "text": "优雅的落幕",
          "link": "//game.gtimg.cn/images/yxzj/zlkdatasys/audios/audio/20220412/16497457516119.wav"
        },
        {
          "text": "旋转，华尔兹",
          "link": "//game.gtimg.cn/images/yxzj/zlkdatasys/audios/audio/20220412/16497458017771.wav"
        },
        {
          "text": "无法停止的飞翔",
          "link": "//game.gtimg.cn/images/yxzj/zlkdatasys/audios/audio/20220412/16497458166278.wav"
        },
        {
          "text": "飞翔圆舞曲。",
          "link": "//game.gtimg.cn/images/yxzj/zlkdatasys/audios/audio/20220412/16497458344309.wav"
        },
        {
          "text": "绽放生命，旋转不停。",
          "link": "//game.gtimg.cn/images/yxzj/zlkdatasys/audios/audio/20220412/16497458498912.mp3"
        },
        {
          "text": "拥抱自由",
          "link": "//game.gtimg.cn/images/yxzj/zlkdatasys/audios/audio/20220412/16497458684169.wav"
        },
        {
          "text": "张开双翼！",
          "link": "//game.gtimg.cn/images/yxzj/zlkdatasys/audios/audio/20220412/16497459095712.wav"
        },
        {
          "text": "释放天性！",
          "link": "//game.gtimg.cn/images/yxzj/zlkdatasys/audios/audio/20220412/16497459224699.wav"
        },
        {
          "text": "超越完美！",
          "link": "//game.gtimg.cn/images/yxzj/zlkdatasys/audios/audio/20220412/16497459343260.wav"
        },
        {
          "text": "愿望成真",
          "link": "//game.gtimg.cn/images/yxzj/zlkdatasys/audios/audio/20220412/16497459525780.wav"
        },
        {
          "text": "真爱降临",
          "link": "//game.gtimg.cn/images/yxzj/zlkdatasys/audios/audio/20220412/16497470539954.wav"
        },
        {
          "text": "来个吻别~",
          "link": "//game.gtimg.cn/images/yxzj/zlkdatasys/audios/audio/20220412/16497460295677.wav"
        },
        {
          "text": "死神缺个舞伴",
          "link": "//game.gtimg.cn/images/yxzj/zlkdatasys/audios/audio/20220412/16497460837515.wav"
        },
        {
          "text": "哇，癞蛤蟆想吃天鹅肉~~",
          "link": "//game.gtimg.cn/images/yxzj/zlkdatasys/audios/audio/20220412/16497461031579.mp3"
        },
        {
          "text": "你就是，他们说的那只丑小鸭？",
          "link": "//game.gtimg.cn/images/yxzj/zlkdatasys/audios/audio/20220412/16497461224471.mp3"
        }
      ],
      "name": "天鹅之梦"
    },
    {
      "voice": [
        {
          "text": "西子湖畔，再续前缘",
          "link": "//game.gtimg.cn/images/yxzj/zlkdatasys/audios/audio/20220415/16499908783837.mp3"
        },
        {
          "text": "因缘而起，因念而生",
          "link": "//game.gtimg.cn/images/yxzj/zlkdatasys/audios/audio/20220415/16499908889298.mp3"
        },
        {
          "text": "人间百转，爱你如初~",
          "link": "//game.gtimg.cn/images/yxzj/zlkdatasys/audios/audio/20220415/16499908977443.mp3"
        },
        {
          "text": "来吧，了却生生世世的羁绊",
          "link": "//game.gtimg.cn/images/yxzj/zlkdatasys/audios/audio/20220412/16497463684199.wav"
        },
        {
          "text": "爱他，就要一直缠着他、绕着他！",
          "link": "//game.gtimg.cn/images/yxzj/zlkdatasys/audios/audio/20220412/16497463822770.mp3"
        },
        {
          "text": "问世间情为何物，不过一物降一物~",
          "link": "//game.gtimg.cn/images/yxzj/zlkdatasys/audios/audio/20220412/16497463971359.mp3"
        },
        {
          "text": "喜欢一个人，才不要只藏心里！",
          "link": "//game.gtimg.cn/images/yxzj/zlkdatasys/audios/audio/20220412/16497464124118.wav"
        },
        {
          "text": "姐姐说，时刻要把尾巴藏好~",
          "link": "//game.gtimg.cn/images/yxzj/zlkdatasys/audios/audio/20220412/16497464318523.wav"
        },
        {
          "text": "天大地大，姐妹最大！",
          "link": "//game.gtimg.cn/images/yxzj/zlkdatasys/audios/audio/20220412/16497464443423.wav"
        },
        {
          "text": "修炼还不够……",
          "link": "//game.gtimg.cn/images/yxzj/zlkdatasys/audios/audio/20220412/16497464601888.wav"
        },
        {
          "text": "吓你一跳~！",
          "link": "//game.gtimg.cn/images/yxzj/zlkdatasys/audios/audio/20220412/16497464839388.wav"
        },
        {
          "text": "小心，地上有蛇~",
          "link": "//game.gtimg.cn/images/yxzj/zlkdatasys/audios/audio/20220412/16497465119102.wav"
        },
        {
          "text": "雨打荷叶喽~~",
          "link": "//game.gtimg.cn/images/yxzj/zlkdatasys/audios/audio/20220412/16497465235785.wav"
        },
        {
          "text": "淋雨太多，脑袋会进水噢~",
          "link": "//game.gtimg.cn/images/yxzj/zlkdatasys/audios/audio/20220412/16497465356683.wav"
        },
        {
          "text": "你，不懂爱！",
          "link": "//game.gtimg.cn/images/yxzj/zlkdatasys/audios/audio/20220412/16497465594830.wav"
        },
        {
          "text": "你和胜利，属于有缘无份~",
          "link": "//game.gtimg.cn/images/yxzj/zlkdatasys/audios/audio/20220412/16497465728832.wav"
        },
        {
          "text": "起~飞~咯~~~",
          "link": "//game.gtimg.cn/images/yxzj/zlkdatasys/audios/audio/20220412/16497465866574.wav"
        },
        {
          "text": "只要小青在，就不许别人欺负姐姐！",
          "link": "//game.gtimg.cn/images/yxzj/zlkdatasys/audios/audio/20220412/16497466017346.wav"
        }
      ],
      "name": "青蛇"
    },
    {
      "voice": [
        {
          "text": "你听到了吗？是我们~",
          "link": "//game.gtimg.cn/images/yxzj/zlkdatasys/audios/audio/20220415/16499909255227.mp3"
        },
        {
          "text": "看完这场演出，就去告白好吗！",
          "link": "//game.gtimg.cn/images/yxzj/zlkdatasys/audios/audio/20220415/16499909351623.mp3"
        },
        {
          "text": "爱与理想，从不辜负！",
          "link": "//game.gtimg.cn/images/yxzj/zlkdatasys/audios/audio/20220415/16499909504488.mp3"
        },
        {
          "text": "音乐，唱出我的力量~",
          "link": "//game.gtimg.cn/images/yxzj/zlkdatasys/audios/audio/20220412/16497469064479.wav"
        },
        {
          "text": "去追梦吧，总有一天会遇见对的人~",
          "link": "//game.gtimg.cn/images/yxzj/zlkdatasys/audios/audio/20220412/16497469183314.wav"
        },
        {
          "text": "相信天意，更相信不肯放弃的心！",
          "link": "//game.gtimg.cn/images/yxzj/zlkdatasys/audios/audio/20220412/16497469304115.wav"
        },
        {
          "text": "尽情演奏，哪怕明天不会来~",
          "link": "//game.gtimg.cn/images/yxzj/zlkdatasys/audios/audio/20220412/16497470807489.wav"
        },
        {
          "text": "唱想唱的歌，见想见的人~",
          "link": "//game.gtimg.cn/images/yxzj/zlkdatasys/audios/audio/20220412/16497471059073.wav"
        },
        {
          "text": "永远年轻，永远一往无前！",
          "link": "//game.gtimg.cn/images/yxzj/zlkdatasys/audios/audio/20220412/16497471173804.wav"
        },
        {
          "text": "五点二十分，时间在相遇那刻静止~",
          "link": "//game.gtimg.cn/images/yxzj/zlkdatasys/audios/audio/20220412/16497471303333.wav"
        },
        {
          "text": "是谁弹出了我的夏日前奏？",
          "link": "//game.gtimg.cn/images/yxzj/zlkdatasys/audios/audio/20220412/16497471462725.wav"
        },
        {
          "text": "把他的每个侧脸，写进五线谱里~",
          "link": "//game.gtimg.cn/images/yxzj/zlkdatasys/audios/audio/20220412/16497471591308.wav"
        },
        {
          "text": "假如，我们不曾相遇…..",
          "link": "//game.gtimg.cn/images/yxzj/zlkdatasys/audios/audio/20220412/16497471757473.wav"
        },
        {
          "text": "歌颂爱情！",
          "link": "//game.gtimg.cn/images/yxzj/zlkdatasys/audios/audio/20220412/16497471977065.wav"
        },
        {
          "text": "乐海回声！",
          "link": "//game.gtimg.cn/images/yxzj/zlkdatasys/audios/audio/20220412/16497472104077.wav"
        },
        {
          "text": "演出开场~",
          "link": "//game.gtimg.cn/images/yxzj/zlkdatasys/audios/audio/20220412/16497472223610.wav"
        },
        {
          "text": "完美合奏！",
          "link": "//game.gtimg.cn/images/yxzj/zlkdatasys/audios/audio/20220412/16497472365069.wav"
        },
        {
          "text": "拨动恋爱弦声~",
          "link": "//game.gtimg.cn/images/yxzj/zlkdatasys/audios/audio/20220412/16497472497371.wav"
        },
        {
          "text": "加油，音乐是不会抛弃任何人的~",
          "link": "//game.gtimg.cn/images/yxzj/zlkdatasys/audios/audio/20220412/16497472657713.wav"
        },
        {
          "text": "是双人乐队的力量哦~",
          "link": "//game.gtimg.cn/images/yxzj/zlkdatasys/audios/audio/20220412/16497472861763.wav"
        },
        {
          "text": "在全场欢呼声中牵你的手！",
          "link": "//game.gtimg.cn/images/yxzj/zlkdatasys/audios/audio/20220415/16499909666073.mp3"
        },
        {
          "text": "早安，用吉他开启新的一天~",
          "link": "//game.gtimg.cn/images/yxzj/zlkdatasys/audios/audio/20220415/16499909846871.mp3"
        },
        {
          "text": "嘿~我只因你心动，耶！",
          "link": "//game.gtimg.cn/images/yxzj/zlkdatasys/audios/audio/20220412/16497473388694.wav"
        }
      ],
      "name": "音你心动"
    },
    {
      "voice": [
        {
          "text": "凝瑞气，定山海。",
          "link": "//game.gtimg.cn/images/yxzj/zlkdatasys/audios/audio/20230216/16765293555339.mp3"
        },
        {
          "text": "但与玲珑相携手，不信山海越不得！",
          "link": "//game.gtimg.cn/images/yxzj/zlkdatasys/audios/audio/20230216/16765293788289.mp3"
        },
        {
          "text": "事在人为，行者终至。",
          "link": "//game.gtimg.cn/images/yxzj/zlkdatasys/audios/audio/20230216/16765293998958.mp3"
        },
        {
          "text": "纵使山高路远，莫道止步不前！",
          "link": "//game.gtimg.cn/images/yxzj/zlkdatasys/audios/audio/20230215/16764290263804.mp3"
        },
        {
          "text": "以温养之玉，击碎蔽日之石！",
          "link": "//game.gtimg.cn/images/yxzj/zlkdatasys/audios/audio/20230215/16764290537720.mp3"
        },
        {
          "text": "孤勇不及之地，且须借力而行。",
          "link": "//game.gtimg.cn/images/yxzj/zlkdatasys/audios/audio/20230215/16764290758885.mp3"
        },
        {
          "text": "白民与灵兽以《国书》立约，山海不枯，誓约不负。",
          "link": "//game.gtimg.cn/images/yxzj/zlkdatasys/audios/audio/20230215/16764291046925.mp3"
        },
        {
          "text": "逆湍流，跨千山，众人止步却向前。",
          "link": "//game.gtimg.cn/images/yxzj/zlkdatasys/audios/audio/20230215/16764291378042.mp3"
        },
        {
          "text": "续灵脉以永固，振山海之晴明。",
          "link": "//game.gtimg.cn/images/yxzj/zlkdatasys/audios/audio/20230215/16764291583071.mp3"
        },
        {
          "text": "玲珑伴我，吾道不孤。",
          "link": "//game.gtimg.cn/images/yxzj/zlkdatasys/audios/audio/20230215/16764292017034.mp3"
        },
        {
          "text": "山海有灵，天地共生。",
          "link": "//game.gtimg.cn/images/yxzj/zlkdatasys/audios/audio/20230215/16764292486421.mp3"
        },
        {
          "text": "我将带着灵脉佳音归来。",
          "link": "//game.gtimg.cn/images/yxzj/zlkdatasys/audios/audio/20230215/16764292879503.mp3"
        },
        {
          "text": "未至终点，不可轻言放弃……",
          "link": "//game.gtimg.cn/images/yxzj/zlkdatasys/audios/audio/20230215/16764293184996.mp3"
        },
        {
          "text": "畏惧不前的懦夫，不会拥有伙伴。",
          "link": "//game.gtimg.cn/images/yxzj/zlkdatasys/audios/audio/20230215/16764293562260.mp3"
        },
        {
          "text": "完美配合！",
          "link": "//game.gtimg.cn/images/yxzj/zlkdatasys/audios/audio/20230215/16764294039431.mp3"
        },
        {
          "text": "腾空而起！",
          "link": "//game.gtimg.cn/images/yxzj/zlkdatasys/audios/audio/20230215/16764294459864.mp3"
        },
        {
          "text": "玲珑一跃山海！",
          "link": "//game.gtimg.cn/images/yxzj/zlkdatasys/audios/audio/20230215/16764294686282.mp3"
        },
        {
          "text": "我有灵兽同行！",
          "link": "//game.gtimg.cn/images/yxzj/zlkdatasys/audios/audio/20230216/16765294392748.mp3"
        },
        {
          "text": "击玉碎金！",
          "link": "//game.gtimg.cn/images/yxzj/zlkdatasys/audios/audio/20230215/16764295791344.mp3"
        },
        {
          "text": "国书起，玉叶琼花落满地！",
          "link": "//game.gtimg.cn/images/yxzj/zlkdatasys/audios/audio/20230215/16764295959604.mp3"
        },
        {
          "text": "灵脉之上，玉花绽放！",
          "link": "//game.gtimg.cn/images/yxzj/zlkdatasys/audios/audio/20230215/16764296157071.mp3"
        },
        {
          "text": "手持玉花，飞黄腾达。",
          "link": "//game.gtimg.cn/images/yxzj/zlkdatasys/audios/audio/20230216/16765293074383.mp3"
        },
        {
          "text": "玉花重开之日！",
          "link": "//game.gtimg.cn/images/yxzj/zlkdatasys/audios/audio/20230215/16764299314244.wav"
        },
        {
          "text": "玲珑，在何处？",
          "link": "//game.gtimg.cn/images/yxzj/zlkdatasys/audios/audio/20230215/16764299562397.wav"
        },
        {
          "text": "玉花零落，不见白国……",
          "link": "//game.gtimg.cn/images/yxzj/zlkdatasys/audios/audio/20230215/16764299812871.mp3"
        },
        {
          "text": "玲珑一怒，巨石崩碎。",
          "link": "//game.gtimg.cn/images/yxzj/zlkdatasys/audios/audio/20230215/16764300086838.mp3"
        },
        {
          "text": "（轻笑）跨越山海，永固灵脉！",
          "link": "//game.gtimg.cn/images/yxzj/zlkdatasys/audios/audio/20230215/16764300386460.mp3"
        },
        {
          "text": "不启灵脉，不言归家。",
          "link": "//game.gtimg.cn/images/yxzj/zlkdatasys/audios/audio/20230215/16764301069065.mp3"
        },
        {
          "text": "乘黄之上，远眺故乡。",
          "link": "//game.gtimg.cn/images/yxzj/zlkdatasys/audios/audio/20230215/16764301405299.mp3"
        },
        {
          "text": "道远何妨？",
          "link": "//game.gtimg.cn/images/yxzj/zlkdatasys/audios/audio/20230215/16764301612537.mp3"
        },
        {
          "text": "白民之国在龙鱼北。",
          "link": "//game.gtimg.cn/images/yxzj/zlkdatasys/audios/audio/20230215/16764302156578.mp3"
        },
        {
          "text": "以国书立约。",
          "link": "//game.gtimg.cn/images/yxzj/zlkdatasys/audios/audio/20230215/16764302355246.mp3"
        },
        {
          "text": "白民以玉花为食。",
          "link": "//game.gtimg.cn/images/yxzj/zlkdatasys/audios/audio/20230215/16764302709182.mp3"
        },
        {
          "text": "给，玉花！玲珑与我最爱的零食。",
          "link": "//game.gtimg.cn/images/yxzj/zlkdatasys/audios/audio/20230215/16764303901034.mp3"
        },
        {
          "text": "难怪玲珑刚来向我告状，总有个家伙来蹭吃蹭喝。",
          "link": "//game.gtimg.cn/images/yxzj/zlkdatasys/audios/audio/20230215/16764305709693.mp3"
        },
        {
          "text": "不知何时才能肩负起王女的责任……",
          "link": "//game.gtimg.cn/images/yxzj/zlkdatasys/audios/audio/20230215/16764306479879.mp3"
        },
        {
          "text": "真的吗？但玲珑提醒我，别轻信你的话……",
          "link": "//game.gtimg.cn/images/yxzj/zlkdatasys/audios/audio/20230215/16764306907430.mp3"
        }
      ],
      "name": "山海·琳琅生"
    },
    {
      "voice": [
        {
          "text": "回到梦开始的地方——欢迎收看~《魔女大冒险》！",
          "link": "//game.gtimg.cn/images/yxzj/zlkdatasys/audios/audio/20240307/17098058119243.mp3"
        },
        {
          "text": "魔女百变，名字不变——嗨，和小乔一起冒险吗？",
          "link": "//game.gtimg.cn/images/yxzj/zlkdatasys/audios/audio/20240307/17098058414605.mp3"
        },
        {
          "text": "穿梭世界万千，冒险永不断线！",
          "link": "//game.gtimg.cn/images/yxzj/zlkdatasys/audios/audio/20240307/17098058623762.mp3"
        },
        {
          "text": "充满勇气的心，就是我的魔法！",
          "link": "//game.gtimg.cn/images/yxzj/zlkdatasys/audios/audio/20240306/17097097311037.mp3"
        },
        {
          "text": "向流星许愿——一个没有悲伤的明天！",
          "link": "//game.gtimg.cn/images/yxzj/zlkdatasys/audios/audio/20240306/17097097586225.mp3"
        },
        {
          "text": "来自心底的声音，会比任何魔法都强大。",
          "link": "//game.gtimg.cn/images/yxzj/zlkdatasys/audios/audio/20240306/17097097894003.mp3"
        },
        {
          "text": "走岔路也没关系，我们~还在一直向前！",
          "link": "//game.gtimg.cn/images/yxzj/zlkdatasys/audios/audio/20240306/17097098172485.mp3"
        },
        {
          "text": "诚实面对自己，也是一种勇敢。",
          "link": "//game.gtimg.cn/images/yxzj/zlkdatasys/audios/audio/20240306/17097098392900.mp3"
        },
        {
          "text": "世界总是很大，快乐的理由却很简单。",
          "link": "//game.gtimg.cn/images/yxzj/zlkdatasys/audios/audio/20240306/17097098625543.mp3"
        },
        {
          "text": "板凳就位，零食就位，还有一分钟准点追更~",
          "link": "//game.gtimg.cn/images/yxzj/zlkdatasys/audios/audio/20240306/17097098822928.mp3"
        },
        {
          "text": "想听哪个世界的冒险？鬼屋侦探、宇宙巡警、还是那场天空的决战？",
          "link": "//game.gtimg.cn/images/yxzj/zlkdatasys/audios/audio/20240306/17097099085593.mp3"
        },
        {
          "text": "来自粉丝的绝版光碟，刻录我们共同的美好时光~。",
          "link": "//game.gtimg.cn/images/yxzj/zlkdatasys/audios/audio/20240306/17097099392312.mp3"
        },
        {
          "text": "一起来听我的高燃主题曲合辑吗？",
          "link": "//game.gtimg.cn/images/yxzj/zlkdatasys/audios/audio/20240306/17097099624396.mp3"
        },
        {
          "text": "完美收官~",
          "link": "//game.gtimg.cn/images/yxzj/zlkdatasys/audios/audio/20240306/17097099869804.mp3"
        },
        {
          "text": "快乐，不说再见~！",
          "link": "//game.gtimg.cn/images/yxzj/zlkdatasys/audios/audio/20240306/17097100095978.mp3"
        },
        {
          "text": "害怕的话，就闭上眼睛再出发~！",
          "link": "//game.gtimg.cn/images/yxzj/zlkdatasys/audios/audio/20240306/17097100379920.mp3"
        },
        {
          "text": "停播不停转~！",
          "link": "//game.gtimg.cn/images/yxzj/zlkdatasys/audios/audio/20240306/17097100652422.mp3"
        },
        {
          "text": "生活也是冒险，我会陪伴大家~走过每一段！",
          "link": "//game.gtimg.cn/images/yxzj/zlkdatasys/audios/audio/20240306/17097100987987.mp3"
        },
        {
          "text": "重播预定~！",
          "link": "//game.gtimg.cn/images/yxzj/zlkdatasys/audios/audio/20240306/17097101222449.mp3"
        },
        {
          "text": "嘟嘟嘟嘟嘟~时之城最新入驻魔女，开启新冒险！",
          "link": "//game.gtimg.cn/images/yxzj/zlkdatasys/audios/audio/20240306/17097101556032.mp3"
        },
        {
          "text": "已经珍藏~来自每个人的喜欢~！",
          "link": "//game.gtimg.cn/images/yxzj/zlkdatasys/audios/audio/20240306/17097101786011.mp3"
        },
        {
          "text": "不是所有魔女都有小黑猫~（喵~）",
          "link": "//game.gtimg.cn/images/yxzj/zlkdatasys/audios/audio/20240306/17097102234657.mp3"
        },
        {
          "text": "独家大放送！",
          "link": "//game.gtimg.cn/images/yxzj/zlkdatasys/audios/audio/20240306/17097103023974.mp3"
        },
        {
          "text": "最佳映画集锦！",
          "link": "//game.gtimg.cn/images/yxzj/zlkdatasys/audios/audio/20240306/17097103298001.mp3"
        },
        {
          "text": "持续霸屏！",
          "link": "//game.gtimg.cn/images/yxzj/zlkdatasys/audios/audio/20240306/17097103574721.mp3"
        },
        {
          "text": "留心过场彩蛋~",
          "link": "//game.gtimg.cn/images/yxzj/zlkdatasys/audios/audio/20240306/17097103835319.mp3"
        },
        {
          "text": "展示一下——最新魔法表演！",
          "link": "//game.gtimg.cn/images/yxzj/zlkdatasys/audios/audio/20240306/17097104183656.mp3"
        },
        {
          "text": "随机连线一位“幸运观众”~！",
          "link": "//game.gtimg.cn/images/yxzj/zlkdatasys/audios/audio/20240306/17097104417144.mp3"
        },
        {
          "text": "系列最全合集，连播不停断~！",
          "link": "//game.gtimg.cn/images/yxzj/zlkdatasys/audios/audio/20240306/17097104637263.mp3"
        },
        {
          "text": "今天是魔法师的快乐学徒~",
          "link": "//game.gtimg.cn/images/yxzj/zlkdatasys/audios/audio/20240306/17097105851371.mp3"
        },
        {
          "text": "不开心的时候睡一觉，太阳又会升起来。",
          "link": "//game.gtimg.cn/images/yxzj/zlkdatasys/audios/audio/20240306/17097105286278.mp3"
        },
        {
          "text": "是谁，在大声念白我的心里话！",
          "link": "//game.gtimg.cn/images/yxzj/zlkdatasys/audios/audio/20240306/17097106132232.mp3"
        },
        {
          "text": "向初代萌王致敬！",
          "link": "//game.gtimg.cn/images/yxzj/zlkdatasys/audios/audio/20240306/17097106355076.mp3"
        },
        {
          "text": "睡觉时间，拒绝追番在内的一切活动。",
          "link": "//game.gtimg.cn/images/yxzj/zlkdatasys/audios/audio/20240306/17097106624521.mp3"
        },
        {
          "text": "眼泪变大笑，就是最厉害的魔法！",
          "link": "//game.gtimg.cn/images/yxzj/zlkdatasys/audios/audio/20240306/17097106864921.mp3"
        },
        {
          "text": "勇闯遗忘之海的经历，一次就够了。",
          "link": "//game.gtimg.cn/images/yxzj/zlkdatasys/audios/audio/20240306/17097107075277.mp3"
        },
        {
          "text": "完美预测~这一季的最强黑马！",
          "link": "//game.gtimg.cn/images/yxzj/zlkdatasys/audios/audio/20240306/17097107312879.mp3"
        },
        {
          "text": "别担心，未被遗忘的东西，都来得及找回。",
          "link": "//game.gtimg.cn/images/yxzj/zlkdatasys/audios/audio/20240306/17097107575970.mp3"
        },
        {
          "text": "一二三四，二二三四，真是令人怀念的流行风尚~",
          "link": "//game.gtimg.cn/images/yxzj/zlkdatasys/audios/audio/20240306/17097107817419.mp3"
        },
        {
          "text": "正在盘点下一季“最受期待的新番”~",
          "link": "//game.gtimg.cn/images/yxzj/zlkdatasys/audios/audio/20240306/17097108081161.mp3"
        },
        {
          "text": "看好了——鲱鱼南瓜派！",
          "link": "//game.gtimg.cn/images/yxzj/zlkdatasys/audios/audio/20240306/17097112633176.mp3"
        },
        {
          "text": "建议取消……“禁止使用魔法”的规定……",
          "link": "//game.gtimg.cn/images/yxzj/zlkdatasys/audios/audio/20240306/17097112827903.mp3"
        }
      ],
      "name": "时之魔女"
    }
  ]
}
