{
  "data": [
    {
      "voice": [
        {
          "text": "最有价值之物，给最珍贵之人~",
          "link": "//game.gtimg.cn/images/yxzj/zlkdatasys/audios/audio/20220415/16500001741648.mp3"
        },
        {
          "text": "有珍宝，不如有眼光。",
          "link": "//game.gtimg.cn/images/yxzj/zlkdatasys/audios/audio/20220415/16500002396644.mp3"
        },
        {
          "text": "每一种境遇都是命运的附赠品。",
          "link": "//game.gtimg.cn/images/yxzj/zlkdatasys/audios/audio/20220411/16496676947979.wav"
        },
        {
          "text": "生活像一张蜘蛛网，我的日常就是钻它的空子",
          "link": "//game.gtimg.cn/images/yxzj/zlkdatasys/audios/audio/20220411/16496677062438.wav"
        },
        {
          "text": "最佳组合——勇气，实力，再加一些小小的花招~",
          "link": "//game.gtimg.cn/images/yxzj/zlkdatasys/audios/audio/20220411/16496677248339.wav"
        },
        {
          "text": "说好了，人头归你，水晶归我~",
          "link": "//game.gtimg.cn/images/yxzj/zlkdatasys/audios/audio/20220415/16500002541022.mp3"
        },
        {
          "text": "奇珍异玩大多低调，花哨的外表惯会骗人。",
          "link": "//game.gtimg.cn/images/yxzj/zlkdatasys/audios/audio/20220411/16496677529642.wav"
        },
        {
          "text": "少女怎么会拒绝闪耀的宝藏呢！",
          "link": "//game.gtimg.cn/images/yxzj/zlkdatasys/audios/audio/20220411/16496677697047.wav"
        },
        {
          "text": "宝贝……藏……在……",
          "link": "//game.gtimg.cn/images/yxzj/zlkdatasys/audios/audio/20220411/16496677861634.wav"
        },
        {
          "text": "来抓我呀~笨蛋",
          "link": "//game.gtimg.cn/images/yxzj/zlkdatasys/audios/audio/20220411/16496678215688.wav"
        },
        {
          "text": "又有人被控制啦",
          "link": "//game.gtimg.cn/images/yxzj/zlkdatasys/audios/audio/20220415/16500002708010.mp3"
        },
        {
          "text": "无敌的你，又迷路了",
          "link": "//game.gtimg.cn/images/yxzj/zlkdatasys/audios/audio/20220415/16500002965456.mp3"
        },
        {
          "text": "别怪我，是命运。",
          "link": "//game.gtimg.cn/images/yxzj/zlkdatasys/audios/audio/20220415/16500003096280.mp3"
        },
        {
          "text": "都听我的~",
          "link": "//game.gtimg.cn/images/yxzj/zlkdatasys/audios/audio/20220411/16496678909336.wav"
        },
        {
          "text": "速战速决~",
          "link": "//game.gtimg.cn/images/yxzj/zlkdatasys/audios/audio/20220411/16496679067797.wav"
        },
        {
          "text": "这一下免费赠送",
          "link": "//game.gtimg.cn/images/yxzj/zlkdatasys/audios/audio/20220415/16500001932903.mp3"
        },
        {
          "text": "唔……你的命看起来没什么收藏价值",
          "link": "//game.gtimg.cn/images/yxzj/zlkdatasys/audios/audio/20220411/16496679379599.wav"
        },
        {
          "text": "大鱼，我们好像在哪儿见过~",
          "link": "//game.gtimg.cn/images/yxzj/zlkdatasys/audios/audio/20220415/16500002182217.mp3"
        },
        {
          "text": "闪闪发光的队长，你好",
          "link": "//game.gtimg.cn/images/yxzj/zlkdatasys/audios/audio/20220411/16496679799614.wav"
        },
        {
          "text": "有家人的地方就是家。",
          "link": "//game.gtimg.cn/images/yxzj/zlkdatasys/audios/audio/20220411/16496679985362.wav"
        },
        {
          "text": "今夜三更过后，你的手办尽数归我~",
          "link": "//game.gtimg.cn/images/yxzj/zlkdatasys/audios/audio/20220411/16496680134953.wav"
        },
        {
          "text": "最喜欢的是西施姐姐，还是夷光姐姐？",
          "link": "//game.gtimg.cn/images/yxzj/zlkdatasys/audios/audio/20220411/16496680315189.wav"
        },
        {
          "text": "师兄，该进货了。",
          "link": "//game.gtimg.cn/images/yxzj/zlkdatasys/audios/audio/20220411/16496680669111.wav"
        },
        {
          "text": "啊，你怎么又走丢了",
          "link": "//game.gtimg.cn/images/yxzj/zlkdatasys/audios/audio/20220411/16496680886177.wav"
        },
        {
          "text": "当心点儿~可别再走火了",
          "link": "//game.gtimg.cn/images/yxzj/zlkdatasys/audios/audio/20220411/16496681037266.wav"
        },
        {
          "text": "干得漂亮",
          "link": "//game.gtimg.cn/images/yxzj/zlkdatasys/audios/audio/20220411/16496688724768.wav"
        },
        {
          "text": "等等我，马上到",
          "link": "//game.gtimg.cn/images/yxzj/zlkdatasys/audios/audio/20220411/16496688846803.wav"
        },
        {
          "text": "猥琐发育，别浪",
          "link": "//game.gtimg.cn/images/yxzj/zlkdatasys/audios/audio/20220411/16496688976980.wav"
        },
        {
          "text": "清理兵线",
          "link": "//game.gtimg.cn/images/yxzj/zlkdatasys/audios/audio/20220411/16496689674570.wav"
        },
        {
          "text": "回防高地",
          "link": "//game.gtimg.cn/images/yxzj/zlkdatasys/audios/audio/20220411/16496689786874.wav"
        },
        {
          "text": "小心草丛",
          "link": "//game.gtimg.cn/images/yxzj/zlkdatasys/audios/audio/20220411/16496689894555.wav"
        },
        {
          "text": "请求支援",
          "link": "//game.gtimg.cn/images/yxzj/zlkdatasys/audios/audio/20220411/16496690128485.wav"
        },
        {
          "text": "我拿buff，谢谢",
          "link": "//game.gtimg.cn/images/yxzj/zlkdatasys/audios/audio/20220411/16496690242981.wav"
        },
        {
          "text": "集合准备团战",
          "link": "//game.gtimg.cn/images/yxzj/zlkdatasys/audios/audio/20220411/16496690375100.wav"
        },
        {
          "text": "敌人消失",
          "link": "//game.gtimg.cn/images/yxzj/zlkdatasys/audios/audio/20220411/16496690506967.wav"
        },
        {
          "text": "稳住，我们能赢",
          "link": "//game.gtimg.cn/images/yxzj/zlkdatasys/audios/audio/20220411/16496690666149.wav"
        },
        {
          "text": "优先推塔",
          "link": "//game.gtimg.cn/images/yxzj/zlkdatasys/audios/audio/20220411/16496690792119.wav"
        },
        {
          "text": "收到",
          "link": "//game.gtimg.cn/images/yxzj/zlkdatasys/audios/audio/20220411/16496690925510.wav"
        },
        {
          "text": "注意野区",
          "link": "//game.gtimg.cn/images/yxzj/zlkdatasys/audios/audio/20220411/16496691042628.wav"
        },
        {
          "text": "跟着我",
          "link": "//game.gtimg.cn/images/yxzj/zlkdatasys/audios/audio/20220411/16496691192497.wav"
        },
        {
          "text": "保护我方输出",
          "link": "//game.gtimg.cn/images/yxzj/zlkdatasys/audios/audio/20220411/16496691327406.wav"
        },
        {
          "text": "小心对方偷塔",
          "link": "//game.gtimg.cn/images/yxzj/zlkdatasys/audios/audio/20220411/16496691457537.wav"
        },
        {
          "text": "等我集合打团",
          "link": "//game.gtimg.cn/images/yxzj/zlkdatasys/audios/audio/20220411/16496691595868.wav"
        },
        {
          "text": "优先攻击输出",
          "link": "//game.gtimg.cn/images/yxzj/zlkdatasys/audios/audio/20220411/16496691717629.wav"
        },
        {
          "text": "正在前往支援",
          "link": "//game.gtimg.cn/images/yxzj/zlkdatasys/audios/audio/20220411/16496691836138.wav"
        },
        {
          "text": "大家打开语音",
          "link": "//game.gtimg.cn/images/yxzj/zlkdatasys/audios/audio/20220411/16496691959717.wav"
        },
        {
          "text": "别团，等人齐",
          "link": "//game.gtimg.cn/images/yxzj/zlkdatasys/audios/audio/20220411/16496692115624.wav"
        },
        {
          "text": "我来抓人啦",
          "link": "//game.gtimg.cn/images/yxzj/zlkdatasys/audios/audio/20220411/16496692223202.wav"
        },
        {
          "text": "技能不全，撤退",
          "link": "//game.gtimg.cn/images/yxzj/zlkdatasys/audios/audio/20220411/16496692327473.wav"
        },
        {
          "text": "求让buff，谢谢。",
          "link": "//game.gtimg.cn/images/yxzj/zlkdatasys/audios/audio/20220411/16496692444121.wav"
        },
        {
          "text": "全体进攻中路",
          "link": "//game.gtimg.cn/images/yxzj/zlkdatasys/audios/audio/20220411/16496692557953.wav"
        },
        {
          "text": "清完兵线再团",
          "link": "//game.gtimg.cn/images/yxzj/zlkdatasys/audios/audio/20220411/16496692674181.wav"
        },
        {
          "text": "帮我看蓝，谢谢",
          "link": "//game.gtimg.cn/images/yxzj/zlkdatasys/audios/audio/20220411/16496692783840.wav"
        },
        {
          "text": "拖住，我偷塔",
          "link": "//game.gtimg.cn/images/yxzj/zlkdatasys/audios/audio/20220411/16496692915986.wav"
        },
        {
          "text": "集合埋伏",
          "link": "//game.gtimg.cn/images/yxzj/zlkdatasys/audios/audio/20220411/16496693046923.wav"
        }
      ],
      "name": "原皮"
    },
    {
      "voice": [
        {
          "text": "母亲说，她一生都在回首往事……可真正的故事永在明日。",
          "link": "//game.gtimg.cn/images/yxzj/zlkdatasys/audios/audio/20220415/16500003352273.mp3"
        },
        {
          "text": "春水碧于天，画船听雨眠。",
          "link": "//game.gtimg.cn/images/yxzj/zlkdatasys/audios/audio/20220415/16500003488822.mp3"
        },
        {
          "text": "有一天，我也会写下属于自己的故事。",
          "link": "//game.gtimg.cn/images/yxzj/zlkdatasys/audios/audio/20220415/16500003601772.mp3"
        },
        {
          "text": "回忆像诗行，我踩着韵脚走向远方~",
          "link": "//game.gtimg.cn/images/yxzj/zlkdatasys/audios/audio/20220411/16496695344234.wav"
        },
        {
          "text": "翻过九十九页诗篇，穿过九十九场烟雨。",
          "link": "//game.gtimg.cn/images/yxzj/zlkdatasys/audios/audio/20220411/16496695467842.wav"
        },
        {
          "text": "你说曾见过一个和我很像的姑娘？",
          "link": "//game.gtimg.cn/images/yxzj/zlkdatasys/audios/audio/20220415/16500003749203.mp3"
        },
        {
          "text": "二十四桥的月亮～又照着谁的心事写作无字诗行？",
          "link": "//game.gtimg.cn/images/yxzj/zlkdatasys/audios/audio/20220411/16496695777960.wav"
        },
        {
          "text": "相寻梦里路！",
          "link": "//game.gtimg.cn/images/yxzj/zlkdatasys/audios/audio/20220411/16496695931897.wav"
        },
        {
          "text": "何日更重游……",
          "link": "//game.gtimg.cn/images/yxzj/zlkdatasys/audios/audio/20220411/16496696074059.wav"
        },
        {
          "text": "再见啦~过路人。",
          "link": "//game.gtimg.cn/images/yxzj/zlkdatasys/audios/audio/20220411/16496696416386.wav"
        },
        {
          "text": "萍水相逢，有缘无份～",
          "link": "//game.gtimg.cn/images/yxzj/zlkdatasys/audios/audio/20220411/16496696586678.wav"
        },
        {
          "text": "“爱，是不能忘记的……”",
          "link": "//game.gtimg.cn/images/yxzj/zlkdatasys/audios/audio/20220411/16496696737108.wav"
        },
        {
          "text": "此处风景，不如同去~",
          "link": "//game.gtimg.cn/images/yxzj/zlkdatasys/audios/audio/20220411/16496697128008.wav"
        },
        {
          "text": "瞧，又见面咯！",
          "link": "//game.gtimg.cn/images/yxzj/zlkdatasys/audios/audio/20220411/16496697287048.wav"
        },
        {
          "text": "跟我来呀～",
          "link": "//game.gtimg.cn/images/yxzj/zlkdatasys/audios/audio/20220411/16496697501406.wav"
        },
        {
          "text": "能不忆江南？",
          "link": "//game.gtimg.cn/images/yxzj/zlkdatasys/audios/audio/20220411/16496697642364.wav"
        },
        {
          "text": "粉墙黛瓦，灯影桨声。",
          "link": "//game.gtimg.cn/images/yxzj/zlkdatasys/audios/audio/20220411/16496697902232.wav"
        },
        {
          "text": "多少楼台烟雨中~",
          "link": "//game.gtimg.cn/images/yxzj/zlkdatasys/audios/audio/20220411/16496698024001.wav"
        }
      ],
      "name": "诗语江南"
    },
    {
      "voice": [
        {
          "text": "英雄归来，久竞金陵",
          "link": "//game.gtimg.cn/images/yxzj/zlkdatasys/audios/audio/20220415/16500060428885.mp3"
        },
        {
          "text": "择难路，未有疑…..龙珠为契，此心不渝",
          "link": "//game.gtimg.cn/images/yxzj/zlkdatasys/audios/audio/20220415/16500004099541.mp3"
        },
        {
          "text": "翻尾召云动，覆手唤潮生",
          "link": "//game.gtimg.cn/images/yxzj/zlkdatasys/audios/audio/20220415/16500004256610.mp3"
        },
        {
          "text": "嘿~我的试炼，始于相遇那一天",
          "link": "//game.gtimg.cn/images/yxzj/zlkdatasys/audios/audio/20220411/16496726557700.wav"
        },
        {
          "text": "青龙呀岂是池中物",
          "link": "//game.gtimg.cn/images/yxzj/zlkdatasys/audios/audio/20220411/16496726723667.wav"
        },
        {
          "text": "嗯~不知沧海尽头，藏着何种风光？",
          "link": "//game.gtimg.cn/images/yxzj/zlkdatasys/audios/audio/20220411/16496726981001.wav"
        },
        {
          "text": "满载踏浪归，啊~当饮一杯茶！",
          "link": "//game.gtimg.cn/images/yxzj/zlkdatasys/audios/audio/20220411/16496727141607.wav"
        },
        {
          "text": "唉~清和海风，溶溶月色，共赏之人，就在身侧",
          "link": "//game.gtimg.cn/images/yxzj/zlkdatasys/audios/audio/20220411/16496727425364.wav"
        },
        {
          "text": "瞧瞧，这是哪家的掌上明珠呀",
          "link": "//game.gtimg.cn/images/yxzj/zlkdatasys/audios/audio/20220411/16496727549139.wav"
        },
        {
          "text": "龙腾云涌！",
          "link": "//game.gtimg.cn/images/yxzj/zlkdatasys/audios/audio/20220411/16496727717470.wav"
        },
        {
          "text": "此间显真身",
          "link": "//game.gtimg.cn/images/yxzj/zlkdatasys/audios/audio/20220411/16496728878104.wav"
        },
        {
          "text": "乘彼扶摇，凌绝九霄",
          "link": "//game.gtimg.cn/images/yxzj/zlkdatasys/audios/audio/20220411/16496729006424.wav"
        },
        {
          "text": "小青龙盯上你咯",
          "link": "//game.gtimg.cn/images/yxzj/zlkdatasys/audios/audio/20220411/16496729234009.wav"
        },
        {
          "text": "招不在多，有龙则灵",
          "link": "//game.gtimg.cn/images/yxzj/zlkdatasys/audios/audio/20220411/16496729537637.wav"
        },
        {
          "text": "走，我们去那边",
          "link": "//game.gtimg.cn/images/yxzj/zlkdatasys/audios/audio/20220411/16496729724011.wav"
        },
        {
          "text": "欸，我在你身后呢！",
          "link": "//game.gtimg.cn/images/yxzj/zlkdatasys/audios/audio/20220411/16496729998757.wav"
        },
        {
          "text": "待到潮来…天地青……",
          "link": "//game.gtimg.cn/images/yxzj/zlkdatasys/audios/audio/20220411/16496730195573.wav"
        },
        {
          "text": "这个你别管~放着我来！",
          "link": "//game.gtimg.cn/images/yxzj/zlkdatasys/audios/audio/20220411/16496730531466.wav"
        },
        {
          "text": "嘿，功劳记给小青龙",
          "link": "//game.gtimg.cn/images/yxzj/zlkdatasys/audios/audio/20220411/16496730964507.wav"
        },
        {
          "text": "人山人海，如约而至",
          "link": "//game.gtimg.cn/images/yxzj/zlkdatasys/audios/audio/20220411/16496731099064.wav"
        },
        {
          "text": "江海寄尔生！",
          "link": "//game.gtimg.cn/images/yxzj/zlkdatasys/audios/audio/20220411/16496731243060.wav"
        },
        {
          "text": "约定好了哦~我们会一同到达胜利的终点",
          "link": "//game.gtimg.cn/images/yxzj/zlkdatasys/audios/audio/20220411/16496731393697.wav"
        }
      ],
      "name": "游龙清影"
    },
    {
      "voice": [
        {
          "text": "乘鲤化飞仙，妙语惊涛踏歌行。",
          "link": "//game.gtimg.cn/images/yxzj/zlkdatasys/audios/audio/20231110/16995996074969.mp3"
        },
        {
          "text": "谣言如风，生恶水——长歌破浪呀，寄心声。",
          "link": "//game.gtimg.cn/images/yxzj/zlkdatasys/audios/audio/20231110/16995996313823.mp3"
        },
        {
          "text": "以歌知我意，此心可相契——灵鱼听愿，直上青云！",
          "link": "//game.gtimg.cn/images/yxzj/zlkdatasys/audios/audio/20231108/16994291129155.mp3"
        },
        {
          "text": "哎嘿～好山好水好风光，人声如海歌如潮！",
          "link": "//game.gtimg.cn/images/yxzj/zlkdatasys/audios/audio/20231108/16994291725335.mp3"
        },
        {
          "text": "天清清，水盈盈，梦鲤河畔…唱天明！",
          "link": "//game.gtimg.cn/images/yxzj/zlkdatasys/audios/audio/20231108/16994291992221.mp3"
        },
        {
          "text": "唉～谣言哪有真凭据，只随他人道长短。",
          "link": "//game.gtimg.cn/images/yxzj/zlkdatasys/audios/audio/20231108/16994292215814.mp3"
        },
        {
          "text": "曲调随风起，何须忌旁人！",
          "link": "//game.gtimg.cn/images/yxzj/zlkdatasys/audios/audio/20231108/16994292566350.mp3"
        },
        {
          "text": "流言化茧呀未能缚，长歌不绝啊终有声。",
          "link": "//game.gtimg.cn/images/yxzj/zlkdatasys/audios/audio/20231108/16994292985321.mp3"
        },
        {
          "text": "唱起这山歌天地阔呀，风起那江边云雾散！",
          "link": "//game.gtimg.cn/images/yxzj/zlkdatasys/audios/audio/20231108/16994296343707.mp3"
        },
        {
          "text": "笑语惊山色，欢歌醉晚舟。",
          "link": "//game.gtimg.cn/images/yxzj/zlkdatasys/audios/audio/20231108/16994296655057.mp3"
        },
        {
          "text": "不可胡言！",
          "link": "//game.gtimg.cn/images/yxzj/zlkdatasys/audios/audio/20231108/16994297136225.mp3"
        },
        {
          "text": "心怀恶念，何以同歌？",
          "link": "//game.gtimg.cn/images/yxzj/zlkdatasys/audios/audio/20231108/16994297531464.mp3"
        },
        {
          "text": "纵使沉渊亦有声……",
          "link": "//game.gtimg.cn/images/yxzj/zlkdatasys/audios/audio/20231108/16994298037266.mp3"
        },
        {
          "text": "只需盛放，我自有光！",
          "link": "//game.gtimg.cn/images/yxzj/zlkdatasys/audios/audio/20231108/16994309856027.mp3"
        },
        {
          "text": "瞧！鲤鱼跳江心啦！",
          "link": "//game.gtimg.cn/images/yxzj/zlkdatasys/audios/audio/20231108/16994310135405.mp3"
        },
        {
          "text": "佳期再相逢！",
          "link": "//game.gtimg.cn/images/yxzj/zlkdatasys/audios/audio/20231108/16994310436130.mp3"
        },
        {
          "text": "来，再唱一曲～",
          "link": "//game.gtimg.cn/images/yxzj/zlkdatasys/audios/audio/20231108/16994310702367.mp3"
        },
        {
          "text": "余音荡山川喽！",
          "link": "//game.gtimg.cn/images/yxzj/zlkdatasys/audios/audio/20231108/16994311429683.mp3"
        },
        {
          "text": "青山隐，云海现！",
          "link": "//game.gtimg.cn/images/yxzj/zlkdatasys/audios/audio/20231108/16994311667303.mp3"
        },
        {
          "text": "你唱我答，山水相和！",
          "link": "//game.gtimg.cn/images/yxzj/zlkdatasys/audios/audio/20231108/16994312114175.mp3"
        },
        {
          "text": "此歌好比天上星哟~不怕长夜路不明。",
          "link": "//game.gtimg.cn/images/yxzj/zlkdatasys/audios/audio/20231108/16994312701005.mp3"
        }
      ],
      "name": "至美·乘鲤谣"
    }
  ]
}
