{
  "data": [
    {
      "voice": [
        {
          "text": "需要我解决什么？什么都可以。",
          "link": "//game.gtimg.cn/images/yxzj/zlkdatasys/audios/audio/20230619/16871641555282.mp3"
        },
        {
          "text": "做守护的剑鞘，不做夺命的锋刀。",
          "link": "//game.gtimg.cn/images/yxzj/zlkdatasys/audios/audio/20230619/16871641804377.mp3"
        },
        {
          "text": "双剑，出鞘！",
          "link": "//game.gtimg.cn/images/yxzj/zlkdatasys/audios/audio/20230619/16871641931172.mp3"
        },
        {
          "text": "我的名字，大概是叫亚连吧……",
          "link": "//game.gtimg.cn/images/yxzj/zlkdatasys/audios/audio/20230619/16871567941489.mp3"
        },
        {
          "text": "努力完成任务才能有钱赚，有钱赚了，才能吃饱饭。",
          "link": "//game.gtimg.cn/images/yxzj/zlkdatasys/audios/audio/20230619/16871568125785.mp3"
        },
        {
          "text": "佣兵协会说我适合钱少事多的顾客。",
          "link": "//game.gtimg.cn/images/yxzj/zlkdatasys/audios/audio/20230619/16871568291647.mp3"
        },
        {
          "text": "交给我吧！这次绝不搞砸。",
          "link": "//game.gtimg.cn/images/yxzj/zlkdatasys/audios/audio/20230619/16871568464235.mp3"
        },
        {
          "text": "鸽子把我当同伴了，大概是因为我的肚子总是咕咕叫。",
          "link": "//game.gtimg.cn/images/yxzj/zlkdatasys/audios/audio/20230619/16871568645705.mp3"
        },
        {
          "text": "我是来抓你的，请不要乱跑。",
          "link": "//game.gtimg.cn/images/yxzj/zlkdatasys/audios/audio/20230619/16871568826247.mp3"
        },
        {
          "text": "收手吧，你会受伤的。",
          "link": "//game.gtimg.cn/images/yxzj/zlkdatasys/audios/audio/20230619/16871569028161.mp3"
        },
        {
          "text": "桥洞通风，船坞挡雨，猎风湾还有很多住宿免费的好地方。",
          "link": "//game.gtimg.cn/images/yxzj/zlkdatasys/audios/audio/20230619/16871569205483.mp3"
        },
        {
          "text": "我的记忆有限，不想给仇恨留有空间。",
          "link": "//game.gtimg.cn/images/yxzj/zlkdatasys/audios/audio/20230619/16871569454377.mp3"
        },
        {
          "text": "我没有很饿，只是有点，不太饱。",
          "link": "//game.gtimg.cn/images/yxzj/zlkdatasys/audios/audio/20230619/16871569677111.mp3"
        },
        {
          "text": "不要没收定金，可以吗……",
          "link": "//game.gtimg.cn/images/yxzj/zlkdatasys/audios/audio/20230619/16871569831839.mp3"
        },
        {
          "text": "谨记，任务失败就没有尾款……",
          "link": "//game.gtimg.cn/images/yxzj/zlkdatasys/audios/audio/20230619/16871569994256.mp3"
        },
        {
          "text": "请认真一点。",
          "link": "//game.gtimg.cn/images/yxzj/zlkdatasys/audios/audio/20230619/16871570487803.mp3"
        },
        {
          "text": "抱歉。",
          "link": "//game.gtimg.cn/images/yxzj/zlkdatasys/audios/audio/20230619/16871570716010.mp3"
        },
        {
          "text": "继续。",
          "link": "//game.gtimg.cn/images/yxzj/zlkdatasys/audios/audio/20230619/16871570893139.mp3"
        },
        {
          "text": "剑还在，我就不会输。",
          "link": "//game.gtimg.cn/images/yxzj/zlkdatasys/audios/audio/20230619/16871571088728.mp3"
        },
        {
          "text": "打扰了。",
          "link": "//game.gtimg.cn/images/yxzj/zlkdatasys/audios/audio/20230619/16871571261466.mp3"
        },
        {
          "text": "收工。",
          "link": "//game.gtimg.cn/images/yxzj/zlkdatasys/audios/audio/20230619/16871571435204.mp3"
        },
        {
          "text": "总算没有搞砸。",
          "link": "//game.gtimg.cn/images/yxzj/zlkdatasys/audios/audio/20230620/16872541242125.mp3"
        },
        {
          "text": "事情总是很多，钱却给的很少。",
          "link": "//game.gtimg.cn/images/yxzj/zlkdatasys/audios/audio/20230620/16872541535955.mp3"
        },
        {
          "text": "虽然你很强，但赢的人只会是我。",
          "link": "//game.gtimg.cn/images/yxzj/zlkdatasys/audios/audio/20230619/16871572289716.mp3"
        },
        {
          "text": "要不然，你先出招吧。",
          "link": "//game.gtimg.cn/images/yxzj/zlkdatasys/audios/audio/20230619/16871572461552.mp3"
        },
        {
          "text": "疾风！",
          "link": "//game.gtimg.cn/images/yxzj/zlkdatasys/audios/audio/20230619/16871572866700.mp3"
        },
        {
          "text": "残影！",
          "link": "//game.gtimg.cn/images/yxzj/zlkdatasys/audios/audio/20230619/16871573063456.mp3"
        },
        {
          "text": "日轮！",
          "link": "//game.gtimg.cn/images/yxzj/zlkdatasys/audios/audio/20230619/16871573244977.mp3"
        },
        {
          "text": "流星！",
          "link": "//game.gtimg.cn/images/yxzj/zlkdatasys/audios/audio/20230619/16871642084541.mp3"
        },
        {
          "text": "流星斩！",
          "link": "//game.gtimg.cn/images/yxzj/zlkdatasys/audios/audio/20230619/16871642204127.mp3"
        },
        {
          "text": "找到你了。",
          "link": "//game.gtimg.cn/images/yxzj/zlkdatasys/audios/audio/20230619/16871573887153.mp3"
        },
        {
          "text": "为什么要逃？",
          "link": "//game.gtimg.cn/images/yxzj/zlkdatasys/audios/audio/20230619/16871574061303.mp3"
        },
        {
          "text": "快结束了。",
          "link": "//game.gtimg.cn/images/yxzj/zlkdatasys/audios/audio/20230619/16871574236381.mp3"
        },
        {
          "text": "进击！",
          "link": "//game.gtimg.cn/images/yxzj/zlkdatasys/audios/audio/20230619/16871574462675.mp3"
        },
        {
          "text": "停下！",
          "link": "//game.gtimg.cn/images/yxzj/zlkdatasys/audios/audio/20230619/16871574648751.mp3"
        },
        {
          "text": "双剑",
          "link": "//game.gtimg.cn/images/yxzj/zlkdatasys/audios/audio/20230619/16871575043937.mp3"
        },
        {
          "text": "出鞘！",
          "link": "//game.gtimg.cn/images/yxzj/zlkdatasys/audios/audio/20230619/16871575299047.mp3"
        },
        {
          "text": "执剑在手",
          "link": "//game.gtimg.cn/images/yxzj/zlkdatasys/audios/audio/20230619/16871575487912.mp3"
        },
        {
          "text": "一往无前！",
          "link": "//game.gtimg.cn/images/yxzj/zlkdatasys/audios/audio/20230619/16871575662745.mp3"
        },
        {
          "text": "觉悟吧",
          "link": "//game.gtimg.cn/images/yxzj/zlkdatasys/audios/audio/20230619/16871575845855.mp3"
        },
        {
          "text": "落日斩！",
          "link": "//game.gtimg.cn/images/yxzj/zlkdatasys/audios/audio/20230619/16871576039201.mp3"
        },
        {
          "text": "起",
          "link": "//game.gtimg.cn/images/yxzj/zlkdatasys/audios/audio/20230619/16871576212022.mp3"
        },
        {
          "text": "灭！",
          "link": "//game.gtimg.cn/images/yxzj/zlkdatasys/audios/audio/20230619/16871576395774.mp3"
        },
        {
          "text": "别害怕，是我。",
          "link": "//game.gtimg.cn/images/yxzj/zlkdatasys/audios/audio/20230619/16871576564123.mp3"
        },
        {
          "text": "嗯，认真起来了",
          "link": "//game.gtimg.cn/images/yxzj/zlkdatasys/audios/audio/20230619/16871577044665.mp3"
        },
        {
          "text": "这次一定能完成任务，嗯，大概。",
          "link": "//game.gtimg.cn/images/yxzj/zlkdatasys/audios/audio/20230619/16871577494002.mp3"
        },
        {
          "text": "距离攒够钱买回家的船票，还差233个A级任务。",
          "link": "//game.gtimg.cn/images/yxzj/zlkdatasys/audios/audio/20230619/16871577951620.mp3"
        },
        {
          "text": "太阳真好，值得庆祝一下。",
          "link": "//game.gtimg.cn/images/yxzj/zlkdatasys/audios/audio/20230619/16871578203689.mp3"
        },
        {
          "text": "今天的晚饭是……",
          "link": "//game.gtimg.cn/images/yxzj/zlkdatasys/audios/audio/20230619/16871584471944.mp3"
        },
        {
          "text": "该撤了。",
          "link": "//game.gtimg.cn/images/yxzj/zlkdatasys/audios/audio/20230619/16871584658273.mp3"
        },
        {
          "text": "曾经……好像有过这样的感受……",
          "link": "//game.gtimg.cn/images/yxzj/zlkdatasys/audios/audio/20230619/16871584844874.mp3"
        },
        {
          "text": "亚连，你要争气。",
          "link": "//game.gtimg.cn/images/yxzj/zlkdatasys/audios/audio/20230619/16871642403320.mp3"
        },
        {
          "text": "怎么长得比赤影还可怕……",
          "link": "//game.gtimg.cn/images/yxzj/zlkdatasys/audios/audio/20230619/16871585281162.mp3"
        },
        {
          "text": "请一定要对得起这个价格。",
          "link": "//game.gtimg.cn/images/yxzj/zlkdatasys/audios/audio/20230619/16871585557956.mp3"
        },
        {
          "text": "哈！四刀流！",
          "link": "//game.gtimg.cn/images/yxzj/zlkdatasys/audios/audio/20230619/16871589927858.mp3"
        },
        {
          "text": "当心，别离我太近了。",
          "link": "//game.gtimg.cn/images/yxzj/zlkdatasys/audios/audio/20230619/16871590129373.mp3"
        },
        {
          "text": "这就叫花钱保命吗？",
          "link": "//game.gtimg.cn/images/yxzj/zlkdatasys/audios/audio/20230619/16871590297673.mp3"
        },
        {
          "text": "你最近是不是吃胖了？",
          "link": "//game.gtimg.cn/images/yxzj/zlkdatasys/audios/audio/20230619/16871590655779.mp3"
        },
        {
          "text": "你那么瘦，多吃点吧，小红……鹰……鸡……鸟？",
          "link": "//game.gtimg.cn/images/yxzj/zlkdatasys/audios/audio/20230619/16871593454065.mp3"
        },
        {
          "text": "请别害怕，我大概是一个好人。",
          "link": "//game.gtimg.cn/images/yxzj/zlkdatasys/audios/audio/20230619/16871593675072.mp3"
        },
        {
          "text": "好脆弱的生物，剑一碰，就倒下了。",
          "link": "//game.gtimg.cn/images/yxzj/zlkdatasys/audios/audio/20230619/16871593859299.mp3"
        },
        {
          "text": "好，好多钱！",
          "link": "//game.gtimg.cn/images/yxzj/zlkdatasys/audios/audio/20230619/16871594042279.mp3"
        },
        {
          "text": "多谢款待！",
          "link": "//game.gtimg.cn/images/yxzj/zlkdatasys/audios/audio/20230619/16871594298598.mp3"
        },
        {
          "text": "狂铁前辈，你是怎么成为第一佣兵的呢？",
          "link": "//game.gtimg.cn/images/yxzj/zlkdatasys/audios/audio/20230619/16871595334754.mp3"
        },
        {
          "text": "还是不要了吧，您没有第二条胳膊可以失去了。",
          "link": "//game.gtimg.cn/images/yxzj/zlkdatasys/audios/audio/20230619/16871595912018.mp3"
        },
        {
          "text": "原来如此，所以你真的是小满的大伯吗？",
          "link": "//game.gtimg.cn/images/yxzj/zlkdatasys/audios/audio/20230619/16871597599718.mp3"
        },
        {
          "text": "船长，炮弹很贵的，狂铁前辈攒钱不容易。",
          "link": "//game.gtimg.cn/images/yxzj/zlkdatasys/audios/audio/20230619/16871598855096.mp3"
        },
        {
          "text": "我还没练熟你上次教的切瓜终极技。",
          "link": "//game.gtimg.cn/images/yxzj/zlkdatasys/audios/audio/20230619/16871642555657.mp3"
        },
        {
          "text": "执政官大人，初次见面，我的名字是",
          "link": "//game.gtimg.cn/images/yxzj/zlkdatasys/audios/audio/20230619/16871599532713.mp3"
        },
        {
          "text": "热热的很好喝，谢谢你。",
          "link": "//game.gtimg.cn/images/yxzj/zlkdatasys/audios/audio/20230619/16871600096019.mp3"
        },
        {
          "text": "在海都，有人给我讲了一个幽灵的故事。",
          "link": "//game.gtimg.cn/images/yxzj/zlkdatasys/audios/audio/20230619/16871600321190.mp3"
        },
        {
          "text": "你的头发……和我见过的一个人很像。她总是喜欢看着天上的月亮。",
          "link": "//game.gtimg.cn/images/yxzj/zlkdatasys/audios/audio/20230619/16871600527027.mp3"
        }
      ],
      "name": "原皮"
    },
    {
      "voice": [
        {
          "text": "踏寒，凝思，劲飞霜！ 松月有灵，正待旧时人归",
          "link": "//game.gtimg.cn/images/yxzj/zlkdatasys/audios/audio/20240307/17098045525289.mp3"
        },
        {
          "text": "一念成花，落雪为狼！",
          "link": "//game.gtimg.cn/images/yxzj/zlkdatasys/audios/audio/20240307/17098045751346.mp3"
        },
        {
          "text": "啸尽寒梢月，试以此剑扫岚烟",
          "link": "//game.gtimg.cn/images/yxzj/zlkdatasys/audios/audio/20240307/17098045962454.mp3"
        },
        {
          "text": "族人尚有残息存世，所以...我大概不算孤儿吧...",
          "link": "//game.gtimg.cn/images/yxzj/zlkdatasys/audios/audio/20240306/17097117331641.mp3"
        },
        {
          "text": "那年疾风骤雪，星光破空而至。从此天地之间多了一处属于我的归宿。",
          "link": "//game.gtimg.cn/images/yxzj/zlkdatasys/audios/audio/20240306/17097117836525.mp3"
        },
        {
          "text": "师尊说，众生芸芸皆在星图之中。可星河浮霁，我又该去哪里寻找族亲们呢？",
          "link": "//game.gtimg.cn/images/yxzj/zlkdatasys/audios/audio/20240306/17097118105292.mp3"
        },
        {
          "text": "此身此力，为护一魂，为助一人",
          "link": "//game.gtimg.cn/images/yxzj/zlkdatasys/audios/audio/20240306/17097118418899.mp3"
        },
        {
          "text": "天枢戒律...禁止露出尾巴、獠牙...禁止卧地打滚儿...",
          "link": "//game.gtimg.cn/images/yxzj/zlkdatasys/audios/audio/20240306/17097118616517.mp3"
        },
        {
          "text": "身外剑，此中心，因守而刚，无惧则利",
          "link": "//game.gtimg.cn/images/yxzj/zlkdatasys/audios/audio/20240306/17097118866141.mp3"
        },
        {
          "text": "山雪自清清，我剑恒如峰石金",
          "link": "//game.gtimg.cn/images/yxzj/zlkdatasys/audios/audio/20240306/17097119397648.mp3"
        },
        {
          "text": "此生，一愿风舒月朗照安平，二愿亲族无恙重相见",
          "link": "//game.gtimg.cn/images/yxzj/zlkdatasys/audios/audio/20240306/17097119585802.mp3"
        },
        {
          "text": "饕雪遥遥，锋刃不销",
          "link": "//game.gtimg.cn/images/yxzj/zlkdatasys/audios/audio/20240306/17097119879194.mp3"
        },
        {
          "text": "念与钦，皆化飞雪与晨星...",
          "link": "//game.gtimg.cn/images/yxzj/zlkdatasys/audios/audio/20240306/17097122268726.mp3"
        },
        {
          "text": "抱歉...无心之失",
          "link": "//game.gtimg.cn/images/yxzj/zlkdatasys/audios/audio/20240306/17097123492999.mp3"
        },
        {
          "text": "师尊喜静，烦请阁下莫再喧哗",
          "link": "//game.gtimg.cn/images/yxzj/zlkdatasys/audios/audio/20240306/17097123971995.mp3"
        },
        {
          "text": "流云！",
          "link": "//game.gtimg.cn/images/yxzj/zlkdatasys/audios/audio/20240306/17097124754095.mp3"
        },
        {
          "text": "飞烟！",
          "link": "//game.gtimg.cn/images/yxzj/zlkdatasys/audios/audio/20240306/17097124964474.mp3"
        },
        {
          "text": "折枝！",
          "link": "//game.gtimg.cn/images/yxzj/zlkdatasys/audios/audio/20240306/17097125234885.mp3"
        },
        {
          "text": "碎影！",
          "link": "//game.gtimg.cn/images/yxzj/zlkdatasys/audios/audio/20240306/17097125665726.mp3"
        },
        {
          "text": "破苍玄！",
          "link": "//game.gtimg.cn/images/yxzj/zlkdatasys/audios/audio/20240306/17097125982718.mp3"
        },
        {
          "text": "踏雪！",
          "link": "//game.gtimg.cn/images/yxzj/zlkdatasys/audios/audio/20240306/17097126256127.mp3"
        },
        {
          "text": "引露！",
          "link": "//game.gtimg.cn/images/yxzj/zlkdatasys/audios/audio/20240306/17097126535597.mp3"
        },
        {
          "text": "抚月！",
          "link": "//game.gtimg.cn/images/yxzj/zlkdatasys/audios/audio/20240306/17097127179872.mp3"
        },
        {
          "text": "逐华！",
          "link": "//game.gtimg.cn/images/yxzj/zlkdatasys/audios/audio/20240306/17097127396383.mp3"
        },
        {
          "text": "擒风",
          "link": "//game.gtimg.cn/images/yxzj/zlkdatasys/audios/audio/20240306/17097127699618.mp3"
        },
        {
          "text": "落莲！",
          "link": "//game.gtimg.cn/images/yxzj/zlkdatasys/audios/audio/20240306/17097127934013.mp3"
        },
        {
          "text": "惊琼",
          "link": "//game.gtimg.cn/images/yxzj/zlkdatasys/audios/audio/20240306/17097128388181.mp3"
        },
        {
          "text": "生花！",
          "link": "//game.gtimg.cn/images/yxzj/zlkdatasys/audios/audio/20240306/17097128703194.mp3"
        },
        {
          "text": "揽霜入怀",
          "link": "//game.gtimg.cn/images/yxzj/zlkdatasys/audios/audio/20240306/17097128944081.mp3"
        },
        {
          "text": "日月清！",
          "link": "//game.gtimg.cn/images/yxzj/zlkdatasys/audios/audio/20240306/17097129618828.mp3"
        },
        {
          "text": "枕星耳夜",
          "link": "//game.gtimg.cn/images/yxzj/zlkdatasys/audios/audio/20240306/17097129844258.mp3"
        },
        {
          "text": "盼归来！",
          "link": "//game.gtimg.cn/images/yxzj/zlkdatasys/audios/audio/20240306/17097130207947.mp3"
        },
        {
          "text": "“折枝”听召！起！",
          "link": "//game.gtimg.cn/images/yxzj/zlkdatasys/audios/audio/20240306/17097130685645.mp3"
        },
        {
          "text": "师尊，这柄剑是送给我的吗？",
          "link": "//game.gtimg.cn/images/yxzj/zlkdatasys/audios/audio/20240306/17097131267140.mp3"
        },
        {
          "text": "天枢剑法我已牢记！请师尊指正！",
          "link": "//game.gtimg.cn/images/yxzj/zlkdatasys/audios/audio/20240306/17097131636279.mp3"
        },
        {
          "text": "出来吧，我已经看到你了",
          "link": "//game.gtimg.cn/images/yxzj/zlkdatasys/audios/audio/20240306/17097131876995.mp3"
        },
        {
          "text": "师尊说，世间善恶无关族身，三千大道自有方圆",
          "link": "//game.gtimg.cn/images/yxzj/zlkdatasys/audios/audio/20240306/17097132189797.mp3"
        }
      ],
      "name": "落雪白狼"
    }
  ]
}
