{
  "data": [
    {
      "voice": [
        {
          "text": "因剑而生！",
          "link": "//game.gtimg.cn/images/yxzj/zlkdatasys/audios/audio/20220412/16497663888923.wav"
        },
        {
          "text": "永不背叛！",
          "link": "//game.gtimg.cn/images/yxzj/zlkdatasys/audios/audio/20220412/16497664453009.wav"
        },
        {
          "text": "为了王者的形象，连睡觉也穿着铠甲！",
          "link": "//game.gtimg.cn/images/yxzj/zlkdatasys/audios/audio/20220412/16497664779690.wav"
        },
        {
          "text": "命运所在，别无选择。",
          "link": "//game.gtimg.cn/images/yxzj/zlkdatasys/audios/audio/20220412/16497665019062.wav"
        },
        {
          "text": "不要被欲望玷污。",
          "link": "//game.gtimg.cn/images/yxzj/zlkdatasys/audios/audio/20220412/16497665262602.wav"
        },
        {
          "text": "理想乡呼唤着我！",
          "link": "//game.gtimg.cn/images/yxzj/zlkdatasys/audios/audio/20220412/16497665591692.wav"
        },
        {
          "text": "圣剑啊，你有看到那个敌人吗？",
          "link": "//game.gtimg.cn/images/yxzj/zlkdatasys/audios/audio/20220412/16497665755567.wav"
        },
        {
          "text": "王者背负，王者审判，王者不可阻挡！",
          "link": "//game.gtimg.cn/images/yxzj/zlkdatasys/audios/audio/20220412/16497666692737.wav"
        },
        {
          "text": "因剑而亡！",
          "link": "//game.gtimg.cn/images/yxzj/zlkdatasys/audios/audio/20220412/16497667354985.wav"
        },
        {
          "text": "以圣剑的名义，冲锋！",
          "link": "//game.gtimg.cn/images/yxzj/zlkdatasys/audios/audio/20220412/16497670561695.wav"
        },
        {
          "text": "见证奇迹吧！",
          "link": "//game.gtimg.cn/images/yxzj/zlkdatasys/audios/audio/20220412/16497670979654.wav"
        },
        {
          "text": "Excalibur！",
          "link": "//game.gtimg.cn/images/yxzj/zlkdatasys/audios/audio/20220412/16497671229903.wav"
        },
        {
          "text": "圣剑的裁决！",
          "link": "//game.gtimg.cn/images/yxzj/zlkdatasys/audios/audio/20220412/16497671528301.wav"
        },
        {
          "text": "感谢你的牺牲！",
          "link": "//game.gtimg.cn/images/yxzj/zlkdatasys/audios/audio/20220412/16497671989615.wav"
        },
        {
          "text": "安息吧",
          "link": "//game.gtimg.cn/images/yxzj/zlkdatasys/audios/audio/20220412/16497672174363.wav"
        },
        {
          "text": "圣剑选择我，因为它也爱好在朋友圈发五杀战绩。",
          "link": "//game.gtimg.cn/images/yxzj/zlkdatasys/audios/audio/20220412/16497672322163.wav"
        },
        {
          "text": "命运指引我来到此处",
          "link": "//game.gtimg.cn/images/yxzj/zlkdatasys/audios/audio/20220428/16511328887433.mp3"
        },
        {
          "text": "骑士，永不背叛",
          "link": "//game.gtimg.cn/images/yxzj/zlkdatasys/audios/audio/20220428/16511329226542.mp3"
        }
      ],
      "name": "原皮"
    },
    {
      "voice": [
        {
          "text": "逻辑，世间唯一的真理和永恒。",
          "link": "//game.gtimg.cn/images/yxzj/zlkdatasys/audios/audio/20220412/16497674013968.wav"
        },
        {
          "text": "理性！规则！秩序井然！",
          "link": "//game.gtimg.cn/images/yxzj/zlkdatasys/audios/audio/20220412/16497674186230.wav"
        },
        {
          "text": "别叫我什么正经侠，听起来很不正经啊！",
          "link": "//game.gtimg.cn/images/yxzj/zlkdatasys/audios/audio/20220412/16497674362748.wav"
        },
        {
          "text": "强烈存在感，需要组织语言。快扔掉感性，变得像我一样性感",
          "link": "//game.gtimg.cn/images/yxzj/zlkdatasys/audios/audio/20220412/16497674917992.wav"
        },
        {
          "text": "有人竟说这个黑白世界没有色彩，可笑！",
          "link": "//game.gtimg.cn/images/yxzj/zlkdatasys/audios/audio/20220412/16497675301238.wav"
        },
        {
          "text": "双马尾，系统无法识别的事物。",
          "link": "//game.gtimg.cn/images/yxzj/zlkdatasys/audios/audio/20220412/16497675482008.wav"
        },
        {
          "text": "眼里看不到春天，也看不到其余三个季节。",
          "link": "//game.gtimg.cn/images/yxzj/zlkdatasys/audios/audio/20220412/16497675642779.wav"
        },
        {
          "text": "又一天过去了，怎么样，是不是离梦想更远了？",
          "link": "//game.gtimg.cn/images/yxzj/zlkdatasys/audios/audio/20220412/16497675782420.wav"
        },
        {
          "text": "世界原来是彩色的",
          "link": "//game.gtimg.cn/images/yxzj/zlkdatasys/audios/audio/20220412/16497676626241.wav"
        },
        {
          "text": "战斗，让我冷血沸腾",
          "link": "//game.gtimg.cn/images/yxzj/zlkdatasys/audios/audio/20220412/16497676962409.wav"
        },
        {
          "text": "尝尝重金属的滋味",
          "link": "//game.gtimg.cn/images/yxzj/zlkdatasys/audios/audio/20220412/16497677594350.wav"
        },
        {
          "text": "叫我老古板的下场",
          "link": "//game.gtimg.cn/images/yxzj/zlkdatasys/audios/audio/20220412/16497677765432.wav"
        },
        {
          "text": "我会强行关闭你的运行，哥们",
          "link": "//game.gtimg.cn/images/yxzj/zlkdatasys/audios/audio/20220412/16497678265992.wav"
        }
      ],
      "name": "心灵战警"
    },
    {
      "voice": [
        {
          "text": "亡灵们，执行我的意志！",
          "link": "//game.gtimg.cn/images/yxzj/zlkdatasys/audios/audio/20220412/16497682273408.wav"
        },
        {
          "text": "没错，这是黑化后的亚瑟。现在最流行的设定。",
          "link": "//game.gtimg.cn/images/yxzj/zlkdatasys/audios/audio/20220412/16497682462336.wav"
        },
        {
          "text": "向我乞求怜悯吧，我会狠狠拒绝你！",
          "link": "//game.gtimg.cn/images/yxzj/zlkdatasys/audios/audio/20220412/16497682657855.wav"
        },
        {
          "text": "不断复生，直至征服世界！",
          "link": "//game.gtimg.cn/images/yxzj/zlkdatasys/audios/audio/20220412/16497682841296.wav"
        },
        {
          "text": "你们前进的动力真的是正义吗？呵呵呵呵……",
          "link": "//game.gtimg.cn/images/yxzj/zlkdatasys/audios/audio/20220412/16497683014769.wav"
        },
        {
          "text": "吾乃死亡骑士，并非死掉的骑士！",
          "link": "//game.gtimg.cn/images/yxzj/zlkdatasys/audios/audio/20220412/16497683202213.wav"
        },
        {
          "text": "好友名单上的头一个就是巫喵王。",
          "link": "//game.gtimg.cn/images/yxzj/zlkdatasys/audios/audio/20220412/16497683411666.wav"
        },
        {
          "text": "永久的归宿",
          "link": "//game.gtimg.cn/images/yxzj/zlkdatasys/audios/audio/20220412/16497684268172.wav"
        },
        {
          "text": "以死亡的名义，冲锋！",
          "link": "//game.gtimg.cn/images/yxzj/zlkdatasys/audios/audio/20220412/16497684857883.wav"
        },
        {
          "text": "上吧，行尸走肉们~",
          "link": "//game.gtimg.cn/images/yxzj/zlkdatasys/audios/audio/20220412/16497685088294.wav"
        },
        {
          "text": "黑暗的庇护！",
          "link": "//game.gtimg.cn/images/yxzj/zlkdatasys/audios/audio/20220412/16497685354751.wav"
        },
        {
          "text": "释放仇恨！",
          "link": "//game.gtimg.cn/images/yxzj/zlkdatasys/audios/audio/20220412/16497685529658.wav"
        },
        {
          "text": "堕落吧！",
          "link": "//game.gtimg.cn/images/yxzj/zlkdatasys/audios/audio/20220412/16497685689822.wav"
        },
        {
          "text": "折磨他们！",
          "link": "//game.gtimg.cn/images/yxzj/zlkdatasys/audios/audio/20220412/16497685854549.wav"
        },
        {
          "text": "冰封王座太冷，是时候来点热身运动了。",
          "link": "//game.gtimg.cn/images/yxzj/zlkdatasys/audios/audio/20220412/16497688679878.wav"
        }
      ],
      "name": "死亡骑士"
    },
    {
      "voice": [
        {
          "text": "离她最近的一刻，就是离真相最近的一刻！",
          "link": "//game.gtimg.cn/images/yxzj/zlkdatasys/audios/audio/20230629/16880237889523.mp3"
        },
        {
          "text": "不必恐慌，如你所见，我是一位遵纪守法的巫师。",
          "link": "//game.gtimg.cn/images/yxzj/zlkdatasys/audios/audio/20230629/16880238206598.mp3"
        },
        {
          "text": "请放弃无谓的抵抗，你已经被我包围了。",
          "link": "//game.gtimg.cn/images/yxzj/zlkdatasys/audios/audio/20230629/16880238563586.mp3"
        },
        {
          "text": "为善恶划分边界，为魔法设定规则，这就是管理员的日常工作。",
          "link": "//game.gtimg.cn/images/yxzj/zlkdatasys/audios/audio/20230629/16880223243870.mp3"
        },
        {
          "text": "魔法部安全出行手册提醒，警惕附近出没的双马尾。",
          "link": "//game.gtimg.cn/images/yxzj/zlkdatasys/audios/audio/20230629/16880223769093.mp3"
        },
        {
          "text": "禁止随地滥用魔法，除非你想上黑名单的话。",
          "link": "//game.gtimg.cn/images/yxzj/zlkdatasys/audios/audio/20230629/16880224054900.mp3"
        },
        {
          "text": "再快点儿！不然嫌疑魔女就要跟丢了。",
          "link": "//game.gtimg.cn/images/yxzj/zlkdatasys/audios/audio/20230629/16880224602085.mp3"
        },
        {
          "text": "魔女的心思，比中古咒语更难理解的存在。",
          "link": "//game.gtimg.cn/images/yxzj/zlkdatasys/audios/audio/20230629/16880224916642.mp3"
        },
        {
          "text": "秩序之内，魔法构筑均衡。",
          "link": "//game.gtimg.cn/images/yxzj/zlkdatasys/audios/audio/20230629/16880225215175.mp3"
        },
        {
          "text": "滥用魔法的恶果！",
          "link": "//game.gtimg.cn/images/yxzj/zlkdatasys/audios/audio/20230629/16880225903527.mp3"
        },
        {
          "text": "嫌疑巫师已逮捕！",
          "link": "//game.gtimg.cn/images/yxzj/zlkdatasys/audios/audio/20230629/16880226328985.mp3"
        },
        {
          "text": "尽快通知... 其他管理员...",
          "link": "//game.gtimg.cn/images/yxzj/zlkdatasys/audios/audio/20230629/16880226614414.mp3"
        },
        {
          "text": "放下武器，我将保留你与魔法部申诉的权利。",
          "link": "//game.gtimg.cn/images/yxzj/zlkdatasys/audios/audio/20230629/16880226897391.mp3"
        },
        {
          "text": "紧急出勤！",
          "link": "//game.gtimg.cn/images/yxzj/zlkdatasys/audios/audio/20230629/16880227246152.mp3"
        },
        {
          "text": "前方锁定——黑名单人员",
          "link": "//game.gtimg.cn/images/yxzj/zlkdatasys/audios/audio/20230629/16880227522039.mp3"
        },
        {
          "text": "魔盾护身！",
          "link": "//game.gtimg.cn/images/yxzj/zlkdatasys/audios/audio/20230629/16880227806494.mp3"
        },
        {
          "text": "秩序，予你自由！",
          "link": "//game.gtimg.cn/images/yxzj/zlkdatasys/audios/audio/20230629/16880228096943.mp3"
        },
        {
          "text": "最后通牒！",
          "link": "//game.gtimg.cn/images/yxzj/zlkdatasys/audios/audio/20230629/16880228356549.mp3"
        },
        {
          "text": "总部禁令，不容挑衅！",
          "link": "//game.gtimg.cn/images/yxzj/zlkdatasys/audios/audio/20230629/16880228656385.mp3"
        },
        {
          "text": "以管理员的名义，奉劝阁下放弃针对魔法部的恶作剧。",
          "link": "//game.gtimg.cn/images/yxzj/zlkdatasys/audios/audio/20230629/16880228944310.mp3"
        },
        {
          "text": "这一次，一定不会让你再逃掉了！",
          "link": "//game.gtimg.cn/images/yxzj/zlkdatasys/audios/audio/20230629/16880229314611.mp3"
        },
        {
          "text": "你确定这次真的是惊喜不是惊吓……？",
          "link": "//game.gtimg.cn/images/yxzj/zlkdatasys/audios/audio/20230629/16880229642899.mp3"
        },
        {
          "text": "这次的目标——抓住一个爱捣蛋的小魔女。",
          "link": "//game.gtimg.cn/images/yxzj/zlkdatasys/audios/audio/20230629/16880229939839.mp3"
        },
        {
          "text": "敬告诸位，不要靠近我的皮箱！额啊啊啊啊啊",
          "link": "//game.gtimg.cn/images/yxzj/zlkdatasys/audios/audio/20230629/16880230292981.mp3"
        },
        {
          "text": "呃啊啊啊啊……谁能知道让它们听话的咒语？",
          "link": "//game.gtimg.cn/images/yxzj/zlkdatasys/audios/audio/20230629/16880230752538.mp3"
        }
      ],
      "name": "追逃游戏"
    }
  ]
}