{
  "data": [
    {
      "voice": [
        {
          "text": "光明源自阴影~",
          "link": "//game.gtimg.cn/images/yxzj/zlkdatasys/audios/audio/20220410/16495752742868.wav"
        },
        {
          "text": "记忆触手可及，蓝天延绵不绝。",
          "link": "//game.gtimg.cn/images/yxzj/zlkdatasys/audios/audio/20220410/16495752903643.wav"
        },
        {
          "text": "黑夜苏醒盲目，东边归去飞鸟~",
          "link": "//game.gtimg.cn/images/yxzj/zlkdatasys/audios/audio/20220410/16495755901273.wav"
        },
        {
          "text": "世上所有不可爱的人，都归我云中神君管。",
          "link": "//game.gtimg.cn/images/yxzj/zlkdatasys/audios/audio/20220410/16495756114224.wav"
        },
        {
          "text": "我梳过头了，还吹过了。",
          "link": "//game.gtimg.cn/images/yxzj/zlkdatasys/audios/audio/20220410/16495756241648.wav"
        },
        {
          "text": "把每片叶子从头到脚搜一遍。",
          "link": "//game.gtimg.cn/images/yxzj/zlkdatasys/audios/audio/20220410/16495756381189.wav"
        },
        {
          "text": "隔开云梦泽的不是东边和西边，而是规则与偏见。",
          "link": "//game.gtimg.cn/images/yxzj/zlkdatasys/audios/audio/20220410/16495756532874.wav"
        },
        {
          "text": "有的神明，住在你我的目光中。",
          "link": "//game.gtimg.cn/images/yxzj/zlkdatasys/audios/audio/20220410/16495756673685.wav"
        },
        {
          "text": "这不是死……是回天上。",
          "link": "//game.gtimg.cn/images/yxzj/zlkdatasys/audios/audio/20220410/16495756868915.wav"
        },
        {
          "text": "眼明心亮",
          "link": "//game.gtimg.cn/images/yxzj/zlkdatasys/audios/audio/20220410/16495757149284.wav"
        },
        {
          "text": "与日月齐光~",
          "link": "//game.gtimg.cn/images/yxzj/zlkdatasys/audios/audio/20220410/16495757266160.wav"
        },
        {
          "text": "来，美丑共舞~",
          "link": "//game.gtimg.cn/images/yxzj/zlkdatasys/audios/audio/20220410/16495757412062.wav"
        },
        {
          "text": "听见歌声了吗？",
          "link": "//game.gtimg.cn/images/yxzj/zlkdatasys/audios/audio/20220410/16495757564140.wav"
        },
        {
          "text": "轻盈的东西最锋利。",
          "link": "//game.gtimg.cn/images/yxzj/zlkdatasys/audios/audio/20220410/16495757702430.wav"
        },
        {
          "text": "~我下雪了。",
          "link": "//game.gtimg.cn/images/yxzj/zlkdatasys/audios/audio/20220410/16495757887049.wav"
        },
        {
          "text": "总有人死于灵魂过低~",
          "link": "//game.gtimg.cn/images/yxzj/zlkdatasys/audios/audio/20220410/16495758084752.wav"
        },
        {
          "text": "光脚的不怕穿鞋的~",
          "link": "//game.gtimg.cn/images/yxzj/zlkdatasys/audios/audio/20220410/16495758375931.wav"
        },
        {
          "text": "东神说，谁再捣蛋就把她的鹿角割下来。",
          "link": "//game.gtimg.cn/images/yxzj/zlkdatasys/audios/audio/20220410/16495758564769.wav"
        },
        {
          "text": "窗户已经派人在修了。",
          "link": "//game.gtimg.cn/images/yxzj/zlkdatasys/audios/audio/20220410/16495758701734.wav"
        },
        {
          "text": "听说你是个需要仰视的男人。",
          "link": "//game.gtimg.cn/images/yxzj/zlkdatasys/audios/audio/20220410/16495758871925.wav"
        }
      ],
      "name": "原皮"
    },
    {
      "voice": [
        {
          "text": "人世流传，自有天定，那仙人，是否也在这天定中？",
          "link": "//game.gtimg.cn/images/yxzj/zlkdatasys/audios/audio/20220415/16500038465193.wav"
        },
        {
          "text": "我从风中听见星流，听见云动，听见……呦呦？",
          "link": "//game.gtimg.cn/images/yxzj/zlkdatasys/audios/audio/20220415/16500038791552.wav"
        },
        {
          "text": "万千星河，化作这世间因缘际会",
          "link": "//game.gtimg.cn/images/yxzj/zlkdatasys/audios/audio/20220415/16500038644056.mp3"
        },
        {
          "text": "噢，人间又起风了",
          "link": "//game.gtimg.cn/images/yxzj/zlkdatasys/audios/audio/20220410/16495770618280.wav"
        },
        {
          "text": "除了星光，我什么也看不见",
          "link": "//game.gtimg.cn/images/yxzj/zlkdatasys/audios/audio/20220410/16495770735102.wav"
        },
        {
          "text": "羽毛或许会污秽，但心，永远不会",
          "link": "//game.gtimg.cn/images/yxzj/zlkdatasys/audios/audio/20220410/16495770907819.wav"
        },
        {
          "text": "人间遍地的灯火，那是他们的星夜吗？",
          "link": "//game.gtimg.cn/images/yxzj/zlkdatasys/audios/audio/20220410/16495771046008.wav"
        },
        {
          "text": "天上没有过去，因为过去的每一日，都如今日",
          "link": "//game.gtimg.cn/images/yxzj/zlkdatasys/audios/audio/20220410/16495771174014.wav"
        },
        {
          "text": "影子……终将回到天上……",
          "link": "//game.gtimg.cn/images/yxzj/zlkdatasys/audios/audio/20220410/16495771331330.wav"
        },
        {
          "text": "用利爪，刺破虚妄",
          "link": "//game.gtimg.cn/images/yxzj/zlkdatasys/audios/audio/20220410/16495771543318.wav"
        },
        {
          "text": "以风翱翔",
          "link": "//game.gtimg.cn/images/yxzj/zlkdatasys/audios/audio/20220410/16495771687338.wav"
        },
        {
          "text": "金羽天来",
          "link": "//game.gtimg.cn/images/yxzj/zlkdatasys/audios/audio/20220410/16495771822196.wav"
        },
        {
          "text": "千羽尽落，诛无生",
          "link": "//game.gtimg.cn/images/yxzj/zlkdatasys/audios/audio/20220410/16495772003572.wav"
        },
        {
          "text": "尔等虚伪之人，注定被星海遗弃",
          "link": "//game.gtimg.cn/images/yxzj/zlkdatasys/audios/audio/20220410/16495772204619.wav"
        },
        {
          "text": "今日星轨，并无异动。",
          "link": "//game.gtimg.cn/images/yxzj/zlkdatasys/audios/audio/20220410/16495772359479.wav"
        }
      ],
      "name": "纤云弄巧"
    },
    {
      "voice": [
        {
          "text": "嗯....以守护者之名，桎梏于传说中的魔法禁地……\n我是否，也曾许下愿望？",
          "link": "//game.gtimg.cn/images/yxzj/zlkdatasys/audios/audio/20220415/16500039618139.mp3"
        },
        {
          "text": "她是…穿越无尽迷雾……所有偶遇，皆为重逢",
          "link": "//game.gtimg.cn/images/yxzj/zlkdatasys/audios/audio/20220415/16500039811011.mp3"
        },
        {
          "text": "嗯...仿佛一个似曾相识的梦……危险！……过往会被封印，但未来不会",
          "link": "//game.gtimg.cn/images/yxzj/zlkdatasys/audios/audio/20220415/16500039407752.mp3"
        },
        {
          "text": "我似乎，遗忘了一个很重要的约定……",
          "link": "//game.gtimg.cn/images/yxzj/zlkdatasys/audios/audio/20220411/16496470875383.wav"
        },
        {
          "text": "在梦里没有禁地守护者，我只是个寻找四叶草的普通人……为了，什么愿望呢？",
          "link": "//game.gtimg.cn/images/yxzj/zlkdatasys/audios/audio/20220411/16496471036924.wav"
        },
        {
          "text": "但凡存在，必有迹可循",
          "link": "//game.gtimg.cn/images/yxzj/zlkdatasys/audios/audio/20220411/16496471197184.wav"
        },
        {
          "text": "偶尔，天空也会看向吵闹的大地",
          "link": "//game.gtimg.cn/images/yxzj/zlkdatasys/audios/audio/20220411/16496471329238.wav"
        },
        {
          "text": "魔法没有想到，有的东西可以藏这么深",
          "link": "//game.gtimg.cn/images/yxzj/zlkdatasys/audios/audio/20220411/16496471476013.wav"
        },
        {
          "text": "来路与归途，有时比想象中更接近",
          "link": "//game.gtimg.cn/images/yxzj/zlkdatasys/audios/audio/20220411/16496471622082.wav"
        },
        {
          "text": "许愿的法则是，说出来才能实现",
          "link": "//game.gtimg.cn/images/yxzj/zlkdatasys/audios/audio/20220411/16496471753583.wav"
        },
        {
          "text": "或许我们，可以创造全新的过去",
          "link": "//game.gtimg.cn/images/yxzj/zlkdatasys/audios/audio/20220411/16496472056230.wav"
        },
        {
          "text": "记忆被封印在……看不见的风里……",
          "link": "//game.gtimg.cn/images/yxzj/zlkdatasys/audios/audio/20220411/16496472253405.wav"
        },
        {
          "text": "不要，再一次遗忘……",
          "link": "//game.gtimg.cn/images/yxzj/zlkdatasys/audios/audio/20220411/16496472368667.wav"
        },
        {
          "text": "这里不是属于你的世界，速速离开",
          "link": "//game.gtimg.cn/images/yxzj/zlkdatasys/audios/audio/20220411/16496472577426.wav"
        },
        {
          "text": "以宿命终结宿命！",
          "link": "//game.gtimg.cn/images/yxzj/zlkdatasys/audios/audio/20220411/16496472729733.wav"
        },
        {
          "text": "风随心动！",
          "link": "//game.gtimg.cn/images/yxzj/zlkdatasys/audios/audio/20220411/16496472898906.wav"
        },
        {
          "text": "与天空同行！",
          "link": "//game.gtimg.cn/images/yxzj/zlkdatasys/audios/audio/20220411/16496473066412.wav"
        },
        {
          "text": "向远方看！",
          "link": "//game.gtimg.cn/images/yxzj/zlkdatasys/audios/audio/20220411/16496473252929.wav"
        },
        {
          "text": "冲破 记忆枷锁",
          "link": "//game.gtimg.cn/images/yxzj/zlkdatasys/audios/audio/20220411/16496473395201.wav"
        },
        {
          "text": "如约而来~",
          "link": "//game.gtimg.cn/images/yxzj/zlkdatasys/audios/audio/20220411/16496473601809.wav"
        },
        {
          "text": "再无拘束！",
          "link": "//game.gtimg.cn/images/yxzj/zlkdatasys/audios/audio/20220411/16496473742080.wav"
        },
        {
          "text": "……咒语解除",
          "link": "//game.gtimg.cn/images/yxzj/zlkdatasys/audios/audio/20220415/16500039225532.wav"
        },
        {
          "text": "这是我所守卫的领域",
          "link": "//game.gtimg.cn/images/yxzj/zlkdatasys/audios/audio/20220411/16496474442265.wav"
        },
        {
          "text": "有些东西，用眼睛是看不到的",
          "link": "//game.gtimg.cn/images/yxzj/zlkdatasys/audios/audio/20220411/16496475054389.wav"
        },
        {
          "text": "一个……已经实现的愿望。",
          "link": "//game.gtimg.cn/images/yxzj/zlkdatasys/audios/audio/20220411/16496523619036.mp3"
        },
        {
          "text": "嗯，相信",
          "link": "//game.gtimg.cn/images/yxzj/zlkdatasys/audios/audio/20220411/16496523788242.wav"
        },
        {
          "text": "他们一起找到了它。",
          "link": "//game.gtimg.cn/images/yxzj/zlkdatasys/audios/audio/20220411/16496523916172.wav"
        }
      ],
      "name": "时之祈愿"
    }
  ]
}