{
  "data": [
    {
      "voice": [
        {
          "text": "心在寰宇，自得自在。",
          "link": "//game.gtimg.cn/images/yxzj/zlkdatasys/audios/audio/20221129/16697121099535.mp3"
        },
        {
          "text": "红尘万象，诸多烦恼，既是修行，也是乐事。",
          "link": "//game.gtimg.cn/images/yxzj/zlkdatasys/audios/audio/20221129/16697121264466.mp3"
        },
        {
          "text": "生有时，死有命，顺本心，当无憾。",
          "link": "//game.gtimg.cn/images/yxzj/zlkdatasys/audios/audio/20221129/16697121476593.mp3"
        },
        {
          "text": "人非草木，孰能无情。",
          "link": "//game.gtimg.cn/images/yxzj/zlkdatasys/audios/audio/20221129/16697071223438.mp3"
        },
        {
          "text": "生和死，我早已徘徊过无数次。",
          "link": "//game.gtimg.cn/images/yxzj/zlkdatasys/audios/audio/20221129/16697071754037.mp3"
        },
        {
          "text": "人生一世，总有许多不能十全十美之事。",
          "link": "//game.gtimg.cn/images/yxzj/zlkdatasys/audios/audio/20221129/16697072081945.mp3"
        },
        {
          "text": "不为无益之事，何以悦有涯之生。",
          "link": "//game.gtimg.cn/images/yxzj/zlkdatasys/audios/audio/20221129/16697072406688.mp3"
        },
        {
          "text": "阴阳变化万千，大道亘古恒常。",
          "link": "//game.gtimg.cn/images/yxzj/zlkdatasys/audios/audio/20221129/16697072651339.mp3"
        },
        {
          "text": "就算欲望再多，也不要迷失本心。",
          "link": "//game.gtimg.cn/images/yxzj/zlkdatasys/audios/audio/20221129/16697072966986.mp3"
        },
        {
          "text": "人生天地，若白驹过隙，忽然而已。",
          "link": "//game.gtimg.cn/images/yxzj/zlkdatasys/audios/audio/20221129/16697074215973.mp3"
        },
        {
          "text": "生死悠悠尔，一气聚散之。",
          "link": "//game.gtimg.cn/images/yxzj/zlkdatasys/audios/audio/20221129/16697074459970.mp3"
        },
        {
          "text": "人生如寄，皆是归人。",
          "link": "//game.gtimg.cn/images/yxzj/zlkdatasys/audios/audio/20221129/16697074973969.mp3"
        },
        {
          "text": "修行，亦是修心。",
          "link": "//game.gtimg.cn/images/yxzj/zlkdatasys/audios/audio/20221129/16697075379342.mp3"
        },
        {
          "text": "能见广阔天地之眼，必是低首俯察之目。",
          "link": "//game.gtimg.cn/images/yxzj/zlkdatasys/audios/audio/20221129/16697075599504.mp3"
        },
        {
          "text": "尊驾来如风雨，为何去似微尘。",
          "link": "//game.gtimg.cn/images/yxzj/zlkdatasys/audios/audio/20221129/16697076075626.mp3"
        },
        {
          "text": "一气融结，万象胚浑。",
          "link": "//game.gtimg.cn/images/yxzj/zlkdatasys/audios/audio/20221129/16697076641563.mp3"
        },
        {
          "text": "大象无形，道隐无名。",
          "link": "//game.gtimg.cn/images/yxzj/zlkdatasys/audios/audio/20221129/16697077344342.mp3"
        },
        {
          "text": "和其光，同其尘。",
          "link": "//game.gtimg.cn/images/yxzj/zlkdatasys/audios/audio/20221129/16697077541296.mp3"
        },
        {
          "text": "芸芸众生，各复其归根。",
          "link": "//game.gtimg.cn/images/yxzj/zlkdatasys/audios/audio/20221129/16697077767628.mp3"
        },
        {
          "text": "对不起，我食言了……",
          "link": "//game.gtimg.cn/images/yxzj/zlkdatasys/audios/audio/20221129/16697078049734.mp3"
        },
        {
          "text": "气散风止……",
          "link": "//game.gtimg.cn/images/yxzj/zlkdatasys/audios/audio/20221129/16697078254954.mp3"
        },
        {
          "text": "返璞归真……",
          "link": "//game.gtimg.cn/images/yxzj/zlkdatasys/audios/audio/20221129/16697080655387.mp3"
        },
        {
          "text": "云气来",
          "link": "//game.gtimg.cn/images/yxzj/zlkdatasys/audios/audio/20221129/16697082837604.mp3"
        },
        {
          "text": "秋风扫落叶",
          "link": "//game.gtimg.cn/images/yxzj/zlkdatasys/audios/audio/20221129/16697083017973.mp3"
        },
        {
          "text": "拨云见明",
          "link": "//game.gtimg.cn/images/yxzj/zlkdatasys/audios/audio/20221129/16697083259071.mp3"
        },
        {
          "text": "折转",
          "link": "//game.gtimg.cn/images/yxzj/zlkdatasys/audios/audio/20221129/16697083476895.mp3"
        },
        {
          "text": "观心",
          "link": "//game.gtimg.cn/images/yxzj/zlkdatasys/audios/audio/20221129/16697083686414.mp3"
        },
        {
          "text": "以静制动",
          "link": "//game.gtimg.cn/images/yxzj/zlkdatasys/audios/audio/20221129/16697084279404.mp3"
        },
        {
          "text": "心如止水",
          "link": "//game.gtimg.cn/images/yxzj/zlkdatasys/audios/audio/20221129/16697084557649.mp3"
        },
        {
          "text": "虚怀若谷",
          "link": "//game.gtimg.cn/images/yxzj/zlkdatasys/audios/audio/20221129/16697084824319.mp3"
        },
        {
          "text": "气动山河",
          "link": "//game.gtimg.cn/images/yxzj/zlkdatasys/audios/audio/20221129/16697084993782.mp3"
        },
        {
          "text": "震",
          "link": "//game.gtimg.cn/images/yxzj/zlkdatasys/audios/audio/20221129/16697085205351.mp3"
        },
        {
          "text": "散",
          "link": "//game.gtimg.cn/images/yxzj/zlkdatasys/audios/audio/20221129/16697085342477.mp3"
        },
        {
          "text": "物极必反",
          "link": "//game.gtimg.cn/images/yxzj/zlkdatasys/audios/audio/20221129/16697085545076.mp3"
        },
        {
          "text": "破",
          "link": "//game.gtimg.cn/images/yxzj/zlkdatasys/audios/audio/20221129/16697085705550.mp3"
        },
        {
          "text": "断",
          "link": "//game.gtimg.cn/images/yxzj/zlkdatasys/audios/audio/20221129/16697085867644.mp3"
        },
        {
          "text": "气随心动，变化万千",
          "link": "//game.gtimg.cn/images/yxzj/zlkdatasys/audios/audio/20221129/16697086295692.mp3"
        },
        {
          "text": "一气之变，所适万形",
          "link": "//game.gtimg.cn/images/yxzj/zlkdatasys/audios/audio/20221129/16697086789873.mp3"
        },
        {
          "text": "天地合气，万物自生",
          "link": "//game.gtimg.cn/images/yxzj/zlkdatasys/audios/audio/20221129/16697087009897.mp3"
        },
        {
          "text": "阴阳逆转",
          "link": "//game.gtimg.cn/images/yxzj/zlkdatasys/audios/audio/20221129/16697087232000.mp3"
        },
        {
          "text": "扭转乾坤",
          "link": "//game.gtimg.cn/images/yxzj/zlkdatasys/audios/audio/20221129/16697087413710.mp3"
        },
        {
          "text": "物换星移",
          "link": "//game.gtimg.cn/images/yxzj/zlkdatasys/audios/audio/20221129/16697087602761.mp3"
        },
        {
          "text": "万川归一",
          "link": "//game.gtimg.cn/images/yxzj/zlkdatasys/audios/audio/20221129/16697087813075.mp3"
        },
        {
          "text": "我是病人，又不是废人。",
          "link": "//game.gtimg.cn/images/yxzj/zlkdatasys/audios/audio/20221129/16697090522391.mp3"
        },
        {
          "text": "清夜无尘，月色如银，何人叹隙中驹，石中火，梦中身。",
          "link": "//game.gtimg.cn/images/yxzj/zlkdatasys/audios/audio/20221129/16697090873076.mp3"
        },
        {
          "text": "死亡，不过是一场经常误入的梦。",
          "link": "//game.gtimg.cn/images/yxzj/zlkdatasys/audios/audio/20221129/16697091288769.mp3"
        },
        {
          "text": "当年寻常事，回首只此身。",
          "link": "//game.gtimg.cn/images/yxzj/zlkdatasys/audios/audio/20221129/16697091677878.mp3"
        },
        {
          "text": "静坐竹林白石，只觉漫天山色，皆来相就。",
          "link": "//game.gtimg.cn/images/yxzj/zlkdatasys/audios/audio/20221129/16697092012615.mp3"
        },
        {
          "text": "这些桃花，有时没一个人来看，只是静静开着，却也很好。",
          "link": "//game.gtimg.cn/images/yxzj/zlkdatasys/audios/audio/20221129/16697092504676.mp3"
        },
        {
          "text": "回首看来路，山河忽已秋。",
          "link": "//game.gtimg.cn/images/yxzj/zlkdatasys/audios/audio/20221129/16697092783868.mp3"
        },
        {
          "text": "无事此静坐，一日似两日。",
          "link": "//game.gtimg.cn/images/yxzj/zlkdatasys/audios/audio/20221129/16697093006193.mp3"
        },
        {
          "text": "以前我总想学父亲，看遍天下，走遍天下。",
          "link": "//game.gtimg.cn/images/yxzj/zlkdatasys/audios/audio/20221129/16697093209159.mp3"
        },
        {
          "text": "夜来风雨，花落无算，竹笛清风，碧草横天。",
          "link": "//game.gtimg.cn/images/yxzj/zlkdatasys/audios/audio/20221129/16697093509964.mp3"
        },
        {
          "text": "家，对于我来说，就是天边月，越来越可望不可即。",
          "link": "//game.gtimg.cn/images/yxzj/zlkdatasys/audios/audio/20221129/16697093765944.mp3"
        },
        {
          "text": "肩上担清风，眉间无愁云。",
          "link": "//game.gtimg.cn/images/yxzj/zlkdatasys/audios/audio/20221129/16697094013300.mp3"
        },
        {
          "text": "独对一方草木，更见光阴多情。",
          "link": "//game.gtimg.cn/images/yxzj/zlkdatasys/audios/audio/20221129/16697094407437.mp3"
        },
        {
          "text": "明月清风，纵情山水，徒自羡矣。",
          "link": "//game.gtimg.cn/images/yxzj/zlkdatasys/audios/audio/20221129/16697094873595.mp3"
        },
        {
          "text": "清闲愈久，愈觉心中清明。",
          "link": "//game.gtimg.cn/images/yxzj/zlkdatasys/audios/audio/20221129/16697095128946.mp3"
        },
        {
          "text": "生命就是人身上的光。",
          "link": "//game.gtimg.cn/images/yxzj/zlkdatasys/audios/audio/20221129/16697095356503.mp3"
        },
        {
          "text": "心中介怀，盈满于胸，若无开解，便常成执念。",
          "link": "//game.gtimg.cn/images/yxzj/zlkdatasys/audios/audio/20221129/16697095606732.mp3"
        },
        {
          "text": "人非圣贤，孰能无过，掸落尘埃，继续向前。",
          "link": "//game.gtimg.cn/images/yxzj/zlkdatasys/audios/audio/20221129/16697095898118.mp3"
        },
        {
          "text": "每个人都有自己的底线，温和是休养，不是没有原则。",
          "link": "//game.gtimg.cn/images/yxzj/zlkdatasys/audios/audio/20221129/16697096148069.mp3"
        },
        {
          "text": "终日活在情绪的高阁，不如脚踏实地，触摸生活。",
          "link": "//game.gtimg.cn/images/yxzj/zlkdatasys/audios/audio/20221129/16697096388651.mp3"
        },
        {
          "text": "人生如雪中赶路，总要回头，才觉其美。",
          "link": "//game.gtimg.cn/images/yxzj/zlkdatasys/audios/audio/20221129/16697096611812.mp3"
        },
        {
          "text": "万物得一以生。",
          "link": "//game.gtimg.cn/images/yxzj/zlkdatasys/audios/audio/20221129/16697096826207.mp3"
        },
        {
          "text": "孤独者，自省，热闹者，自迷。",
          "link": "//game.gtimg.cn/images/yxzj/zlkdatasys/audios/audio/20221129/16697056748648.mp3"
        },
        {
          "text": "生死无定论，万事缘有道。",
          "link": "//game.gtimg.cn/images/yxzj/zlkdatasys/audios/audio/20221129/16697057066487.mp3"
        },
        {
          "text": "生死间，有大恐怖，就算看不透，又有什么办法。",
          "link": "//game.gtimg.cn/images/yxzj/zlkdatasys/audios/audio/20221129/16697057407194.mp3"
        },
        {
          "text": "人间一角，聊我暂存，无须满城云霞。",
          "link": "//game.gtimg.cn/images/yxzj/zlkdatasys/audios/audio/20221129/16697057707093.mp3"
        },
        {
          "text": "知易行难。",
          "link": "//game.gtimg.cn/images/yxzj/zlkdatasys/audios/audio/20221129/16697099138183.mp3"
        },
        {
          "text": "守我之静，待人之动。",
          "link": "//game.gtimg.cn/images/yxzj/zlkdatasys/audios/audio/20221129/16697131304606.mp3"
        },
        {
          "text": "无形无相，虚静无为。",
          "link": "//game.gtimg.cn/images/yxzj/zlkdatasys/audios/audio/20221129/16697100545223.mp3"
        },
        {
          "text": "阴阳中和，归太极一气。",
          "link": "//game.gtimg.cn/images/yxzj/zlkdatasys/audios/audio/20221129/16697100755095.mp3"
        },
        {
          "text": "听说伯父最近又得了一批传奇孤本，可否借我一些。",
          "link": "//game.gtimg.cn/images/yxzj/zlkdatasys/audios/audio/20221129/16697104097007.mp3"
        },
        {
          "text": "那日离家前往玄都观，我并不知道，以后再也无法回去。",
          "link": "//game.gtimg.cn/images/yxzj/zlkdatasys/audios/audio/20221129/16697104702703.mp3"
        },
        {
          "text": "劳伯父挂心，修行太极之术，至少让我拥有了选择。",
          "link": "//game.gtimg.cn/images/yxzj/zlkdatasys/audios/audio/20221129/16697104961559.mp3"
        },
        {
          "text": "多谢世叔指点。",
          "link": "//game.gtimg.cn/images/yxzj/zlkdatasys/audios/audio/20221129/16697106145390.mp3"
        },
        {
          "text": "坚守原则，方能不失本心。",
          "link": "//game.gtimg.cn/images/yxzj/zlkdatasys/audios/audio/20221129/16697106347751.mp3"
        },
        {
          "text": "长安乡邻护我病弱，重要之人皆在长安，对于我，长安就是家。",
          "link": "//game.gtimg.cn/images/yxzj/zlkdatasys/audios/audio/20221129/16697106592991.mp3"
        },
        {
          "text": "诸位大人谬赞，我不过平平一凡人。",
          "link": "//game.gtimg.cn/images/yxzj/zlkdatasys/audios/audio/20221129/16697106954669.mp3"
        },
        {
          "text": "顺应本心即为道。",
          "link": "//game.gtimg.cn/images/yxzj/zlkdatasys/audios/audio/20221129/16697107144837.mp3"
        },
        {
          "text": "你跟谁，都这么自来熟吗？",
          "link": "//game.gtimg.cn/images/yxzj/zlkdatasys/audios/audio/20221129/16697107345897.mp3"
        },
        {
          "text": "原来一个人一直不停地说话，会这么聒噪。",
          "link": "//game.gtimg.cn/images/yxzj/zlkdatasys/audios/audio/20221129/16697107567261.mp3"
        },
        {
          "text": "不论危险来自哪里，我都会守护。",
          "link": "//game.gtimg.cn/images/yxzj/zlkdatasys/audios/audio/20221129/16697107769253.mp3"
        },
        {
          "text": "如果是必须要做的事，就不用犹豫。",
          "link": "//game.gtimg.cn/images/yxzj/zlkdatasys/audios/audio/20221129/16697107966184.mp3"
        },
        {
          "text": "人生诚如梦，但我已投入其中，便不能不爱它。",
          "link": "//game.gtimg.cn/images/yxzj/zlkdatasys/audios/audio/20221129/16697108555403.mp3"
        },
        {
          "text": "只要是路，我都想走过。",
          "link": "//game.gtimg.cn/images/yxzj/zlkdatasys/audios/audio/20221129/16697108834606.mp3"
        },
        {
          "text": "你怎还在此处，密探的工作如此繁忙？",
          "link": "//game.gtimg.cn/images/yxzj/zlkdatasys/audios/audio/20221129/16697109478656.mp3"
        },
        {
          "text": "云将军英明神武，这长安，还有她搞不定的事？",
          "link": "//game.gtimg.cn/images/yxzj/zlkdatasys/audios/audio/20221129/16697109166883.mp3"
        },
        {
          "text": "就劳烦陛下，多遣人送些古书吧。",
          "link": "//game.gtimg.cn/images/yxzj/zlkdatasys/audios/audio/20221129/16697110122488.mp3"
        },
        {
          "text": "今日，真是漫长的一日。",
          "link": "//game.gtimg.cn/images/yxzj/zlkdatasys/audios/audio/20221129/16697110319067.mp3"
        },
        {
          "text": "长安的人那么多，为何，偏偏是我。",
          "link": "//game.gtimg.cn/images/yxzj/zlkdatasys/audios/audio/20221129/16697110623896.mp3"
        },
        {
          "text": "比起你漫长生命，我的人生，足够仓促，有何不同？",
          "link": "//game.gtimg.cn/images/yxzj/zlkdatasys/audios/audio/20221129/16697110864989.mp3"
        },
        {
          "text": "至少，那些门外的人，会继续获得精彩人生。",
          "link": "//game.gtimg.cn/images/yxzj/zlkdatasys/audios/audio/20221129/16697111112003.mp3"
        },
        {
          "text": "我还有很多遗憾，但，这就是我的选择。",
          "link": "//game.gtimg.cn/images/yxzj/zlkdatasys/audios/audio/20221129/16697111338905.mp3"
        },
        {
          "text": "以前我常在想，人生该如何度过，现在，无需烦恼了。",
          "link": "//game.gtimg.cn/images/yxzj/zlkdatasys/audios/audio/20221129/16697111557671.mp3"
        },
        {
          "text": "生命只有一次，何不在他最灿烂之时，尽情地发光。",
          "link": "//game.gtimg.cn/images/yxzj/zlkdatasys/audios/audio/20221129/16697115273473.mp3"
        },
        {
          "text": "自经患病，便常自问，人生最重要者，乃何物？",
          "link": "//game.gtimg.cn/images/yxzj/zlkdatasys/audios/audio/20221129/16697115527643.mp3"
        },
        {
          "text": "静坐一方之时，方才留意到，其他存在。",
          "link": "//game.gtimg.cn/images/yxzj/zlkdatasys/audios/audio/20221129/16697115741091.mp3"
        },
        {
          "text": "这不正好吗？以后长安三寺，属你最风光。",
          "link": "//game.gtimg.cn/images/yxzj/zlkdatasys/audios/audio/20221129/16697115989591.mp3"
        },
        {
          "text": "“孤苦无依，命悬一线”，没必要把我写这么惨吧？",
          "link": "//game.gtimg.cn/images/yxzj/zlkdatasys/audios/audio/20221129/16697116535955.mp3"
        },
        {
          "text": "玄都观香客众多，想不知道也难。",
          "link": "//game.gtimg.cn/images/yxzj/zlkdatasys/audios/audio/20221129/16697116954438.mp3"
        },
        {
          "text": "怎么说那戏折子也有我润色的功劳吧。",
          "link": "//game.gtimg.cn/images/yxzj/zlkdatasys/audios/audio/20221129/16697118238672.mp3"
        },
        {
          "text": "是是是，云大将军英明神武，无所不往。",
          "link": "//game.gtimg.cn/images/yxzj/zlkdatasys/audios/audio/20221129/16697118472144.mp3"
        },
        {
          "text": "我家后院，地势低洼，每逢雨季……",
          "link": "//game.gtimg.cn/images/yxzj/zlkdatasys/audios/audio/20221129/16697118697531.mp3"
        },
        {
          "text": "那我就先谢过云大将军了。",
          "link": "//game.gtimg.cn/images/yxzj/zlkdatasys/audios/audio/20221129/16697119009472.mp3"
        }
      ],
      "name": "原皮"
    },
    {
      "voice": [
        {
          "text": "岁华不改苍松意",
          "link": "//game.gtimg.cn/images/yxzj/zlkdatasys/audios/audio/20230823/16927753701927.mp3"
        },
        {
          "text": "有所思，方知千古不过一瞬。",
          "link": "//game.gtimg.cn/images/yxzj/zlkdatasys/audios/audio/20230823/16927753923285.mp3"
        },
        {
          "text": "自别后，忆相逢，几回新雨与君同。",
          "link": "//game.gtimg.cn/images/yxzj/zlkdatasys/audios/audio/20230823/16927754134992.mp3"
        },
        {
          "text": "世事千年如流水，只偶尔，生些别样波澜。",
          "link": "//game.gtimg.cn/images/yxzj/zlkdatasys/audios/audio/20230823/16927594973679.mp3"
        },
        {
          "text": "人观四时草木，草木亦观百代人生。",
          "link": "//game.gtimg.cn/images/yxzj/zlkdatasys/audios/audio/20230823/16927595753675.mp3"
        },
        {
          "text": "听闻神鹤一族温雅端方，却偏遇见，最与众不同的那只。",
          "link": "//game.gtimg.cn/images/yxzj/zlkdatasys/audios/audio/20230823/16927596201764.mp3"
        },
        {
          "text": "匪报也，永以为好。",
          "link": "//game.gtimg.cn/images/yxzj/zlkdatasys/audios/audio/20230823/16927596646664.mp3"
        },
        {
          "text": "可有人代我去信一封，告诉她“银汉又至，可缓缓归矣”",
          "link": "//game.gtimg.cn/images/yxzj/zlkdatasys/audios/audio/20230823/16927597062052.mp3"
        },
        {
          "text": "那只仙鹤，不会又因为贪玩，而忘了回来了吧。",
          "link": "//game.gtimg.cn/images/yxzj/zlkdatasys/audios/audio/20230823/16927597526192.mp3"
        },
        {
          "text": "与君一约，不随时移。",
          "link": "//game.gtimg.cn/images/yxzj/zlkdatasys/audios/audio/20230823/16927597979058.mp3"
        },
        {
          "text": "同愿山河如故！",
          "link": "//game.gtimg.cn/images/yxzj/zlkdatasys/audios/audio/20230823/16927598469236.mp3"
        },
        {
          "text": "山长水阔知何处",
          "link": "//game.gtimg.cn/images/yxzj/zlkdatasys/audios/audio/20230823/16927598981666.mp3"
        },
        {
          "text": "孤鹤一去，不见复返",
          "link": "//game.gtimg.cn/images/yxzj/zlkdatasys/audios/audio/20230823/16927600113709.mp3"
        },
        {
          "text": "凡俗之物，怎敢自诩珍奇？",
          "link": "//game.gtimg.cn/images/yxzj/zlkdatasys/audios/audio/20230823/16927600726238.mp3"
        },
        {
          "text": "世间喧闹之首，早已在我身侧。",
          "link": "//game.gtimg.cn/images/yxzj/zlkdatasys/audios/audio/20230823/16927601459590.mp3"
        },
        {
          "text": "嗯……怕某只爱热闹的鹤寻不见我，飞去叨扰他人。",
          "link": "//game.gtimg.cn/images/yxzj/zlkdatasys/audios/audio/20230823/16927601832278.mp3"
        },
        {
          "text": "有约在身，恕不奉陪阁下。",
          "link": "//game.gtimg.cn/images/yxzj/zlkdatasys/audios/audio/20230823/16927602492526.mp3"
        },
        {
          "text": "人间有你，红尘有趣。",
          "link": "//game.gtimg.cn/images/yxzj/zlkdatasys/audios/audio/20230823/16927602999032.mp3"
        },
        {
          "text": "这是你自己要学的，可别食言。",
          "link": "//game.gtimg.cn/images/yxzj/zlkdatasys/audios/audio/20230823/16927603523260.mp3"
        },
        {
          "text": "松风寒",
          "link": "//game.gtimg.cn/images/yxzj/zlkdatasys/audios/audio/20230823/16927604948004.mp3"
        },
        {
          "text": "照月明",
          "link": "//game.gtimg.cn/images/yxzj/zlkdatasys/audios/audio/20230823/16927605511617.mp3"
        },
        {
          "text": "亘古长青",
          "link": "//game.gtimg.cn/images/yxzj/zlkdatasys/audios/audio/20230823/16927606041493.mp3"
        },
        {
          "text": "心无旁骛",
          "link": "//game.gtimg.cn/images/yxzj/zlkdatasys/audios/audio/20230823/16927606478397.mp3"
        },
        {
          "text": "寂",
          "link": "//game.gtimg.cn/images/yxzj/zlkdatasys/audios/audio/20230823/16927607071371.mp3"
        },
        {
          "text": "灭",
          "link": "//game.gtimg.cn/images/yxzj/zlkdatasys/audios/audio/20230823/16927607443587.mp3"
        },
        {
          "text": "定",
          "link": "//game.gtimg.cn/images/yxzj/zlkdatasys/audios/audio/20230823/16927609008075.mp3"
        },
        {
          "text": "止",
          "link": "//game.gtimg.cn/images/yxzj/zlkdatasys/audios/audio/20230823/16927610405160.mp3"
        },
        {
          "text": "历红尘万象，明心中一念",
          "link": "//game.gtimg.cn/images/yxzj/zlkdatasys/audios/audio/20230823/16927754439819.mp3"
        },
        {
          "text": "守静，得安宁",
          "link": "//game.gtimg.cn/images/yxzj/zlkdatasys/audios/audio/20230823/16927754658843.mp3"
        },
        {
          "text": "携手同游，见万物无穷",
          "link": "//game.gtimg.cn/images/yxzj/zlkdatasys/audios/audio/20230823/16927754858548.mp3"
        }
      ],
      "name": "鹤归松栖"
    }
  ]
}