{
  "data": [
    {
      "voice": [
        {
          "text": "清扫魑魅魍魉，乃强迫症最佳治疗法。",
          "link": "//game.gtimg.cn/images/yxzj/zlkdatasys/audios/audio/20220411/16496596873026.wav"
        },
        {
          "text": "维持秩序！",
          "link": "//game.gtimg.cn/images/yxzj/zlkdatasys/audios/audio/20220411/16496597002816.wav"
        },
        {
          "text": "传说中的长安城管，登场！",
          "link": "//game.gtimg.cn/images/yxzj/zlkdatasys/audios/audio/20220411/16496597089437.wav"
        },
        {
          "text": "吾之内涵，有容乃大。",
          "link": "//game.gtimg.cn/images/yxzj/zlkdatasys/audios/audio/20220411/16496597364012.wav"
        },
        {
          "text": "吾之身躯，无欲则刚。",
          "link": "//game.gtimg.cn/images/yxzj/zlkdatasys/audios/audio/20220411/16496597452022.wav"
        },
        {
          "text": "业余爱好是挖坟！",
          "link": "//game.gtimg.cn/images/yxzj/zlkdatasys/audios/audio/20220411/16496597531504.wav"
        },
        {
          "text": "垃圾，就该呆在垃圾桶里。",
          "link": "//game.gtimg.cn/images/yxzj/zlkdatasys/audios/audio/20220411/16496597601845.wav"
        },
        {
          "text": "沧海桑田，唯混沌与破烂源源不断。",
          "link": "//game.gtimg.cn/images/yxzj/zlkdatasys/audios/audio/20220411/16496597698757.wav"
        },
        {
          "text": "活见鬼了",
          "link": "//game.gtimg.cn/images/yxzj/zlkdatasys/audios/audio/20220411/16496598081743.wav"
        },
        {
          "text": "这是什么鬼？",
          "link": "//game.gtimg.cn/images/yxzj/zlkdatasys/audios/audio/20220411/16496598284389.wav"
        },
        {
          "text": "你又是什么鬼？",
          "link": "//game.gtimg.cn/images/yxzj/zlkdatasys/audios/audio/20220411/16496598386952.wav"
        },
        {
          "text": "跳梁小鬼！",
          "link": "//game.gtimg.cn/images/yxzj/zlkdatasys/audios/audio/20220411/16496598854033.wav"
        },
        {
          "text": "大扫除开始！",
          "link": "//game.gtimg.cn/images/yxzj/zlkdatasys/audios/audio/20220411/16496599061460.wav"
        },
        {
          "text": "哼，小巫见大巫",
          "link": "//game.gtimg.cn/images/yxzj/zlkdatasys/audios/audio/20220411/16496599124048.wav"
        },
        {
          "text": "太污了，清理下",
          "link": "//game.gtimg.cn/images/yxzj/zlkdatasys/audios/audio/20220411/16496599249305.wav"
        },
        {
          "text": "老腊肉，鉴定完毕",
          "link": "//game.gtimg.cn/images/yxzj/zlkdatasys/audios/audio/20220411/16496599726941.wav"
        },
        {
          "text": "嗯~小鲜肉",
          "link": "//game.gtimg.cn/images/yxzj/zlkdatasys/audios/audio/20220411/16496599785080.wav"
        },
        {
          "text": "差点磕掉我的牙！",
          "link": "//game.gtimg.cn/images/yxzj/zlkdatasys/audios/audio/20220411/16496599874048.wav"
        },
        {
          "text": "呵呵，死人的味道！",
          "link": "//game.gtimg.cn/images/yxzj/zlkdatasys/audios/audio/20220411/16496600063778.wav"
        },
        {
          "text": "压根就不是人！你们骗我！",
          "link": "//game.gtimg.cn/images/yxzj/zlkdatasys/audios/audio/20220411/16496600169475.wav"
        },
        {
          "text": "看到你们，预感减肥又要失败了。",
          "link": "//game.gtimg.cn/images/yxzj/zlkdatasys/audios/audio/20220411/16496600364963.wav"
        }
      ],
      "name": "原皮"
    },
    {
      "voice": [
        {
          "text": "闯入者搜索中！",
          "link": "//game.gtimg.cn/images/yxzj/zlkdatasys/audios/audio/20220411/16496611521455.wav"
        },
        {
          "text": "出示午夜场门票！",
          "link": "//game.gtimg.cn/images/yxzj/zlkdatasys/audios/audio/20220411/16496611777700.wav"
        },
        {
          "text": "拿来吧你。",
          "link": "//game.gtimg.cn/images/yxzj/zlkdatasys/audios/audio/20220411/16496611866688.wav"
        },
        {
          "text": "通通抓走！",
          "link": "//game.gtimg.cn/images/yxzj/zlkdatasys/audios/audio/20220411/16496611984297.wav"
        },
        {
          "text": "在乐园里，不完美的才独一无二。",
          "link": "//game.gtimg.cn/images/yxzj/zlkdatasys/audios/audio/20220411/16496612082648.wav"
        },
        {
          "text": "玩具的自由，建立在规则之上。",
          "link": "//game.gtimg.cn/images/yxzj/zlkdatasys/audios/audio/20220411/16496612228247.wav"
        },
        {
          "text": "谁来当第一个被抓的布娃娃。",
          "link": "//game.gtimg.cn/images/yxzj/zlkdatasys/audios/audio/20220411/16496612316681.wav"
        },
        {
          "text": "除了幸运，你还需要点技巧。",
          "link": "//game.gtimg.cn/images/yxzj/zlkdatasys/audios/audio/20220411/16496612459823.wav"
        },
        {
          "text": "夜晚比白天多一点幻想色彩～",
          "link": "//game.gtimg.cn/images/yxzj/zlkdatasys/audios/audio/20220411/16496612728274.wav"
        },
        {
          "text": "天亮之前，请叫我午夜乐园管理员。",
          "link": "//game.gtimg.cn/images/yxzj/zlkdatasys/audios/audio/20220411/16496612981132.wav"
        },
        {
          "text": "游戏结束～",
          "link": "//game.gtimg.cn/images/yxzj/zlkdatasys/audios/audio/20220411/16496613127614.wav"
        },
        {
          "text": "谁把你丢在这的！",
          "link": "//game.gtimg.cn/images/yxzj/zlkdatasys/audios/audio/20220411/16496614398522.wav"
        },
        {
          "text": "欢迎，来到，我们的乐园......",
          "link": "//game.gtimg.cn/images/yxzj/zlkdatasys/audios/audio/20220411/16496614765779.wav"
        },
        {
          "text": "玩具们，各自归位！午夜乐园，只在天亮的时钟敲响前。",
          "link": "//game.gtimg.cn/images/yxzj/zlkdatasys/audios/audio/20220418/16502694983110.mp3"
        },
        {
          "text": "天亮了......现在，通通归位！欢迎来到，我们的乐园。",
          "link": "//game.gtimg.cn/images/yxzj/zlkdatasys/audios/audio/20220414/16499293868426.mp3"
        },
        {
          "text": "做一名合格的玩具收纳师。",
          "link": "//game.gtimg.cn/images/yxzj/zlkdatasys/audios/audio/20220414/16499294051667.mp3"
        }
      ],
      "name": "乐园奇幻夜"
    }
  ]
}