{
  "data": [
    {
      "voice": [
        {
          "text": "没有欲望，何来胜利？",
          "link": "//game.gtimg.cn/images/yxzj/zlkdatasys/audios/audio/20220411/16496719624512.wav"
        },
        {
          "text": "可以怀疑我的人格，不许侮辱我的造型！",
          "link": "//game.gtimg.cn/images/yxzj/zlkdatasys/audios/audio/20220411/16496719899667.wav"
        },
        {
          "text": "玩弄乾坤，是很有成就感的事哈哈哈哈",
          "link": "//game.gtimg.cn/images/yxzj/zlkdatasys/audios/audio/20220411/16496723225041.wav"
        },
        {
          "text": "这种前赴后继送死的勇气令我钦佩！",
          "link": "//game.gtimg.cn/images/yxzj/zlkdatasys/audios/audio/20220411/16496724312215.wav"
        },
        {
          "text": "呵呵预见了胜利！",
          "link": "//game.gtimg.cn/images/yxzj/zlkdatasys/audios/audio/20220411/16496725957117.wav"
        },
        {
          "text": "用头脑，而不是武力！",
          "link": "//game.gtimg.cn/images/yxzj/zlkdatasys/audios/audio/20220411/16496726352391.wav"
        },
        {
          "text": "多么精确完美的打击",
          "link": "//game.gtimg.cn/images/yxzj/zlkdatasys/audios/audio/20220411/16496726522936.wav"
        },
        {
          "text": "掌控全局！",
          "link": "//game.gtimg.cn/images/yxzj/zlkdatasys/audios/audio/20220411/16496726678081.wav"
        },
        {
          "text": "既生瑜，何生亮。",
          "link": "//game.gtimg.cn/images/yxzj/zlkdatasys/audios/audio/20220411/16496726832880.wav"
        },
        {
          "text": "燃起来吧！",
          "link": "//game.gtimg.cn/images/yxzj/zlkdatasys/audios/audio/20220411/16496727114191.wav"
        },
        {
          "text": "弹指间，灰飞烟灭！",
          "link": "//game.gtimg.cn/images/yxzj/zlkdatasys/audios/audio/20220411/16496727348948.wav"
        },
        {
          "text": "与我生在同一个时代，真是你们的不幸。",
          "link": "//game.gtimg.cn/images/yxzj/zlkdatasys/audios/audio/20220411/16496727477583.wav"
        },
        {
          "text": "年轻人，注意措辞。",
          "link": "//game.gtimg.cn/images/yxzj/zlkdatasys/audios/audio/20220428/16511318605135.mp3"
        }
      ],
      "name": "原皮"
    },
    {
      "voice": [
        {
          "text": "愿意作我的新娘吗？",
          "link": "//game.gtimg.cn/images/yxzj/zlkdatasys/audios/audio/20220411/16496730086662.wav"
        },
        {
          "text": "珍惜她，守护她~永生永世",
          "link": "//game.gtimg.cn/images/yxzj/zlkdatasys/audios/audio/20220411/16496730235662.wav"
        },
        {
          "text": "我回来了，小乔。",
          "link": "//game.gtimg.cn/images/yxzj/zlkdatasys/audios/audio/20220411/16496730531565.wav"
        },
        {
          "text": "爱你这件事，从第一眼就决定了。",
          "link": "//game.gtimg.cn/images/yxzj/zlkdatasys/audios/audio/20220411/16496730705623.wav"
        },
        {
          "text": "不允许喜欢上除我以外的男人！",
          "link": "//game.gtimg.cn/images/yxzj/zlkdatasys/audios/audio/20220411/16496730885780.wav"
        },
        {
          "text": "妄图对小乔出手的家伙，不想被火化就管好魔爪！",
          "link": "//game.gtimg.cn/images/yxzj/zlkdatasys/audios/audio/20220411/16496731056463.wav"
        },
        {
          "text": "恋爱和战斗，都要勇往直前！",
          "link": "//game.gtimg.cn/images/yxzj/zlkdatasys/audios/audio/20220411/16496731526261.wav"
        },
        {
          "text": "不能同生，那就共死……",
          "link": "//game.gtimg.cn/images/yxzj/zlkdatasys/audios/audio/20220411/16496731727567.wav"
        },
        {
          "text": "祝福，收下了。",
          "link": "//game.gtimg.cn/images/yxzj/zlkdatasys/audios/audio/20220411/16496731965751.wav"
        },
        {
          "text": "不甘心吗？单身家伙",
          "link": "//game.gtimg.cn/images/yxzj/zlkdatasys/audios/audio/20220411/16496732106642.wav"
        },
        {
          "text": "就知道你们会很心碎！",
          "link": "//game.gtimg.cn/images/yxzj/zlkdatasys/audios/audio/20220411/16496732251882.wav"
        },
        {
          "text": "璀璨夺目，就像我的新娘",
          "link": "//game.gtimg.cn/images/yxzj/zlkdatasys/audios/audio/20220412/16497528072635.wav"
        },
        {
          "text": "再不会独自战斗！",
          "link": "//game.gtimg.cn/images/yxzj/zlkdatasys/audios/audio/20220412/16497528215177.wav"
        },
        {
          "text": "羡慕本都督吗？",
          "link": "//game.gtimg.cn/images/yxzj/zlkdatasys/audios/audio/20220412/16497528343353.wav"
        }
      ],
      "name": "真爱至上"
    },
    {
      "voice": [
        {
          "text": "理想和爱，尽在此处！",
          "link": "//game.gtimg.cn/images/yxzj/zlkdatasys/audios/audio/20220415/16499944499421.mp3"
        },
        {
          "text": "我听到了，是我们~",
          "link": "//game.gtimg.cn/images/yxzj/zlkdatasys/audios/audio/20220415/16499944604147.mp3"
        },
        {
          "text": "看完这场演出，还不去告白吗？",
          "link": "//game.gtimg.cn/images/yxzj/zlkdatasys/audios/audio/20220415/16499944362217.mp3"
        },
        {
          "text": "音乐，就是我的态度！",
          "link": "//game.gtimg.cn/images/yxzj/zlkdatasys/audios/audio/20220411/16496736014444.wav"
        },
        {
          "text": "我们遇到了那个对的人",
          "link": "//game.gtimg.cn/images/yxzj/zlkdatasys/audios/audio/20220411/16496736228795.wav"
        },
        {
          "text": "摇滚和爱情，都需要一点天意",
          "link": "//game.gtimg.cn/images/yxzj/zlkdatasys/audios/audio/20220411/16496736344417.wav"
        },
        {
          "text": "勇敢去爱，别管它对不对",
          "link": "//game.gtimg.cn/images/yxzj/zlkdatasys/audios/audio/20220411/16496736497941.wav"
        },
        {
          "text": "写想写的歌，爱想爱的人",
          "link": "//game.gtimg.cn/images/yxzj/zlkdatasys/audios/audio/20220411/16496736656460.wav"
        },
        {
          "text": "永远自由，永远忠于内心",
          "link": "//game.gtimg.cn/images/yxzj/zlkdatasys/audios/audio/20220411/16496736805285.wav"
        },
        {
          "text": "心动的瞬间，是下午五点二十分",
          "link": "//game.gtimg.cn/images/yxzj/zlkdatasys/audios/audio/20220411/16496736989955.wav"
        },
        {
          "text": "是你补全了我的梦吗?",
          "link": "//game.gtimg.cn/images/yxzj/zlkdatasys/audios/audio/20220411/16496737168906.wav"
        },
        {
          "text": "灵感来自生活，情歌也不例外",
          "link": "//game.gtimg.cn/images/yxzj/zlkdatasys/audios/audio/20220411/16496737312143.wav"
        },
        {
          "text": "如果，此生缺失共鸣……",
          "link": "//game.gtimg.cn/images/yxzj/zlkdatasys/audios/audio/20220411/16496737558781.mp3"
        },
        {
          "text": "致敬浪漫！",
          "link": "//game.gtimg.cn/images/yxzj/zlkdatasys/audios/audio/20220411/16496737785564.wav"
        },
        {
          "text": "音浪激荡！",
          "link": "//game.gtimg.cn/images/yxzj/zlkdatasys/audios/audio/20220411/16496737935986.wav"
        },
        {
          "text": "乐手就位！",
          "link": "//game.gtimg.cn/images/yxzj/zlkdatasys/audios/audio/20220411/16496738081356.wav"
        },
        {
          "text": "最佳组合！",
          "link": "//game.gtimg.cn/images/yxzj/zlkdatasys/audios/audio/20220411/16496738311232.wav"
        },
        {
          "text": "弹奏心动轨迹！",
          "link": "//game.gtimg.cn/images/yxzj/zlkdatasys/audios/audio/20220411/16496738445080.wav"
        },
        {
          "text": "哦，一个人来看演唱会吗？",
          "link": "//game.gtimg.cn/images/yxzj/zlkdatasys/audios/audio/20220411/16496738607705.wav"
        },
        {
          "text": "等你找到队友再来",
          "link": "//game.gtimg.cn/images/yxzj/zlkdatasys/audios/audio/20220411/16496738794851.wav"
        },
        {
          "text": "我只因你心动",
          "link": "//game.gtimg.cn/images/yxzj/zlkdatasys/audios/audio/20220415/16499944779597.mp3"
        },
        {
          "text": "万众瞩目，我的眼里只有你。",
          "link": "//game.gtimg.cn/images/yxzj/zlkdatasys/audios/audio/20220428/16511324715377.mp3"
        },
        {
          "text": "晚安，让琴键陪你入眠。",
          "link": "//game.gtimg.cn/images/yxzj/zlkdatasys/audios/audio/20220428/16511324963453.mp3"
        }
      ],
      "name": "音你心动"
    },
    {
      "voice": [
        {
          "text": "商业之神的职责，可不包括扮演圣诞老人。……但愿赌服输，是我的契约精神。",
          "link": "//game.gtimg.cn/images/yxzj/zlkdatasys/audios/audio/20240109/17047936253623.mp3"
        },
        {
          "text": "崇拜金钱并非信仰，保持纯粹才更显珍贵。",
          "link": "//game.gtimg.cn/images/yxzj/zlkdatasys/audios/audio/20240109/17047936471383.mp3"
        },
        {
          "text": "信仰是一种能力，让童话照进现实。",
          "link": "//game.gtimg.cn/images/yxzj/zlkdatasys/audios/audio/20240109/17047936667469.mp3"
        },
        {
          "text": "童话书里不会写：圣诞老人赢得赌约，商业之神被迫上岗。",
          "link": "//game.gtimg.cn/images/yxzj/zlkdatasys/audios/audio/20240109/17047890232658.mp3"
        },
        {
          "text": "执掌交易的神明，偶尔…也做些派送礼物的亏本买卖。",
          "link": "//game.gtimg.cn/images/yxzj/zlkdatasys/audios/audio/20240109/17047890455255.mp3"
        },
        {
          "text": "我原以为，在利益至上的时代，童话早已失去光彩。",
          "link": "//game.gtimg.cn/images/yxzj/zlkdatasys/audios/audio/20240109/17047890659475.mp3"
        },
        {
          "text": "被现实摧折的大人，无法理解少女的纯真。",
          "link": "//game.gtimg.cn/images/yxzj/zlkdatasys/audios/audio/20240109/17047890861993.mp3"
        },
        {
          "text": "由信仰凝结的心愿，点亮了圣诞之夜。",
          "link": "//game.gtimg.cn/images/yxzj/zlkdatasys/audios/audio/20240109/17047891086093.mp3"
        },
        {
          "text": "我了解人性的疯狂，却被纯净的心灵打动。",
          "link": "//game.gtimg.cn/images/yxzj/zlkdatasys/audios/audio/20240109/17047891281846.mp3"
        },
        {
          "text": "烟火散在雪地，温暖就是世界的底色。",
          "link": "//game.gtimg.cn/images/yxzj/zlkdatasys/audios/audio/20240109/17047891472318.mp3"
        },
        {
          "text": "捣乱的人，另有安排。",
          "link": "//game.gtimg.cn/images/yxzj/zlkdatasys/audios/audio/20240109/17047891707894.mp3"
        },
        {
          "text": "没有信仰的头脑，当然愚蠢。",
          "link": "//game.gtimg.cn/images/yxzj/zlkdatasys/audios/audio/20240109/17047891893435.mp3"
        },
        {
          "text": "我不会回来，但童话会延续……",
          "link": "//game.gtimg.cn/images/yxzj/zlkdatasys/audios/audio/20240109/17047892065444.mp3"
        },
        {
          "text": "绽放精彩！",
          "link": "//game.gtimg.cn/images/yxzj/zlkdatasys/audios/audio/20240109/17047892311280.mp3"
        },
        {
          "text": "传递美好！",
          "link": "//game.gtimg.cn/images/yxzj/zlkdatasys/audios/audio/20240109/17047892572168.mp3"
        },
        {
          "text": "点亮希望！",
          "link": "//game.gtimg.cn/images/yxzj/zlkdatasys/audios/audio/20240109/17047892781556.mp3"
        },
        {
          "text": "钟声已然敲响，美好如约而至。",
          "link": "//game.gtimg.cn/images/yxzj/zlkdatasys/audios/audio/20240109/17047893036587.mp3"
        },
        {
          "text": "这圣诞服虽然朴素，但能回应孩子们的祈愿——倒也有几分价值。",
          "link": "//game.gtimg.cn/images/yxzj/zlkdatasys/audios/audio/20240109/17047893275560.mp3"
        },
        {
          "text": "天真并不可笑，可笑的是自诩成熟的大人。",
          "link": "//game.gtimg.cn/images/yxzj/zlkdatasys/audios/audio/20240109/17047893539241.mp3"
        }
      ],
      "name": "雪夜绮愿"
    }
  ]
}
