{
  "data": [
    {
      "voice": [
        {
          "text": "心中乾坤大……地上……有西瓜。",
          "link": "//game.gtimg.cn/images/yxzj/zlkdatasys/audios/audio/20220415/16500159729168.mp3"
        },
        {
          "text": "我不累！我不饿！我……",
          "link": "//game.gtimg.cn/images/yxzj/zlkdatasys/audios/audio/20220412/16497493908487.mp3"
        },
        {
          "text": "看我……看我……不收拾了你！",
          "link": "//game.gtimg.cn/images/yxzj/zlkdatasys/audios/audio/20220412/16497494073082.mp3"
        },
        {
          "text": "天寒地冻，不长点脂肪怎么行？",
          "link": "//game.gtimg.cn/images/yxzj/zlkdatasys/audios/audio/20220412/16497494277034.mp3"
        },
        {
          "text": "什么都吃，就是不吃兔子。",
          "link": "//game.gtimg.cn/images/yxzj/zlkdatasys/audios/audio/20220412/16497494442298.wav"
        },
        {
          "text": "胖是工伤……",
          "link": "//game.gtimg.cn/images/yxzj/zlkdatasys/audios/audio/20220412/16497494574470.wav"
        },
        {
          "text": "除了我，猴子是世界第一。",
          "link": "//game.gtimg.cn/images/yxzj/zlkdatasys/audios/audio/20220412/16497494749644.wav"
        },
        {
          "text": "稳住，反正我们也赢不了。",
          "link": "//game.gtimg.cn/images/yxzj/zlkdatasys/audios/audio/20220412/16497494955156.wav"
        },
        {
          "text": "西瓜山……",
          "link": "//game.gtimg.cn/images/yxzj/zlkdatasys/audios/audio/20220412/16497495087784.wav"
        },
        {
          "text": "鉴赏下肥肉的价值！",
          "link": "//game.gtimg.cn/images/yxzj/zlkdatasys/audios/audio/20220412/16497495252682.wav"
        },
        {
          "text": "赖你赖你都赖你！",
          "link": "//game.gtimg.cn/images/yxzj/zlkdatasys/audios/audio/20220412/16497495389197.wav"
        },
        {
          "text": "尝尝岩浆吧！",
          "link": "//game.gtimg.cn/images/yxzj/zlkdatasys/audios/audio/20220412/16497495518486.wav"
        },
        {
          "text": "吃了你！",
          "link": "//game.gtimg.cn/images/yxzj/zlkdatasys/audios/audio/20220412/16497495774071.wav"
        },
        {
          "text": "看俺来……毁天灭日！",
          "link": "//game.gtimg.cn/images/yxzj/zlkdatasys/audios/audio/20220412/16497495941590.wav"
        },
        {
          "text": "猴哥，要不你回你的日之塔，我也回我的日之塔。",
          "link": "//game.gtimg.cn/images/yxzj/zlkdatasys/audios/audio/20220412/16497496193062.mp3"
        },
        {
          "text": "牛哥，你去哪了！",
          "link": "//game.gtimg.cn/images/yxzj/zlkdatasys/audios/audio/20220412/16497496457209.wav"
        },
        {
          "text": "正面打不过这破塔，俺还有背面呢，欸。",
          "link": "//game.gtimg.cn/images/yxzj/zlkdatasys/audios/audio/20220412/16497496979700.mp3"
        }
      ],
      "name": "原皮"
    },
    {
      "voice": [
        {
          "text": "娘子，你好大的手劲啊你。",
          "link": "//game.gtimg.cn/images/yxzj/zlkdatasys/audios/audio/20220415/16500160015474.mp3"
        },
        {
          "text": "娘子，你怎么这么重啊你……我实在是，实在是走不动了。",
          "link": "//game.gtimg.cn/images/yxzj/zlkdatasys/audios/audio/20220413/16498425733987.mp3"
        },
        {
          "text": "你这个弼马温——又来欺负我！",
          "link": "//game.gtimg.cn/images/yxzj/zlkdatasys/audios/audio/20220415/16500160141153.mp3"
        },
        {
          "text": "咱们把行李分了，你回你的花果山，我回我的高老庄。",
          "link": "//game.gtimg.cn/images/yxzj/zlkdatasys/audios/audio/20220413/16498426146551.mp3"
        },
        {
          "text": "山连山，路弯弯。什么时候走出山呐这？我老猪都快饿昏了。",
          "link": "//game.gtimg.cn/images/yxzj/zlkdatasys/audios/audio/20220413/16498426295140.mp3"
        },
        {
          "text": "师父准是灯草做的，风一刮就跑了。",
          "link": "//game.gtimg.cn/images/yxzj/zlkdatasys/audios/audio/20220413/16498426446173.mp3"
        },
        {
          "text": "我老猪本是上界的天蓬元帅，不想下界之后错投了猪胎。",
          "link": "//game.gtimg.cn/images/yxzj/zlkdatasys/audios/audio/20220413/16498426588044.mp3"
        },
        {
          "text": "这儿无人无烟，又无妖无怪，怕什么呀！",
          "link": "//game.gtimg.cn/images/yxzj/zlkdatasys/audios/audio/20220413/16498426787834.mp3"
        },
        {
          "text": "啊？我这模样？除了师父，咱们几人啊谁也别说谁！",
          "link": "//game.gtimg.cn/images/yxzj/zlkdatasys/audios/audio/20220413/16498426983111.mp3"
        },
        {
          "text": "丈母娘，好生看待小姐。老猪此去，取经不成我还回来的。",
          "link": "//game.gtimg.cn/images/yxzj/zlkdatasys/audios/audio/20220413/16498427161309.mp3"
        },
        {
          "text": "吃完这顿，我就减肥",
          "link": "//game.gtimg.cn/images/yxzj/zlkdatasys/audios/audio/20220415/16500160335204.mp3"
        },
        {
          "text": "猴哥，救我......",
          "link": "//game.gtimg.cn/images/yxzj/zlkdatasys/audios/audio/20220413/16498427732074.wav"
        },
        {
          "text": "瞧你的模样，还不如我老猪呢！",
          "link": "//game.gtimg.cn/images/yxzj/zlkdatasys/audios/audio/20220413/16498427939625.wav"
        },
        {
          "text": "我大师兄要是知道了，饶不了你们！",
          "link": "//game.gtimg.cn/images/yxzj/zlkdatasys/audios/audio/20220413/16498428144146.mp3"
        },
        {
          "text": "那儿准有好吃好喝的，嘿嘿。",
          "link": "//game.gtimg.cn/images/yxzj/zlkdatasys/audios/audio/20220413/16498428407958.mp3"
        },
        {
          "text": "我老猪的肚子，早就饿了！",
          "link": "//game.gtimg.cn/images/yxzj/zlkdatasys/audios/audio/20220413/16498428581111.mp3"
        },
        {
          "text": "吃老猪一耙！",
          "link": "//game.gtimg.cn/images/yxzj/zlkdatasys/audios/audio/20220413/16498428733417.wav"
        },
        {
          "text": "九齿钉耙！",
          "link": "//game.gtimg.cn/images/yxzj/zlkdatasys/audios/audio/20220413/16498428884959.wav"
        },
        {
          "text": "会我娘子去啦！",
          "link": "//game.gtimg.cn/images/yxzj/zlkdatasys/audios/audio/20220413/16498429036923.wav"
        },
        {
          "text": "回高老庄去~",
          "link": "//game.gtimg.cn/images/yxzj/zlkdatasys/audios/audio/20220413/16498429175170.wav"
        },
        {
          "text": "该死的弼马温，坏了我的好事！",
          "link": "//game.gtimg.cn/images/yxzj/zlkdatasys/audios/audio/20220413/16498429418706.wav"
        },
        {
          "text": "咱们找地儿歇会儿吧！",
          "link": "//game.gtimg.cn/images/yxzj/zlkdatasys/audios/audio/20220413/16498429639787.mp3"
        },
        {
          "text": "妖怪，你还我桃儿！",
          "link": "//game.gtimg.cn/images/yxzj/zlkdatasys/audios/audio/20220413/16498429852458.wav"
        },
        {
          "text": "这舞步只有俺老猪会跳！顶多还有那个紫色的家伙！",
          "link": "//game.gtimg.cn/images/yxzj/zlkdatasys/audios/audio/20220413/16498430065413.mp3"
        },
        {
          "text": "嘿嘿，女王不是要配婿嘛，干脆把我老猪留下来不就得了嘛。",
          "link": "//game.gtimg.cn/images/yxzj/zlkdatasys/audios/audio/20220428/16511342783987.mp3"
        }
      ],
      "name": "猪悟能"
    }
  ]
}