{
  "data": [
    {
      "voice": [
        {
          "text": "天下如棋，一步三算！",
          "link": "//game.gtimg.cn/images/yxzj/zlkdatasys/audios/audio/20220412/16497672945562.wav"
        },
        {
          "text": "静以修身，俭以养德。",
          "link": "//game.gtimg.cn/images/yxzj/zlkdatasys/audios/audio/20220412/16497692419226.wav"
        },
        {
          "text": "聪明人的游戏，有进有退。",
          "link": "//game.gtimg.cn/images/yxzj/zlkdatasys/audios/audio/20220412/16497692608800.wav"
        },
        {
          "text": "运筹帷幄之中，决胜千里之外！",
          "link": "//game.gtimg.cn/images/yxzj/zlkdatasys/audios/audio/20220412/16497693226607.wav"
        },
        {
          "text": "一切都在计算中！",
          "link": "//game.gtimg.cn/images/yxzj/zlkdatasys/audios/audio/20220412/16497693529606.wav"
        },
        {
          "text": "不做没有绝对胜算的事！",
          "link": "//game.gtimg.cn/images/yxzj/zlkdatasys/audios/audio/20220412/16497693711190.wav"
        },
        {
          "text": "当心那些无知的人。",
          "link": "//game.gtimg.cn/images/yxzj/zlkdatasys/audios/audio/20220412/16497694185266.wav"
        },
        {
          "text": "有时也想做个无知无虑的傻瓜。",
          "link": "//game.gtimg.cn/images/yxzj/zlkdatasys/audios/audio/20220412/16497694376180.wav"
        },
        {
          "text": "神机天赋，莫要强求。",
          "link": "//game.gtimg.cn/images/yxzj/zlkdatasys/audios/audio/20220412/16497694603178.wav"
        },
        {
          "text": "战争并不只像物理上的打击。",
          "link": "//game.gtimg.cn/images/yxzj/zlkdatasys/audios/audio/20220412/16497694815477.wav"
        },
        {
          "text": "知识赐予我答案，以及更多无从解答的难题。",
          "link": "//game.gtimg.cn/images/yxzj/zlkdatasys/audios/audio/20220412/16497695242272.wav"
        },
        {
          "text": "啊，起风了……",
          "link": "//game.gtimg.cn/images/yxzj/zlkdatasys/audios/audio/20220412/16497698545582.wav"
        },
        {
          "text": "撤退也是战略，喂，那怀疑的眼光是怎么回事。",
          "link": "//game.gtimg.cn/images/yxzj/zlkdatasys/audios/audio/20220412/16497698889804.wav"
        },
        {
          "text": "希望就藏在十二奇迹之中。",
          "link": "//game.gtimg.cn/images/yxzj/zlkdatasys/audios/audio/20220412/16497699375632.mp3"
        },
        {
          "text": "暗影，阴谋，又是硝烟的滋味。",
          "link": "//game.gtimg.cn/images/yxzj/zlkdatasys/audios/audio/20220412/16497699583196.mp3"
        },
        {
          "text": "踏入我的棋局。",
          "link": "//game.gtimg.cn/images/yxzj/zlkdatasys/audios/audio/20220412/16497699939381.wav"
        },
        {
          "text": "这是不可逃避的一战，亦是我所寻求之答案。",
          "link": "//game.gtimg.cn/images/yxzj/zlkdatasys/audios/audio/20220412/16497700434823.wav"
        },
        {
          "text": "我为一个书里没有的答案而来。",
          "link": "//game.gtimg.cn/images/yxzj/zlkdatasys/audios/audio/20220412/16497700901376.wav"
        },
        {
          "text": "东风破！",
          "link": "//game.gtimg.cn/images/yxzj/zlkdatasys/audios/audio/20220412/16497701383317.wav"
        },
        {
          "text": "赤壁风暴！",
          "link": "//game.gtimg.cn/images/yxzj/zlkdatasys/audios/audio/20220412/16497701617960.wav"
        },
        {
          "text": "陨落吧",
          "link": "//game.gtimg.cn/images/yxzj/zlkdatasys/audios/audio/20220412/16497701836822.wav"
        },
        {
          "text": "将军！",
          "link": "//game.gtimg.cn/images/yxzj/zlkdatasys/audios/audio/20220412/16497702077138.wav"
        },
        {
          "text": "是时候结束了。",
          "link": "//game.gtimg.cn/images/yxzj/zlkdatasys/audios/audio/20220412/16497702726846.wav"
        },
        {
          "text": "你命数已尽！",
          "link": "//game.gtimg.cn/images/yxzj/zlkdatasys/audios/audio/20220412/16497703102467.wav"
        },
        {
          "text": "推演开始。",
          "link": "//game.gtimg.cn/images/yxzj/zlkdatasys/audios/audio/20220412/16497703582421.wav"
        },
        {
          "text": "还可以更完美一点。",
          "link": "//game.gtimg.cn/images/yxzj/zlkdatasys/audios/audio/20220412/16497704424683.wav"
        },
        {
          "text": "这就是天意！",
          "link": "//game.gtimg.cn/images/yxzj/zlkdatasys/audios/audio/20220412/16497705161131.wav"
        },
        {
          "text": "就这样吗？",
          "link": "//game.gtimg.cn/images/yxzj/zlkdatasys/audios/audio/20220412/16497705956103.wav"
        },
        {
          "text": "乌合之众。",
          "link": "//game.gtimg.cn/images/yxzj/zlkdatasys/audios/audio/20220412/16497706207409.wav"
        },
        {
          "text": "意料之中。",
          "link": "//game.gtimg.cn/images/yxzj/zlkdatasys/audios/audio/20220412/16497706414244.wav"
        },
        {
          "text": "智商太低会传染，离我远点。",
          "link": "//game.gtimg.cn/images/yxzj/zlkdatasys/audios/audio/20220412/16497706949689.wav"
        },
        {
          "text": "我从未见过有如此..战力低下之人。",
          "link": "//game.gtimg.cn/images/yxzj/zlkdatasys/audios/audio/20220412/16497707336627.wav"
        },
        {
          "text": "是的，这也是计划中的一环。",
          "link": "//game.gtimg.cn/images/yxzj/zlkdatasys/audios/audio/20220412/16497707666606.wav"
        },
        {
          "text": "还想来第八次吗？",
          "link": "//game.gtimg.cn/images/yxzj/zlkdatasys/audios/audio/20220415/16499852084586.mp3"
        },
        {
          "text": "好好学习",
          "link": "//game.gtimg.cn/images/yxzj/zlkdatasys/audios/audio/20220412/16497708575903.wav"
        },
        {
          "text": "听说你也很会下棋。",
          "link": "//game.gtimg.cn/images/yxzj/zlkdatasys/audios/audio/20220412/16497708753849.wav"
        },
        {
          "text": "别做任何人的傀儡，",
          "link": "//game.gtimg.cn/images/yxzj/zlkdatasys/audios/audio/20220412/16497709518398.wav"
        },
        {
          "text": "制造炮灰，而不是污染",
          "link": "//game.gtimg.cn/images/yxzj/zlkdatasys/audios/audio/20220412/16497709907574.wav"
        },
        {
          "text": "再次强调，我可不是什么算命先生！",
          "link": "//game.gtimg.cn/images/yxzj/zlkdatasys/audios/audio/20220412/16497710279469.wav"
        },
        {
          "text": "聆听你的胡笳琴，错乱音符在演奏真实",
          "link": "//game.gtimg.cn/images/yxzj/zlkdatasys/audios/audio/20220412/16497710613660.wav"
        },
        {
          "text": "高估霸道的力量，只会让自己沦为一场幻觉",
          "link": "//game.gtimg.cn/images/yxzj/zlkdatasys/audios/audio/20220412/16497711359142.wav"
        },
        {
          "text": "该出戏了",
          "link": "//game.gtimg.cn/images/yxzj/zlkdatasys/audios/audio/20220412/16497711741022.wav"
        },
        {
          "text": "战术如此拙劣，你的老师知道吗？",
          "link": "//game.gtimg.cn/images/yxzj/zlkdatasys/audios/audio/20220412/16497712128050.wav"
        },
        {
          "text": "你是来送东风的吗？",
          "link": "//game.gtimg.cn/images/yxzj/zlkdatasys/audios/audio/20220412/16497712468229.wav"
        },
        {
          "text": "战场需要脑子，而不是旅行家。",
          "link": "//game.gtimg.cn/images/yxzj/zlkdatasys/audios/audio/20220412/16497712859931.wav"
        },
        {
          "text": "你来送死之前，没给自己算过一卦吗？",
          "link": "//game.gtimg.cn/images/yxzj/zlkdatasys/audios/audio/20220412/16497713362348.wav"
        },
        {
          "text": "我能指挥你吗？",
          "link": "//game.gtimg.cn/images/yxzj/zlkdatasys/audios/audio/20220428/16511317529323.mp3"
        },
        {
          "text": "看你的枪术，一定有个好老师。",
          "link": "//game.gtimg.cn/images/yxzj/zlkdatasys/audios/audio/20220428/16511326269634.mp3"
        }
      ],
      "name": "原皮"
    },
    {
      "voice": [
        {
          "text": "开始证明！",
          "link": "//game.gtimg.cn/images/yxzj/zlkdatasys/audios/audio/20220412/16497714143400.wav"
        },
        {
          "text": "发明了一种美妙的证法，可惜这里空白太小写不下",
          "link": "//game.gtimg.cn/images/yxzj/zlkdatasys/audios/audio/20220412/16497714313388.mp3"
        },
        {
          "text": "彻夜深思熟虑，但！依然不知道答案",
          "link": "//game.gtimg.cn/images/yxzj/zlkdatasys/audios/audio/20220412/16497714493073.mp3"
        },
        {
          "text": "一条线分为两段，其中一部分对于全部之比，等于另一部分对于该部分之比，这就是黄金分割",
          "link": "//game.gtimg.cn/images/yxzj/zlkdatasys/audios/audio/20220412/16497715057760.mp3"
        },
        {
          "text": "维特鲁威人，至高的美学",
          "link": "//game.gtimg.cn/images/yxzj/zlkdatasys/audios/audio/20220412/16497715259888.mp3"
        },
        {
          "text": "完美的几何学者，以斐波那契数列分割战场",
          "link": "//game.gtimg.cn/images/yxzj/zlkdatasys/audios/audio/20220412/16497715391197.mp3"
        },
        {
          "text": "世上最浪漫的联谊，是与你共同解答微分几何题",
          "link": "//game.gtimg.cn/images/yxzj/zlkdatasys/audios/audio/20220412/16497715557515.mp3"
        },
        {
          "text": "缺乏逻辑、演绎和归纳，你证明不了自己的可爱！",
          "link": "//game.gtimg.cn/images/yxzj/zlkdatasys/audios/audio/20220412/16497715711905.mp3"
        },
        {
          "text": "让我再讲两分钟……",
          "link": "//game.gtimg.cn/images/yxzj/zlkdatasys/audios/audio/20220412/16497716077010.wav"
        },
        {
          "text": "几何，美丽绝伦",
          "link": "//game.gtimg.cn/images/yxzj/zlkdatasys/audios/audio/20220412/16497716475641.wav"
        },
        {
          "text": "弧度，顶点和坐标系",
          "link": "//game.gtimg.cn/images/yxzj/zlkdatasys/audios/audio/20220412/16497716612378.wav"
        },
        {
          "text": "这是道送分题！",
          "link": "//game.gtimg.cn/images/yxzj/zlkdatasys/audios/audio/20220412/16497716771892.wav"
        },
        {
          "text": "不许作弊！",
          "link": "//game.gtimg.cn/images/yxzj/zlkdatasys/audios/audio/20220412/16497717104521.wav"
        },
        {
          "text": "你们是我教过最差的一届！",
          "link": "//game.gtimg.cn/images/yxzj/zlkdatasys/audios/audio/20220412/16497717603013.mp3"
        }
      ],
      "name": "黄金分割率"
    },
    {
      "voice": [
        {
          "text": "桃之夭夭，灼灼其华",
          "link": "//game.gtimg.cn/images/yxzj/zlkdatasys/audios/audio/20220412/16497718434181.mp3"
        },
        {
          "text": "生命漫长无涯，似桃花片刻凋零",
          "link": "//game.gtimg.cn/images/yxzj/zlkdatasys/audios/audio/20220412/16497718579066.mp3"
        },
        {
          "text": "花开十里不多，红颜一人正好",
          "link": "//game.gtimg.cn/images/yxzj/zlkdatasys/audios/audio/20220412/16497718737177.mp3"
        },
        {
          "text": "看得穿的叫命运，看不透的是自己",
          "link": "//game.gtimg.cn/images/yxzj/zlkdatasys/audios/audio/20220412/16497719369001.mp3"
        },
        {
          "text": "她在我的记忆里种下一棵桃树，从此用心血灌养",
          "link": "//game.gtimg.cn/images/yxzj/zlkdatasys/audios/audio/20220412/16497719521325.mp3"
        },
        {
          "text": "什么都不懂的时候，我曾拥有全部",
          "link": "//game.gtimg.cn/images/yxzj/zlkdatasys/audios/audio/20220412/16497719673886.mp3"
        },
        {
          "text": "花开有时，重逢无期。",
          "link": "//game.gtimg.cn/images/yxzj/zlkdatasys/audios/audio/20220412/16497719838110.mp3"
        },
        {
          "text": "如果好看犯了天条，那我早已罪恶滔天。",
          "link": "//game.gtimg.cn/images/yxzj/zlkdatasys/audios/audio/20220412/16497719989465.mp3"
        },
        {
          "text": "思而不得……",
          "link": "//game.gtimg.cn/images/yxzj/zlkdatasys/audios/audio/20220412/16497720486164.wav"
        },
        {
          "text": "桃李春风，不如一眼回眸",
          "link": "//game.gtimg.cn/images/yxzj/zlkdatasys/audios/audio/20220412/16497720842919.wav"
        },
        {
          "text": "桃花劫！",
          "link": "//game.gtimg.cn/images/yxzj/zlkdatasys/audios/audio/20220412/16497721144339.wav"
        },
        {
          "text": "上天在我身上系了根红线，你知道另一端在哪吗？",
          "link": "//game.gtimg.cn/images/yxzj/zlkdatasys/audios/audio/20220412/16497721634542.wav"
        },
        {
          "text": "好看的烦恼，应该没有长得丑多。",
          "link": "//game.gtimg.cn/images/yxzj/zlkdatasys/audios/audio/20220412/16497721774042.wav"
        },
        {
          "text": "既许东风为期，当赴桃花之约。",
          "link": "//game.gtimg.cn/images/yxzj/zlkdatasys/audios/audio/20220412/16497721934066.wav"
        },
        {
          "text": "单身，限制了你的想象力。",
          "link": "//game.gtimg.cn/images/yxzj/zlkdatasys/audios/audio/20220412/16497722247857.wav"
        },
        {
          "text": "姻缘天定，莫要强求~",
          "link": "//game.gtimg.cn/images/yxzj/zlkdatasys/audios/audio/20220412/16497722552916.wav"
        }
      ],
      "name": "武陵仙君"
    },
    {
      "voice": [
        {
          "text": "百厄除尽，万象更新！",
          "link": "//game.gtimg.cn/images/yxzj/zlkdatasys/audios/audio/20220415/16499852381170.mp3"
        },
        {
          "text": "时雨降世，泽被百川！",
          "link": "//game.gtimg.cn/images/yxzj/zlkdatasys/audios/audio/20220415/16499852505378.mp3"
        },
        {
          "text": "甘霖滂沱！",
          "link": "//game.gtimg.cn/images/yxzj/zlkdatasys/audios/audio/20220415/16499852621167.mp3"
        },
        {
          "text": "计算每一滴雨落下的轨迹~",
          "link": "//game.gtimg.cn/images/yxzj/zlkdatasys/audios/audio/20220412/16497724516247.mp3"
        },
        {
          "text": "好雨知时节~",
          "link": "//game.gtimg.cn/images/yxzj/zlkdatasys/audios/audio/20220412/16497724664250.mp3"
        },
        {
          "text": "听我的，今日出行记得带伞~",
          "link": "//game.gtimg.cn/images/yxzj/zlkdatasys/audios/audio/20220412/16497724824866.mp3"
        },
        {
          "text": "涓涓细雨，终汇为浩浩长波！",
          "link": "//game.gtimg.cn/images/yxzj/zlkdatasys/audios/audio/20220412/16497724996277.mp3"
        },
        {
          "text": "及时一日雨，终岁饱丰穰",
          "link": "//game.gtimg.cn/images/yxzj/zlkdatasys/audios/audio/20220412/16497725149173.mp3"
        },
        {
          "text": "础润知雨，方可先上苍一步！",
          "link": "//game.gtimg.cn/images/yxzj/zlkdatasys/audios/audio/20220412/16497725298604.mp3"
        },
        {
          "text": "来见证凡人的神话！",
          "link": "//game.gtimg.cn/images/yxzj/zlkdatasys/audios/audio/20220412/16497725426767.mp3"
        },
        {
          "text": "妖火湮灭……",
          "link": "//game.gtimg.cn/images/yxzj/zlkdatasys/audios/audio/20220412/16497725766690.wav"
        },
        {
          "text": "化雨！",
          "link": "//game.gtimg.cn/images/yxzj/zlkdatasys/audios/audio/20220412/16497726519103.wav"
        },
        {
          "text": "雨阵！",
          "link": "//game.gtimg.cn/images/yxzj/zlkdatasys/audios/audio/20220412/16497726664196.wav"
        },
        {
          "text": "穿林打叶！",
          "link": "//game.gtimg.cn/images/yxzj/zlkdatasys/audios/audio/20220412/16497726862526.wav"
        },
        {
          "text": "山雨欲来！",
          "link": "//game.gtimg.cn/images/yxzj/zlkdatasys/audios/audio/20220412/16497727038463.wav"
        },
        {
          "text": "天河赐福！",
          "link": "//game.gtimg.cn/images/yxzj/zlkdatasys/audios/audio/20220412/16497727186983.wav"
        },
        {
          "text": "龙润之祥！",
          "link": "//game.gtimg.cn/images/yxzj/zlkdatasys/audios/audio/20220412/16497727804745.wav"
        },
        {
          "text": "八方疾雨来！",
          "link": "//game.gtimg.cn/images/yxzj/zlkdatasys/audios/audio/20220412/16497728172746.wav"
        },
        {
          "text": "镇收邪祟，荡尽魑魅！",
          "link": "//game.gtimg.cn/images/yxzj/zlkdatasys/audios/audio/20220412/16497728612207.mp3"
        },
        {
          "text": "瑞象在此，灾祸退散！",
          "link": "//game.gtimg.cn/images/yxzj/zlkdatasys/audios/audio/20220412/16497728759430.mp3"
        },
        {
          "text": "未雨绸缪，无用之举~",
          "link": "//game.gtimg.cn/images/yxzj/zlkdatasys/audios/audio/20220412/16497729252689.wav"
        },
        {
          "text": "道是无晴却有晴~",
          "link": "//game.gtimg.cn/images/yxzj/zlkdatasys/audios/audio/20220412/16497729891799.mp3"
        },
        {
          "text": "兴云布阵！",
          "link": "//game.gtimg.cn/images/yxzj/zlkdatasys/audios/audio/20220412/16497730785839.mp3"
        },
        {
          "text": "青冥浩荡，怎能吝惜甘霖！",
          "link": "//game.gtimg.cn/images/yxzj/zlkdatasys/audios/audio/20220412/16497731028398.mp3"
        },
        {
          "text": "细雨需伴春风，良辰得轻摇扇",
          "link": "//game.gtimg.cn/images/yxzj/zlkdatasys/audios/audio/20220412/16497731266589.wav"
        },
        {
          "text": "有时也会怀恋云上的日子~",
          "link": "//game.gtimg.cn/images/yxzj/zlkdatasys/audios/audio/20220412/16497731531582.wav"
        },
        {
          "text": "唤雨的正确姿势~",
          "link": "//game.gtimg.cn/images/yxzj/zlkdatasys/audios/audio/20220412/16497731845515.mp3"
        },
        {
          "text": "我不要 再看见荒芜的大地",
          "link": "//game.gtimg.cn/images/yxzj/zlkdatasys/audios/audio/20220412/16497732113767.mp3"
        },
        {
          "text": "既定的雨量，一毫不能多，一厘不能少~",
          "link": "//game.gtimg.cn/images/yxzj/zlkdatasys/audios/audio/20220412/16497732331545.mp3"
        },
        {
          "text": "此处，是万物新生的天地！",
          "link": "//game.gtimg.cn/images/yxzj/zlkdatasys/audios/audio/20220412/16497732632062.mp3"
        },
        {
          "text": "最好的东西，总能来对时候~",
          "link": "//game.gtimg.cn/images/yxzj/zlkdatasys/audios/audio/20220412/16497732963731.mp3"
        },
        {
          "text": "苍天朗朗，草木葱葱",
          "link": "//game.gtimg.cn/images/yxzj/zlkdatasys/audios/audio/20220412/16497733157689.mp3"
        },
        {
          "text": "或许，你需要我们的助力~",
          "link": "//game.gtimg.cn/images/yxzj/zlkdatasys/audios/audio/20220428/16511327551287.mp3"
        },
        {
          "text": "何必分你我，天下本一源",
          "link": "//game.gtimg.cn/images/yxzj/zlkdatasys/audios/audio/20220428/16511334814748.mp3"
        }
      ],
      "name": "时雨天司"
    },
    {
      "voice": [
        {
          "text": "过去，宇宙的秘密由历史、神话和魔法构成……为了解答它的迷题，我们建立观测之塔。",
          "link": "//game.gtimg.cn/images/yxzj/zlkdatasys/audios/audio/20220415/16499852937693.mp3"
        },
        {
          "text": "人类灵魂最璀璨的部分，在对无限未知的探求中……去无尽时空，将现世重建。",
          "link": "//game.gtimg.cn/images/yxzj/zlkdatasys/audios/audio/20220415/16499853115707.mp3"
        },
        {
          "text": "星群降临之前，也许有一个答案能够改变过去或未来。",
          "link": "//game.gtimg.cn/images/yxzj/zlkdatasys/audios/audio/20220415/16499853302012.mp3"
        },
        {
          "text": "第260天，观测塔发现未知星体。",
          "link": "//game.gtimg.cn/images/yxzj/zlkdatasys/audios/audio/20220413/16498353747849.wav"
        },
        {
          "text": "已知是有限的，未知才是无限的。",
          "link": "//game.gtimg.cn/images/yxzj/zlkdatasys/audios/audio/20220413/16498357953998.wav"
        },
        {
          "text": "我并不擅长写诗，最浪漫的语言都写在宇宙魔法里。",
          "link": "//game.gtimg.cn/images/yxzj/zlkdatasys/audios/audio/20220413/16498358714953.wav"
        },
        {
          "text": "黑魔法过时了，现在是科技魔法时代。",
          "link": "//game.gtimg.cn/images/yxzj/zlkdatasys/audios/audio/20220413/16498358855527.wav"
        },
        {
          "text": "宇宙引领我们，向高处看。",
          "link": "//game.gtimg.cn/images/yxzj/zlkdatasys/audios/audio/20220413/16498359021241.wav"
        },
        {
          "text": "能够丈量宇宙的人，身没尘土，魂归天穹。",
          "link": "//game.gtimg.cn/images/yxzj/zlkdatasys/audios/audio/20220413/16498359177460.wav"
        },
        {
          "text": "又做噩梦了……我的研究手稿去哪了？",
          "link": "//game.gtimg.cn/images/yxzj/zlkdatasys/audios/audio/20220413/16498359933987.wav"
        },
        {
          "text": "带我去，我存在的世界！",
          "link": "//game.gtimg.cn/images/yxzj/zlkdatasys/audios/audio/20220413/16498360132745.wav"
        },
        {
          "text": "4，7，10，16……之后的数字是？",
          "link": "//game.gtimg.cn/images/yxzj/zlkdatasys/audios/audio/20220413/16498370758099.wav"
        },
        {
          "text": "第365天观测显示，星体相撞的可能性极大。",
          "link": "//game.gtimg.cn/images/yxzj/zlkdatasys/audios/audio/20220413/16498370969904.wav"
        },
        {
          "text": "时空镜向我展示诸世界的变迁。",
          "link": "//game.gtimg.cn/images/yxzj/zlkdatasys/audios/audio/20220413/16498371189758.wav"
        },
        {
          "text": "有人在由神所创的宇宙里，争论中心位置的星体……",
          "link": "//game.gtimg.cn/images/yxzj/zlkdatasys/audios/audio/20220413/16498371346431.wav"
        },
        {
          "text": "有人在形似盾牌的时空，谈论众神之父和万物的源起……",
          "link": "//game.gtimg.cn/images/yxzj/zlkdatasys/audios/audio/20220413/16498371506616.wav"
        },
        {
          "text": "有的世界，人们自苍穹之上的船舶，驶达彼岸……",
          "link": "//game.gtimg.cn/images/yxzj/zlkdatasys/audios/audio/20220413/16498371667160.wav"
        },
        {
          "text": "有的世界被痛苦包拢，只能靠抛弃过去向前走。",
          "link": "//game.gtimg.cn/images/yxzj/zlkdatasys/audios/audio/20220413/16498371824757.wav"
        },
        {
          "text": "我睡着了吗？研究手稿可还没完成……",
          "link": "//game.gtimg.cn/images/yxzj/zlkdatasys/audios/audio/20220413/16498372101377.wav"
        },
        {
          "text": "回到正确的时间！",
          "link": "//game.gtimg.cn/images/yxzj/zlkdatasys/audios/audio/20220413/16498372427277.wav"
        },
        {
          "text": "嗯？不是走神……很多伟大的想法，都来自于沉思的瞬间。",
          "link": "//game.gtimg.cn/images/yxzj/zlkdatasys/audios/audio/20220413/16498372619407.wav"
        },
        {
          "text": "第584天……找到通往未知的路。",
          "link": "//game.gtimg.cn/images/yxzj/zlkdatasys/audios/audio/20220413/16498374124166.wav"
        },
        {
          "text": "有人给我讲了一个关于井底观星师的故事。",
          "link": "//game.gtimg.cn/images/yxzj/zlkdatasys/audios/audio/20220413/16498374292098.wav"
        },
        {
          "text": "他们说，过分的执着会带来毁灭。",
          "link": "//game.gtimg.cn/images/yxzj/zlkdatasys/audios/audio/20220413/16498374544665.wav"
        },
        {
          "text": "……也许创造与毁灭，本就在构成更大的循环。",
          "link": "//game.gtimg.cn/images/yxzj/zlkdatasys/audios/audio/20220413/16498374757518.wav"
        },
        {
          "text": "生命自身就是种循环。",
          "link": "//game.gtimg.cn/images/yxzj/zlkdatasys/audios/audio/20220413/16498374943958.wav"
        },
        {
          "text": "就算真的存在，某种要将我们毁掉的规则，终极智慧会引我去打破。",
          "link": "//game.gtimg.cn/images/yxzj/zlkdatasys/audios/audio/20220413/16498375361907.wav"
        },
        {
          "text": "我是不是忘记了，一些重要的事……",
          "link": "//game.gtimg.cn/images/yxzj/zlkdatasys/audios/audio/20220413/16498375573523.wav"
        },
        {
          "text": "研究手稿损毁，真的还有“可能”吗……",
          "link": "//game.gtimg.cn/images/yxzj/zlkdatasys/audios/audio/20220413/16498375808587.wav"
        },
        {
          "text": "你有没有想过，天空是从哪里开始的？",
          "link": "//game.gtimg.cn/images/yxzj/zlkdatasys/audios/audio/20220413/16498375971371.wav"
        },
        {
          "text": "和这个世界说再见吧～",
          "link": "//game.gtimg.cn/images/yxzj/zlkdatasys/audios/audio/20220413/16498376185382.wav"
        },
        {
          "text": "无知真是无所不在。",
          "link": "//game.gtimg.cn/images/yxzj/zlkdatasys/audios/audio/20220413/16498376393324.wav"
        },
        {
          "text": "一览寰宇！",
          "link": "//game.gtimg.cn/images/yxzj/zlkdatasys/audios/audio/20220413/16498376745615.wav"
        },
        {
          "text": "去观察，去触碰！",
          "link": "//game.gtimg.cn/images/yxzj/zlkdatasys/audios/audio/20220413/16498377009348.wav"
        },
        {
          "text": "溯洄时间！",
          "link": "//game.gtimg.cn/images/yxzj/zlkdatasys/audios/audio/20220413/16498377153557.wav"
        },
        {
          "text": "超越永恒！",
          "link": "//game.gtimg.cn/images/yxzj/zlkdatasys/audios/audio/20220413/16498379532586.wav"
        },
        {
          "text": "识过去，见未来。",
          "link": "//game.gtimg.cn/images/yxzj/zlkdatasys/audios/audio/20220413/16498379707348.wav"
        },
        {
          "text": "引力奇点！",
          "link": "//game.gtimg.cn/images/yxzj/zlkdatasys/audios/audio/20220413/16498379883804.wav"
        },
        {
          "text": "魔法变量～",
          "link": "//game.gtimg.cn/images/yxzj/zlkdatasys/audios/audio/20220413/16498380096365.wav"
        },
        {
          "text": "在“过去”和“未来”中，没有一个飞跃是会停止的。",
          "link": "//game.gtimg.cn/images/yxzj/zlkdatasys/audios/audio/20220413/16498380279343.wav"
        },
        {
          "text": "我总能回到正确的起点，不是吗？",
          "link": "//game.gtimg.cn/images/yxzj/zlkdatasys/audios/audio/20220413/16498380503687.wav"
        },
        {
          "text": "有的世界，人们不再彼此相信和承诺。",
          "link": "//game.gtimg.cn/images/yxzj/zlkdatasys/audios/audio/20220413/16498380867712.wav"
        },
        {
          "text": "有的世界，人们苦于没有船只去探索苍穹上的大海。",
          "link": "//game.gtimg.cn/images/yxzj/zlkdatasys/audios/audio/20220413/16498381066384.wav"
        },
        {
          "text": "向真理致敬。",
          "link": "//game.gtimg.cn/images/yxzj/zlkdatasys/audios/audio/20220413/16498381219726.wav"
        },
        {
          "text": "要一起时空旅行吗？上来吧！",
          "link": "//game.gtimg.cn/images/yxzj/zlkdatasys/audios/audio/20220413/16498381399281.wav"
        },
        {
          "text": "有人教会了我这支舞，也是我唯一会跳的舞。",
          "link": "//game.gtimg.cn/images/yxzj/zlkdatasys/audios/audio/20220413/16498381583564.wav"
        },
        {
          "text": "有的世界被未知的力量崩裂成碎片……",
          "link": "//game.gtimg.cn/images/yxzj/zlkdatasys/audios/audio/20220413/16498381761557.wav"
        },
        {
          "text": "有的世界，人们只愿意相信谎言。",
          "link": "//game.gtimg.cn/images/yxzj/zlkdatasys/audios/audio/20220413/16498381933665.wav"
        },
        {
          "text": "75年或者76年，星体将在他推演的时间再次出现。",
          "link": "//game.gtimg.cn/images/yxzj/zlkdatasys/audios/audio/20220413/16498382096460.wav"
        },
        {
          "text": "你让我看到了一种可能。",
          "link": "//game.gtimg.cn/images/yxzj/zlkdatasys/audios/audio/20220413/16498382259438.wav"
        },
        {
          "text": "让你看到这样的我……也代表认可。",
          "link": "//game.gtimg.cn/images/yxzj/zlkdatasys/audios/audio/20220413/16498382446106.wav"
        }
      ],
      "name": "星域神启"
    },
    {
      "voice": [
        {
          "text": "万古仙道无人尽，一剑踏星三界名",
          "link": "//game.gtimg.cn/images/yxzj/zlkdatasys/audios/audio/20230615/16868116827166.mp3"
        },
        {
          "text": "昆仑千百丈，晴空一鹤飞",
          "link": "//game.gtimg.cn/images/yxzj/zlkdatasys/audios/audio/20230615/16868117152801.mp3"
        },
        {
          "text": "观星图浮生之变，开凝气化剑之道",
          "link": "//game.gtimg.cn/images/yxzj/zlkdatasys/audios/audio/20230615/16868117475913.mp3"
        },
        {
          "text": "天枢立阁逾千载，偶有锁事扰清修",
          "link": "//game.gtimg.cn/images/yxzj/zlkdatasys/audios/audio/20230615/16868092373742.mp3"
        },
        {
          "text": "天地生而不均，各为其道",
          "link": "//game.gtimg.cn/images/yxzj/zlkdatasys/audios/audio/20230615/16868092688685.mp3"
        },
        {
          "text": "灵界纷乱已止，星图浩劫将至",
          "link": "//game.gtimg.cn/images/yxzj/zlkdatasys/audios/audio/20230615/16868092951769.mp3"
        },
        {
          "text": "灵源之争，为生亦为利",
          "link": "//game.gtimg.cn/images/yxzj/zlkdatasys/audios/audio/20230615/16868093223583.mp3"
        },
        {
          "text": "两族百年之争，妖主身殒其中",
          "link": "//game.gtimg.cn/images/yxzj/zlkdatasys/audios/audio/20230615/16868093532980.mp3"
        },
        {
          "text": "为道之无涯，而求无涯之道",
          "link": "//game.gtimg.cn/images/yxzj/zlkdatasys/audios/audio/20230615/16868093862832.mp3"
        },
        {
          "text": "尘寰万千，大道至简",
          "link": "//game.gtimg.cn/images/yxzj/zlkdatasys/audios/audio/20230615/16868094274512.mp3"
        },
        {
          "text": "引星图之力，结万剑之阵",
          "link": "//game.gtimg.cn/images/yxzj/zlkdatasys/audios/audio/20230615/16868094608658.mp3"
        },
        {
          "text": "天枢观星地，俯仰间百年已去",
          "link": "//game.gtimg.cn/images/yxzj/zlkdatasys/audios/audio/20230615/16868094923089.mp3"
        },
        {
          "text": "天道又如何？可预，自可逆",
          "link": "//game.gtimg.cn/images/yxzj/zlkdatasys/audios/audio/20230615/16868095189129.mp3"
        },
        {
          "text": "重头修炼而已",
          "link": "//game.gtimg.cn/images/yxzj/zlkdatasys/audios/audio/20230615/16868133496368.mp3"
        },
        {
          "text": "此次闭关不会太久...",
          "link": "//game.gtimg.cn/images/yxzj/zlkdatasys/audios/audio/20230615/16868133762423.mp3"
        },
        {
          "text": "资质愚钝更当勤加修炼",
          "link": "//game.gtimg.cn/images/yxzj/zlkdatasys/audios/audio/20230615/16868134175210.mp3"
        },
        {
          "text": "你的道，早已被心绪所扰",
          "link": "//game.gtimg.cn/images/yxzj/zlkdatasys/audios/audio/20230615/16868134429617.mp3"
        },
        {
          "text": "修仙之途，并不适合所有人",
          "link": "//game.gtimg.cn/images/yxzj/zlkdatasys/audios/audio/20230615/16868134685249.mp3"
        },
        {
          "text": "开阳幻虚剑！",
          "link": "//game.gtimg.cn/images/yxzj/zlkdatasys/audios/audio/20230615/16868135198032.mp3"
        },
        {
          "text": "天枢剑法！",
          "link": "//game.gtimg.cn/images/yxzj/zlkdatasys/audios/audio/20230615/16868135372919.mp3"
        },
        {
          "text": "化星衍剑！",
          "link": "//game.gtimg.cn/images/yxzj/zlkdatasys/audios/audio/20230615/16868135562004.mp3"
        },
        {
          "text": "星剑合一！",
          "link": "//game.gtimg.cn/images/yxzj/zlkdatasys/audios/audio/20230615/16868135742291.mp3"
        },
        {
          "text": "斩妖诛邪！",
          "link": "//game.gtimg.cn/images/yxzj/zlkdatasys/audios/audio/20230615/16868135954498.mp3"
        },
        {
          "text": "除魔破阵！",
          "link": "//game.gtimg.cn/images/yxzj/zlkdatasys/audios/audio/20230615/16868136162943.mp3"
        },
        {
          "text": "凭星寻向，以剑问道！",
          "link": "//game.gtimg.cn/images/yxzj/zlkdatasys/audios/audio/20230615/16868138542203.mp3"
        },
        {
          "text": "天枢阁岂容尔等放肆！",
          "link": "//game.gtimg.cn/images/yxzj/zlkdatasys/audios/audio/20230615/16868139425716.mp3"
        },
        {
          "text": "修道之路向来孤清",
          "link": "//game.gtimg.cn/images/yxzj/zlkdatasys/audios/audio/20230615/16868139648716.mp3"
        },
        {
          "text": "召剑归来！",
          "link": "//game.gtimg.cn/images/yxzj/zlkdatasys/audios/audio/20230615/16868139871156.mp3"
        },
        {
          "text": "三界御剑第一尊，不过虚名尔",
          "link": "//game.gtimg.cn/images/yxzj/zlkdatasys/audios/audio/20230615/16868140095016.mp3"
        },
        {
          "text": "这是修炼，不是跳舞！",
          "link": "//game.gtimg.cn/images/yxzj/zlkdatasys/audios/audio/20230615/16868140335945.mp3"
        },
        {
          "text": "三界不可再乱！",
          "link": "//game.gtimg.cn/images/yxzj/zlkdatasys/audios/audio/20230704/16884586719629.mp3"
        },
        {
          "text": "阁中有事，他日再饮",
          "link": "//game.gtimg.cn/images/yxzj/zlkdatasys/audios/audio/20230615/16868142442859.mp3"
        },
        {
          "text": "一剑一盏茶，半月半天星",
          "link": "//game.gtimg.cn/images/yxzj/zlkdatasys/audios/audio/20230615/16868142679237.mp3"
        },
        {
          "text": "仙途清兮，道心净兮~",
          "link": "//game.gtimg.cn/images/yxzj/zlkdatasys/audios/audio/20230615/16868142921763.mp3"
        },
        {
          "text": "大道三千！荣枯不息！",
          "link": "//game.gtimg.cn/images/yxzj/zlkdatasys/audios/audio/20230615/16868143176366.mp3"
        },
        {
          "text": "揽星听剑语，倚栏待鹤归",
          "link": "//game.gtimg.cn/images/yxzj/zlkdatasys/audios/audio/20230615/16868143409651.mp3"
        }
      ],
      "name": "鹤羽星尊"
    }
  ]
}